scenario,request_source,station_id,station_name,latitude,longitude,seeds,requests_mean,failures_avoided_mean,failures_avoided_median,failures_avoided_p10,failures_avoided_p90,worsening_seeds,worsening_probability,improving_seeds,improving_probability,tied_seeds,p0_service_rate_mean,p2r_service_rate_mean,observed_baseline_failures_avoided,observed_baseline_worsened,new_worsening_under_latent,stability_class
low,observed,2301,현대고등학교 건너편,37.52407074,127.02178955,50,68,1.18,1.0,0,2,0,0.0,42,0.84,8,0.982647,1.0,0,false,false,never_worsened
low,observed,2302,교보타워 버스정류장(신논현역 3번출구 후면),37.5055809,127.02427673,50,130,-0.42,0.0,-2,0,16,0.32,0,0.0,34,1.0,0.996769,0,false,true,intermittent_worsened
low,observed,2303,논현역 10번출구,37.51137161,127.02146149,50,146,27.08,27.0,24,30,0,0.0,50,1.0,0,0.769315,0.954794,23,false,false,never_worsened
low,observed,2304,대현그린타워,37.5116272,127.03565216,50,67,40.76,41.0,38,43,0,0.0,50,1.0,0,0.240597,0.848955,44,false,false,never_worsened
low,observed,2305,MCM 본사 직영점 앞,37.52064133,127.03450775,50,39,-2.64,-3.0,-4,-1,50,1.0,0,0.0,0,1.0,0.932308,-4,true,false,persistent_worsened
low,observed,2306,압구정역 2번 출구 옆,37.5271225,127.02871704,50,231,26.94,27.0,23,30,0,0.0,50,1.0,0,0.870823,0.987446,23,false,false,never_worsened
low,observed,2307,압구정 한양 3차 아파트,37.52838135,127.03901672,50,125,17.26,17.0,15,20,0,0.0,50,1.0,0,0.8288,0.96688,18,false,false,never_worsened
low,observed,2308,압구정파출소 앞,37.52930069,127.03559875,50,120,-1.4,-1.0,-4,0,31,0.62,0,0.0,19,1.0,0.988333,-1,true,false,intermittent_worsened
low,observed,2309,청담역(우리들병원 앞),37.51890182,127.04938507,50,50,20.04,20.0,19,21,0,0.0,50,1.0,0,0.5596,0.9604,21,false,false,never_worsened
low,observed,2310,청담동 맥도날드 옆(위치),37.52361298,127.04017639,50,49,4.68,5.0,4,5,0,0.0,50,1.0,0,0.90449,1.0,5,false,false,never_worsened
low,observed,2311,학동로 래미안 아파트 앞,37.51777267,127.04302216,50,43,19.24,19.0,18,20,0,0.0,50,1.0,0,0.510233,0.957674,19,false,false,never_worsened
low,observed,2312,청담역 13번 출구 앞,37.52058029,127.05632782,50,67,15.18,15.0,14,16,0,0.0,50,1.0,0,0.760298,0.986866,15,false,false,never_worsened
low,observed,2313,금원빌딩 앞,37.52505493,127.05252838,50,62,-0.06,0.0,0,0,3,0.06,0,0.0,47,1.0,0.999032,0,false,true,intermittent_worsened
low,observed,2315,봉은사역 5번출구 옆,37.51424789,127.06111908,50,109,0.0,0.0,0,0,0,0.0,0,0.0,50,1.0,1.0,0,false,false,never_worsened
low,observed,2317,삼성도로공원,37.51588821,127.06620026,50,93,0.0,0.0,0,0,0,0.0,0,0.0,50,1.0,1.0,0,false,false,never_worsened
low,observed,2318,삼성중앙역4번출구(문화센터더 리빌),37.51357651,127.05503082,50,15,0.98,1.0,1,1,0,0.0,49,0.98,1,0.933333,0.998667,1,false,false,never_worsened
low,observed,2319,포스코사거리 서측(수협 삼성동 지점),37.50660706,127.05467987,50,108,7.62,8.0,6,9,0,0.0,50,1.0,0,0.925,0.995556,7,false,false,never_worsened
low,observed,2320,도곡역 대치지구대 방향,37.49191284,127.05709076,50,87,0.0,0.0,0,0,0,0.0,0,0.0,50,1.0,1.0,0,false,false,never_worsened
low,observed,2321,학여울역 사거리,37.49611664,127.06944275,50,34,-0.24,0.0,-1,0,12,0.24,0,0.0,38,1.0,0.992941,0,false,true,intermittent_worsened
low,observed,2324,천주교 대치 2동 교회 옆,37.50043869,127.06622314,50,126,-0.02,0.0,0,0,1,0.02,0,0.0,49,1.0,0.999841,0,false,true,intermittent_worsened
low,observed,2325,대치삼성아파트 앞 교차로,37.4986496,127.05931854,50,97,7.34,7.0,6,9,0,0.0,50,1.0,0,0.920206,0.995876,6,false,false,never_worsened
low,observed,2326,대치동 삼성로,37.50239563,127.05879974,50,50,13.7,14.0,11,16,0,0.0,50,1.0,0,0.5704,0.8444,14,false,false,never_worsened
low,observed,2327,뱅뱅사거리 랜드마크타워 앞,37.49055099,127.03146362,50,140,-1.5,-1.0,-4,0,31,0.62,0,0.0,19,1.0,0.989286,0,false,true,intermittent_worsened
low,observed,2328,르네상스 호텔 사거리 역삼지하보도 7번출구 앞,37.50321198,127.04273224,50,109,17.28,17.0,13,20,0,0.0,50,1.0,0,0.729174,0.887706,19,false,false,never_worsened
low,observed,2329,르네상스호텔사거리 역삼지하보도 2번출구,37.50235748,127.04319,50,38,4.72,5.0,3,6,0,0.0,50,1.0,0,0.865789,0.99,5,false,false,never_worsened
low,observed,2330,역삼월드메르디앙아파트 앞,37.49219894,127.03945923,50,69,1.44,1.0,0,3,0,0.0,40,0.8,10,0.978261,0.99913,0,false,false,never_worsened
low,observed,2331,동영문화센터앞,37.49805069,127.04460144,50,96,17.0,16.5,13,21,0,0.0,50,1.0,0,0.754792,0.931875,16,false,false,never_worsened
low,observed,2332,선릉역3번출구,37.50410461,127.04903412,50,227,38.08,38.0,35,40,0,0.0,50,1.0,0,0.814449,0.982203,40,false,false,never_worsened
low,observed,2333,양재역 3번출구 주변,37.48515701,127.03407288,50,172,42.92,43.0,35,49,0,0.0,50,1.0,0,0.520582,0.770116,45,false,false,never_worsened
low,observed,2335,3호선 매봉역 3번출구앞,37.48676682,127.04676056,50,302,0.0,0.0,0,0,0,0.0,0,0.0,50,1.0,1.0,0,false,false,never_worsened
low,observed,2336,강남세브란스교차로 래미안그레이튼 104동 앞,37.49423599,127.04746246,50,98,1.12,1.0,-1,3,9,0.18,33,0.66,8,0.959592,0.971021,2,false,true,intermittent_worsened
low,observed,2337,대모산입구역 2번출구 앞,37.49207687,127.07197571,50,62,0.0,0.0,0,0,0,0.0,0,0.0,50,1.0,1.0,0,false,false,never_worsened
low,observed,2339,현대아파트 정문 앞,37.48326111,127.0522995,50,76,1.58,2.0,1,2,0,0.0,50,1.0,0,0.97421,0.995,1,false,false,never_worsened
low,observed,2340,삼호물산버스정류장(23370) 옆,37.47750854,127.04517365,50,313,0.0,0.0,0,0,0,0.0,0,0.0,50,1.0,1.0,0,false,false,never_worsened
low,observed,2341,일원역 4~5번 출구 사이,37.4833107,127.08493805,50,80,29.16,29.0,27,31,0,0.0,50,1.0,0,0.55425,0.91875,33,false,false,never_worsened
low,observed,2342,대청역 1번출구 뒤,37.49390793,127.07962036,50,171,9.14,9.0,6,11,0,0.0,50,1.0,0,0.926667,0.980117,9,false,false,never_worsened
low,observed,2344,리엔파크 2단지 앞,37.46506119,127.10119629,50,62,0.0,0.0,0,0,0,0.0,0,0.0,50,1.0,1.0,0,false,false,never_worsened
low,observed,2347,두산건설 본사,37.51863861,127.03540039,50,65,27.4,28.0,23,31,0,0.0,50,1.0,0,0.328616,0.750154,28,false,false,never_worsened
low,observed,2348,포스코사거리(기업은행),37.50723267,127.05685425,50,362,27.28,27.0,16,37,0,0.0,50,1.0,0,0.764696,0.840055,52,false,false,never_worsened
low,observed,2349,역삼빌딩 앞(하나은행 옆),37.50154495,127.03856659,50,46,15.42,15.0,13,18,0,0.0,50,1.0,0,0.529565,0.864783,16,false,false,never_worsened
low,observed,2350,래미안그레이튼102동앞,37.49482346,127.04790497,50,38,0.0,0.0,0,0,0,0.0,0,0.0,50,1.0,1.0,0,false,false,never_worsened
low,observed,2351,청소년수련관(수영장)앞,37.48387909,127.0890274,50,46,7.86,8.0,6,9,0,0.0,50,1.0,0,0.798261,0.969131,7,false,false,never_worsened
low,observed,2352,서울본부세관(건설회관 앞),37.51758957,127.03502655,50,81,24.2,24.5,20,28,0,0.0,50,1.0,0,0.371852,0.670617,28,false,false,never_worsened
low,observed,2353,강남구청역 2번출구 뒤,37.51681137,127.04047394,50,140,51.18,51.0,45,58,0,0.0,50,1.0,0,0.370286,0.735857,47,false,false,never_worsened
low,observed,2354,청담역 2번출구,37.51978683,127.0567627,50,33,14.14,15.0,9,18,0,0.0,50,1.0,0,0.36606,0.794546,19,false,false,never_worsened
low,observed,2356,강남구청,37.51807022,127.04711914,50,77,23.86,24.0,19,28,0,0.0,50,1.0,0,0.533767,0.843637,28,false,false,never_worsened
low,observed,2357,르네상스호텔사거리 역삼지하보도 3번출구 앞 (더 오번 빌딩 명동칼국수 앞),37.50166321,127.04297638,50,73,13.48,14.0,10,16,0,0.0,50,1.0,0,0.723562,0.908219,17,false,false,never_worsened
low,observed,2358,구룡초사거리 (현대아파트10동 앞 ),37.48138428,127.05391693,50,77,6.08,6.0,4,8,0,0.0,50,1.0,0,0.878961,0.957922,9,false,false,never_worsened
low,observed,2359,"국립국악중,고교 정문 맞은편",37.47560501,127.05037689,50,176,-0.3,0.0,-1,0,7,0.14,0,0.0,43,1.0,0.998295,0,false,true,intermittent_worsened
low,observed,2360,도곡1동 주민센터 교차로,37.4928093,127.04138947,50,125,2.58,3.0,0,5,4,0.08,42,0.84,4,0.93936,0.96,3,false,true,intermittent_worsened
low,observed,2362,신사동 가로수길 입구,37.51763535,127.02245331,50,78,-0.3,0.0,-1,0,13,0.26,0,0.0,37,1.0,0.996154,0,false,true,intermittent_worsened
low,observed,2363,강남 을지병원 교차로,37.51913834,127.02751923,50,44,-0.22,0.0,-1,0,11,0.22,0,0.0,39,1.0,0.995,0,false,true,intermittent_worsened
low,observed,2364,도산공원교차로,37.52124023,127.0318985,50,59,0.0,0.0,0,0,0,0.0,0,0.0,50,1.0,1.0,0,false,false,never_worsened
low,observed,2365,K+ 타워 앞,37.52330017,127.03847504,50,84,-0.86,-1.0,-2,0,26,0.52,0,0.0,24,1.0,0.989762,-1,true,false,intermittent_worsened
low,observed,2368,도곡동 경남아파트 건너편,37.48934174,127.04129791,50,67,12.36,13.0,8,16,0,0.0,50,1.0,0,0.592836,0.777313,23,false,false,never_worsened
low,observed,2369,KT선릉타워,37.50542831,127.0528717,50,155,14.94,15.0,11,17,0,0.0,50,1.0,0,0.876774,0.973161,16,false,false,never_worsened
low,observed,2370,한티역 3번출구,37.49655151,127.0542984,50,47,0.0,0.0,0,0,0,0.0,0,0.0,50,1.0,1.0,0,false,false,never_worsened
low,observed,2371,한국우편사업진흥원,37.51474762,127.03513336,50,59,29.0,29.0,25,33,0,0.0,50,1.0,0,0.309492,0.801017,36,false,false,never_worsened
low,observed,2372,대치역 사거리,37.49449921,127.063797,50,112,0.0,0.0,0,0,0,0.0,0,0.0,50,1.0,1.0,0,false,false,never_worsened
low,observed,2373,개포동역 사거리,37.48927689,127.06557465,50,57,5.16,5.0,4,6,0,0.0,50,1.0,0,0.898597,0.989123,5,false,false,never_worsened
low,observed,2375,수서역 1번출구 앞,37.48735046,127.10099792,50,169,0.0,0.0,0,0,0,0.0,0,0.0,50,1.0,1.0,0,false,false,never_worsened
low,observed,2376,수서역 6번출구 앞,37.48677826,127.10051727,50,179,0.0,0.0,0,0,0,0.0,0,0.0,50,1.0,1.0,0,false,false,never_worsened
low,observed,2377,수서역 5번출구,37.48735046,127.10232544,50,414,0.0,0.0,0,0,0,0.0,0,0.0,50,1.0,1.0,0,false,false,never_worsened
low,observed,2380,삼성동베이직하우스앞,37.51169586,127.04934692,50,54,11.72,12.0,10,13,0,0.0,50,1.0,0,0.756296,0.973333,11,false,false,never_worsened
low,observed,2381,언주역 6번출구앞,37.50780869,127.03498077,50,59,10.74,11.0,10,11,0,0.0,50,1.0,0,0.816271,0.998305,11,false,false,never_worsened
low,observed,2382,역삼동 sk뷰 501동앞,37.50122833,127.05036163,50,31,2.44,2.5,2,3,0,0.0,50,1.0,0,0.903871,0.982581,2,false,false,never_worsened
low,observed,2383,보금자리정원,37.46632767,127.09488678,50,42,0.78,0.5,-1,2,8,0.16,25,0.5,17,0.94619,0.964762,2,false,true,intermittent_worsened
low,observed,2384,자곡사거리,37.47602844,127.10594177,50,232,1.32,1.0,0,3,2,0.04,32,0.64,16,0.981897,0.987586,2,false,true,intermittent_worsened
low,observed,2385,학동역,37.51395035,127.03015137,50,95,4.26,5.0,0,7,3,0.06,43,0.86,4,0.902316,0.947158,9,false,true,intermittent_worsened
low,observed,2386,크린랩 본사,37.50958633,127.04090881,50,42,9.82,10.0,7,13,0,0.0,50,1.0,0,0.592381,0.82619,14,false,false,never_worsened
low,observed,2387,래미안강남힐즈 사거리,37.47245407,127.09607697,50,145,-3.12,-2.5,-5,-1,46,0.92,1,0.02,3,0.968276,0.946759,1,false,true,persistent_worsened
low,observed,2388,강남구 도시관리공단,37.51678467,127.05161285,50,85,16.08,16.0,13,21,0,0.0,50,1.0,0,0.404235,0.593412,29,false,false,never_worsened
low,observed,2389,경기여자고등학교 후문 (삼성로3길 입구),37.48616028,127.06723785,50,114,2.06,2.0,-1,5,8,0.16,32,0.64,10,0.955965,0.974035,3,false,true,intermittent_worsened
low,observed,2390,구룡마을 입구 (래미안블레스티지 아파트),37.48088074,127.06304169,50,140,-0.04,0.0,0,0,2,0.04,0,0.0,48,1.0,0.999714,0,false,true,intermittent_worsened
low,observed,2392,구룡산 입구 (구룡산 서울둘레길 입구),37.47447205,127.05545044,50,21,1.84,2.0,1,2,0,0.0,50,1.0,0,0.912381,1.0,2,false,false,never_worsened
low,observed,2394,개포래미안포레스트아파트 107동 앞,37.48025131,127.05419159,50,114,12.12,12.0,8,17,0,0.0,50,1.0,0,0.765614,0.87193,20,false,false,never_worsened
low,observed,2396,영동3교 북단(우성캐릭터 앞 보도),37.48574066,127.05104828,50,55,1.02,2.0,-3,3,8,0.16,35,0.7,7,0.832364,0.850909,4,false,true,intermittent_worsened
low,observed,2398,더라움,37.50811005,127.0394516,50,55,6.92,6.0,3,11,0,0.0,50,1.0,0,0.610909,0.736727,9,false,false,never_worsened
low,observed,2401,밀알학교 입구 (삼성서울병원 입구),37.48656082,127.08267212,50,44,9.64,9.5,6,13,0,0.0,50,1.0,0,0.501364,0.720455,17,false,false,never_worsened
low,observed,2403,공무원연금매점 교차로 (개포주공9단지 입구),37.48871994,127.07453918,50,125,9.94,9.5,6,16,0,0.0,50,1.0,0,0.85536,0.93488,11,false,false,never_worsened
low,observed,2404,대모산입구역 4번 출구 앞,37.49180984,127.07315826,50,195,0.0,0.0,0,0,0,0.0,0,0.0,50,1.0,1.0,0,false,false,never_worsened
low,observed,2405,청담공원앞 교차로,37.51871109,127.05084991,50,172,31.88,32.5,24,37,0,0.0,50,1.0,0,0.225814,0.411163,59,false,false,never_worsened
low,observed,2406,논현동 광명빌딩 앞,37.5175705,127.02364349,50,33,-0.18,0.0,-1,0,8,0.16,0,0.0,42,1.0,0.994545,0,false,true,intermittent_worsened
low,observed,2407,역삼서초삼성 세무서 앞 (역삼빌딩 앞,37.49847031,127.03011322,50,227,0.12,0.0,-5,6,22,0.44,23,0.46,5,0.941322,0.94185,9,false,true,intermittent_worsened
low,observed,2408,강남한양수자인아파트,37.4773407,127.11327362,50,157,0.0,0.0,0,0,0,0.0,0,0.0,50,1.0,1.0,0,false,false,never_worsened
low,observed,2409,역삼동 디오슈페리움 (우성아파트 사거리),37.49206161,127.03074646,50,139,-4.26,-4.0,-8,-2,47,0.94,0,0.0,3,1.0,0.969353,-7,true,false,persistent_worsened
low,observed,2410,포스코피앤에스타워 (역삼역 3번출구 부근),37.49959946,127.03375244,50,170,5.4,5.0,0,10,3,0.06,45,0.9,2,0.592706,0.624471,17,false,true,intermittent_worsened
low,observed,2411,세곡동 성당,37.47296906,127.11222839,50,143,1.06,0.0,0,2,0,0.0,22,0.44,28,0.941399,0.948811,0,false,false,never_worsened
low,observed,2413,도곡역 1번 출구,37.49095917,127.05498505,50,146,0.0,0.0,0,0,0,0.0,0,0.0,50,1.0,1.0,0,false,false,never_worsened
low,observed,2414,도곡역 아카데미스위트 앞,37.48897171,127.05182648,50,220,0.0,0.0,0,0,0,0.0,0,0.0,50,1.0,1.0,0,false,false,never_worsened
low,observed,2415,한티역 롯데백화점 앞,37.49667358,127.05342865,50,135,1.04,1.0,0,2,0,0.0,44,0.88,6,0.991259,0.998963,1,false,false,never_worsened
low,observed,2416,한티역 6번 출구,37.4958992,127.05219269,50,74,-4.24,-4.0,-6,-2,50,1.0,0,0.0,0,0.99973,0.942432,-6,true,false,persistent_worsened
low,observed,2417,선정릉 디캠프(D.CAMP)앞,37.50799942,127.04524994,50,35,3.96,4.0,3,4,0,0.0,50,1.0,0,0.882857,0.996,4,false,false,never_worsened
low,observed,2418,봉은사역 7번 출구,37.51393509,127.05982208,50,108,4.88,5.0,1,9,1,0.02,47,0.94,2,0.850371,0.895556,12,false,true,intermittent_worsened
low,observed,2419,"봉은사역 1,2번 출구",37.51430893,127.05970001,50,77,0.0,0.0,0,0,0,0.0,0,0.0,50,1.0,1.0,0,false,false,never_worsened
low,observed,2420,학여울역 사거리(LG베스트샵 앞),37.49689484,127.07013702,50,111,-0.9,-1.0,-2,0,28,0.56,0,0.0,22,1.0,0.991892,-6,true,false,intermittent_worsened
low,observed,2422,수서동 성당 맞은편,37.48416901,127.09484863,50,64,-4.02,-4.0,-6,-3,50,1.0,0,0.0,0,1.0,0.937187,-4,true,false,persistent_worsened
low,observed,2423,영희초교 사거리(래미안개포루체하임),37.4908371,127.08065033,50,144,-1.14,0.0,-4,0,20,0.4,0,0.0,30,1.0,0.992083,-1,true,false,intermittent_worsened
low,observed,2425,세곡동 사거리(대왕초등학교 정류장),37.46461868,127.10684967,50,44,0.0,0.0,0,0,0,0.0,0,0.0,50,1.0,1.0,0,false,false,never_worsened
low,observed,2426,강남한신휴플러스 6단지,37.46829605,127.10469818,50,82,1.44,0.0,0,5,1,0.02,23,0.46,26,0.843902,0.861463,3,false,true,intermittent_worsened
low,observed,2427,개포고등학교 정문앞,37.48485184,127.0583725,50,110,-2.4,-2.0,-6,0,40,0.8,4,0.08,6,0.991454,0.969636,-1,true,false,persistent_worsened
low,observed,2430,강남파이낸스센터앞(역삼역2번출구),37.50024414,127.03605652,50,86,8.02,9.0,2,12,0,0.0,50,1.0,0,0.70186,0.795116,15,false,false,never_worsened
low,observed,2431,대치역 7번출구,37.49411774,127.06290436,50,165,0.0,0.0,0,0,0,0.0,0,0.0,50,1.0,1.0,0,false,false,never_worsened
low,observed,3602,한국지역난방공사강남지사,37.49229431,127.09433746,50,83,-0.34,1.0,-4,1,17,0.34,27,0.54,6,0.988193,0.984096,1,false,true,intermittent_worsened
low,observed,3604,삼성중앙역 5번출구,37.51296234,127.05386353,50,93,10.14,10.0,8,13,0,0.0,50,1.0,0,0.738495,0.847527,11,false,false,never_worsened
low,observed,3606,신사동주민센터 옆,37.52422714,127.02285004,50,53,0.0,0.0,0,0,0,0.0,0,0.0,50,1.0,1.0,0,false,false,never_worsened
low,observed,3609,언주초등학교 입구,37.48536682,127.03849792,50,87,-3.08,-3.0,-4,-2,50,1.0,0,0.0,0,1.0,0.964598,-2,true,false,persistent_worsened
low,observed,3610,윗반마을 입구,37.46534729,127.1088028,50,19,1.0,1.0,0,1,0,0.0,43,0.86,7,0.947368,1.0,1,false,false,never_worsened
low,observed,3611,방죽마을 입구,37.47123337,127.10721588,50,63,0.0,0.0,0,0,0,0.0,0,0.0,50,1.0,1.0,0,false,false,never_worsened
low,observed,3614,은마아파트 입구 사거리,37.49840164,127.06093597,50,182,-0.9,-1.0,-4,2,29,0.58,12,0.24,9,0.967692,0.962747,6,false,true,intermittent_worsened
low,observed,3615,서울 논현동우체국 앞,37.51446152,127.0326004,50,58,23.2,23.0,21,26,0,0.0,50,1.0,0,0.526552,0.926552,24,false,false,never_worsened
low,observed,3616,역삼중학교 앞(체육관 방향),37.49526215,127.04950714,50,41,0.0,0.0,0,0,0,0.0,0,0.0,50,1.0,1.0,0,false,false,never_worsened
low,observed,3618,서울율현초교 삼거리,37.47364044,127.10702515,50,102,0.0,0.0,0,0,0,0.0,0,0.0,50,1.0,1.0,0,false,false,never_worsened
low,observed,3620,청담역 11번 출구,37.51925659,127.0515976,50,22,4.6,5.0,4,5,0,0.0,50,1.0,0,0.569091,0.778182,5,false,false,never_worsened
low,observed,3622,은마아파트입구 사거리(1),37.49986649,127.0605011,50,47,1.32,1.0,0,3,2,0.04,37,0.74,11,0.938723,0.966808,1,false,true,intermittent_worsened
low,observed,3623,일원에코파크 앞(개포로 방면),37.49587631,127.08650208,50,66,0.0,0.0,0,0,0,0.0,0,0.0,50,1.0,1.0,0,false,false,never_worsened
low,observed,3624,대모산입구역 7번 출구 앞,37.49017715,127.07305908,50,30,1.02,1.0,0,2,0,0.0,38,0.76,12,0.921333,0.955333,3,false,false,never_worsened
low,observed,3627,압구정나들목,37.53075027,127.04160309,50,81,4.86,5.0,3,6,0,0.0,50,1.0,0,0.931358,0.991358,3,false,false,never_worsened
low,observed,3629,청담사거리(신한오피스텔빌딩 앞),37.52416229,127.0489502,50,15,0.0,0.0,0,0,0,0.0,0,0.0,50,1.0,1.0,0,false,false,never_worsened
low,observed,3630,개포우성6차아파트 정문 앞,37.47685623,127.05536652,50,50,5.8,6.0,2,10,0,0.0,48,0.96,2,0.5976,0.7136,12,false,false,never_worsened
low,observed,3634,국악고교 앞 교차로,37.47402191,127.04844666,50,79,3.26,5.0,0,6,0,0.0,35,0.7,15,0.924557,0.965823,4,false,false,never_worsened
low,observed,3636,삼성중앙역·플래티넘아파트 정류소,37.51264191,127.05156708,50,89,20.88,20.0,16,26,0,0.0,50,1.0,0,0.471461,0.706067,30,false,false,never_worsened
low,observed,3637,세곡데이케어센터,37.46072388,127.10287476,50,31,0.0,0.0,0,0,0,0.0,0,0.0,50,1.0,1.0,0,false,false,never_worsened
low,observed,3638,신청담나들목,37.52796173,127.05162811,50,34,0.0,0.0,0,0,0,0.0,0,0.0,50,1.0,1.0,0,false,false,never_worsened
low,observed,3640,일원1동주민센터앞 사거리,37.49087906,127.08795929,50,194,-10.96,-11.0,-14,-8,50,1.0,0,0.0,0,0.979794,0.923299,-1,true,false,persistent_worsened
low,observed,3641,대청역,37.49370575,127.0799942,50,170,2.44,2.0,-1,5,5,0.1,42,0.84,3,0.967059,0.981412,3,false,true,intermittent_worsened
low,observed,3642,LH강남힐스테이트아파트,37.47081375,127.08969879,50,92,5.44,6.0,2,7,0,0.0,50,1.0,0,0.39413,0.453261,16,false,false,never_worsened
low,observed,3643,더시그넘하우스 앞,37.47267914,127.10375977,50,92,0.06,0.0,0,0,3,0.06,5,0.1,42,0.933044,0.933696,0,false,true,intermittent_worsened
low,observed,3644,상록수아파트,37.48276138,127.08042145,50,68,12.54,12.5,7,16,0,0.0,50,1.0,0,0.288824,0.473235,29,false,false,never_worsened
low,observed,3646,선정릉역 4번 출구,37.5097847,127.04277039,50,75,14.72,14.0,11,20,0,0.0,50,1.0,0,0.5736,0.769867,23,false,false,never_worsened
low,observed,3647,구룡역 1번 출구,37.48642349,127.05931854,50,100,6.66,7.0,2,10,1,0.02,49,0.98,0,0.8474,0.914,10,false,true,intermittent_worsened
low,observed,3648,구룡역 4번 출구,37.48670578,127.0605011,50,24,0.0,0.0,0,0,0,0.0,0,0.0,50,1.0,1.0,0,false,false,never_worsened
low,observed,3649,구룡역 5번 출구,37.48607635,127.05921936,50,83,1.72,2.0,-2,4,9,0.18,35,0.7,6,0.900241,0.920964,2,false,true,intermittent_worsened
low,observed,3651,개포동역 4번출구,37.48929596,127.06616974,50,149,0.0,0.0,0,0,0,0.0,0,0.0,50,1.0,1.0,0,false,false,never_worsened
low,observed,4902,구역삼세무서 교차로,37.49524307,127.03937531,50,103,-2.94,-3.0,-6,0,43,0.86,3,0.06,4,0.972233,0.943689,0,false,true,persistent_worsened
low,observed,4903,신사스퀘어,37.51916885,127.0189743,50,39,0.0,0.0,0,0,0,0.0,0,0.0,50,1.0,1.0,0,false,false,never_worsened
low,observed,4905,강남경찰서,37.50971985,127.06679535,50,219,5.72,6.0,4,8,0,0.0,50,1.0,0,0.946667,0.972785,7,false,false,never_worsened
low,observed,4906,섬유센터 앞,37.50767136,127.06017303,50,218,22.18,22.0,20,24,0,0.0,50,1.0,0,0.887248,0.988991,20,false,false,never_worsened
low,observed,4907,극동스포츠 앞,37.5257225,127.02588654,50,82,3.68,3.0,0,7,0,0.0,39,0.78,11,0.827073,0.871951,6,false,false,never_worsened
low,observed,4908,SB타워 앞,37.52210999,127.03646088,50,39,0.0,0.0,0,0,0,0.0,0,0.0,50,1.0,1.0,0,false,false,never_worsened
low,observed,4909,노보텔 앰배서더 앞,37.50570297,127.02919769,50,49,2.56,2.0,0,6,0,0.0,37,0.74,13,0.388979,0.441224,10,false,false,never_worsened
low,observed,4913,레베쌍트 빌딩 앞,37.51292038,127.056427,50,46,0.02,0.0,0,0,0,0.0,1,0.02,49,0.99913,0.999565,0,false,false,never_worsened
low,observed,4914,도심공항타워 앞,37.50999069,127.05847168,50,140,24.12,25.0,21,27,0,0.0,50,1.0,0,0.811714,0.984,24,false,false,never_worsened
low,observed,4915,영동중앙교회 버스정류장,37.49775314,127.03857422,50,28,2.42,2.0,1,4,0,0.0,48,0.96,2,0.781428,0.867857,5,false,false,never_worsened
low,observed,4916,청담역 1번출구,37.51973724,127.05767822,50,7,0.32,0.0,0,1,0,0.0,15,0.3,35,0.828572,0.874286,1,false,false,never_worsened
low,observed,4917,일원에코파크 주차장,37.49404526,127.08678436,50,166,0.0,0.0,0,0,0,0.0,0,0.0,50,1.0,1.0,0,false,false,never_worsened
low,observed,4918,매봉역 1번출구,37.48661041,127.04550934,50,83,0.0,0.0,0,0,0,0.0,0,0.0,50,1.0,1.0,0,false,false,never_worsened
low,observed,4919,학여울역사거리(은마아파트),37.49665833,127.06938171,50,29,0.06,0.0,0,0,0,0.0,3,0.06,47,0.997931,1.0,0,false,false,never_worsened
low,observed,4923,수협대치동지점,37.49861526,127.0683136,50,118,-0.2,0.0,0,0,4,0.08,0,0.0,46,1.0,0.998305,0,false,true,intermittent_worsened
low,observed,4924,논현동가구거리,37.51280975,127.02636719,50,42,1.0,1.0,1,1,0,0.0,50,1.0,0,0.97619,1.0,1,false,false,never_worsened
low,observed,4925,청담백영빌딩 앞,37.52390289,127.04660797,50,42,0.0,0.0,0,0,0,0.0,0,0.0,50,1.0,1.0,0,false,false,never_worsened
low,observed,4926,대치우성아파트 사거리,37.50099564,127.06803894,50,212,0.98,1.0,-1,3,6,0.12,26,0.52,18,0.981226,0.985849,4,false,true,intermittent_worsened
low,observed,4928,교수마을 입구,37.4818573,127.10456085,50,33,0.0,0.0,0,0,0,0.0,0,0.0,50,1.0,1.0,0,false,false,never_worsened
low,observed,4929,파스쿠찌 청담사거리점 앞,37.52464676,127.04914856,50,73,-0.1,0.0,-1,0,5,0.1,0,0.0,45,1.0,0.99863,0,false,true,intermittent_worsened
low,observed,4930,학여울역 1번 출구,37.49662018,127.07099915,50,53,0.36,0.0,0,1,0,0.0,16,0.32,34,0.869057,0.875849,5,false,false,never_worsened
low,observed,4931,디에이치퍼스티어아이파크 124동 앞,37.48131943,127.05435181,50,129,0.42,0.0,-3,4,20,0.4,21,0.42,9,0.834263,0.837519,6,false,true,intermittent_worsened
low,observed,4932,개포래미안포레스트 130동 맞은편,37.47748566,127.05743408,50,52,-2.98,-4.0,-5,0,35,0.7,4,0.08,11,0.984231,0.926923,0,false,true,intermittent_worsened
low,observed,4935,도곡삼성래미안,37.48920441,127.05106354,50,71,-5.74,-6.0,-7,-4,50,1.0,0,0.0,0,0.998873,0.918028,-3,true,false,persistent_worsened
low,observed,4936,SK텔레콤(T1) 인근,37.51263046,127.04283142,50,18,2.96,3.0,2,3,0,0.0,50,1.0,0,0.717778,0.882222,5,false,false,never_worsened
low,observed,4937,개포래미안포레스트126동 앞,37.47816467,127.05630493,50,55,1.34,1.0,0,2,0,0.0,42,0.84,8,0.874182,0.898545,2,false,false,never_worsened
low,observed,4938,LH수서2단지 201동 앞,37.47955322,127.10666656,50,263,0.02,0.0,0,0,0,0.0,1,0.02,49,0.991331,0.991407,0,false,false,never_worsened
low,observed,4939,도산공원,37.5253067,127.03302765,50,29,3.68,4.0,3,4,0,0.0,50,1.0,0,0.866897,0.993793,4,false,false,never_worsened
low,observed,4940,한강버스 압구정 선착장,37.52643204,127.01720428,50,248,0.0,0.0,0,0,0,0.0,0,0.0,50,1.0,1.0,0,false,false,never_worsened
low,observed,4941,압구정로 11길,37.52594757,127.02082825,50,39,0.0,0.0,0,0,0,0.0,0,0.0,50,1.0,1.0,0,false,false,never_worsened
low,observed,4942,율현삼거리,37.46805573,127.12036133,50,24,0.0,0.0,0,0,0,0.0,0,0.0,50,1.0,1.0,0,false,false,never_worsened
low,synthetic_latent,2301,현대고등학교 건너편,37.52407074,127.02178955,50,0,0.0,0.0,0,0,0,0.0,0,0.0,50,0.0,0.0,0,false,false,never_worsened
low,synthetic_latent,2302,교보타워 버스정류장(신논현역 3번출구 후면),37.5055809,127.02427673,50,0,0.0,0.0,0,0,0,0.0,0,0.0,50,0.0,0.0,0,false,false,never_worsened
low,synthetic_latent,2303,논현역 10번출구,37.51137161,127.02146149,50,41,29.42,30.0,25,34,0,0.0,50,1.0,0,0.096754,0.801434,23,false,false,never_worsened
low,synthetic_latent,2304,대현그린타워,37.5116272,127.03565216,50,25,21.56,21.5,16,26,0,0.0,50,1.0,0,0.0,0.857679,44,false,false,never_worsened
low,synthetic_latent,2305,MCM 본사 직영점 앞,37.52064133,127.03450775,50,0,0.0,0.0,0,0,0,0.0,0,0.0,50,0.0,0.0,-4,true,false,never_worsened
low,synthetic_latent,2306,압구정역 2번 출구 옆,37.5271225,127.02871704,50,25,16.42,16.0,12,20,0,0.0,50,1.0,0,0.21236,0.847779,23,false,false,never_worsened
low,synthetic_latent,2307,압구정 한양 3차 아파트,37.52838135,127.03901672,50,2,2.44,2.0,1,4,0,0.0,46,0.92,4,0.130857,0.94481,18,false,false,never_worsened
low,synthetic_latent,2308,압구정파출소 앞,37.52930069,127.03559875,50,0,0.0,0.0,0,0,0,0.0,0,0.0,50,0.0,0.0,-1,true,false,never_worsened
low,synthetic_latent,2309,청담역(우리들병원 앞),37.51890182,127.04938507,50,13,9.5,9.0,7,12,0,0.0,50,1.0,0,0.003667,0.726329,21,false,false,never_worsened
low,synthetic_latent,2310,청담동 맥도날드 옆(위치),37.52361298,127.04017639,50,0,0.0,0.0,0,0,0,0.0,0,0.0,50,0.0,0.0,5,false,false,never_worsened
low,synthetic_latent,2311,학동로 래미안 아파트 앞,37.51777267,127.04302216,50,24,21.2,21.5,16,25,0,0.0,50,1.0,0,0.010164,0.873404,19,false,false,never_worsened
low,synthetic_latent,2312,청담역 13번 출구 앞,37.52058029,127.05632782,50,0,0.0,0.0,0,0,0,0.0,0,0.0,50,0.12,0.12,15,false,false,never_worsened
low,synthetic_latent,2313,금원빌딩 앞,37.52505493,127.05252838,50,0,0.0,0.0,0,0,0,0.0,0,0.0,50,0.0,0.0,0,false,false,never_worsened
low,synthetic_latent,2315,봉은사역 5번출구 옆,37.51424789,127.06111908,50,0,0.0,0.0,0,0,0,0.0,0,0.0,50,0.0,0.0,0,false,false,never_worsened
low,synthetic_latent,2317,삼성도로공원,37.51588821,127.06620026,50,0,0.0,0.0,0,0,0,0.0,0,0.0,50,0.0,0.0,0,false,false,never_worsened
low,synthetic_latent,2318,삼성중앙역4번출구(문화센터더 리빌),37.51357651,127.05503082,50,0,0.0,0.0,0,0,0,0.0,0,0.0,50,0.0,0.0,1,false,false,never_worsened
low,synthetic_latent,2319,포스코사거리 서측(수협 삼성동 지점),37.50660706,127.05467987,50,0,0.0,0.0,0,0,0,0.0,0,0.0,50,0.0,0.0,7,false,false,never_worsened
low,synthetic_latent,2320,도곡역 대치지구대 방향,37.49191284,127.05709076,50,0,0.0,0.0,0,0,0,0.0,0,0.0,50,0.0,0.0,0,false,false,never_worsened
low,synthetic_latent,2321,학여울역 사거리,37.49611664,127.06944275,50,0,0.0,0.0,0,0,0,0.0,0,0.0,50,0.0,0.0,0,false,false,never_worsened
low,synthetic_latent,2324,천주교 대치 2동 교회 옆,37.50043869,127.06622314,50,0,0.0,0.0,0,0,0,0.0,0,0.0,50,0.0,0.0,0,false,false,never_worsened
low,synthetic_latent,2325,대치삼성아파트 앞 교차로,37.4986496,127.05931854,50,14,9.82,10.5,5,13,0,0.0,50,1.0,0,0.218349,0.890745,6,false,false,never_worsened
low,synthetic_latent,2326,대치동 삼성로,37.50239563,127.05879974,50,53,44.96,45.0,36,52,0,0.0,50,1.0,0,0.010536,0.860838,14,false,false,never_worsened
low,synthetic_latent,2327,뱅뱅사거리 랜드마크타워 앞,37.49055099,127.03146362,50,0,0.0,0.0,0,0,0,0.0,0,0.0,50,0.0,0.0,0,false,false,never_worsened
low,synthetic_latent,2328,르네상스 호텔 사거리 역삼지하보도 7번출구 앞,37.50321198,127.04273224,50,27,16.94,17.0,12,21,0,0.0,50,1.0,0,0.031082,0.662059,19,false,false,never_worsened
low,synthetic_latent,2329,르네상스호텔사거리 역삼지하보도 2번출구,37.50235748,127.04319,50,23,20.86,21.0,14,25,0,0.0,50,1.0,0,0.007043,0.904469,5,false,false,never_worsened
low,synthetic_latent,2330,역삼월드메르디앙아파트 앞,37.49219894,127.03945923,50,19,14.34,14.0,11,18,0,0.0,50,1.0,0,0.061317,0.797034,0,false,false,never_worsened
low,synthetic_latent,2331,동영문화센터앞,37.49805069,127.04460144,50,14,9.78,10.0,6,13,0,0.0,50,1.0,0,0.11762,0.779828,16,false,false,never_worsened
low,synthetic_latent,2332,선릉역3번출구,37.50410461,127.04903412,50,4,2.68,3.0,1,5,0,0.0,47,0.94,3,0.025333,0.722603,40,false,false,never_worsened
low,synthetic_latent,2333,양재역 3번출구 주변,37.48515701,127.03407288,50,82,40.3,40.0,31,50,0,0.0,50,1.0,0,0.0472,0.538602,45,false,false,never_worsened
low,synthetic_latent,2335,3호선 매봉역 3번출구앞,37.48676682,127.04676056,50,0,0.0,0.0,0,0,0,0.0,0,0.0,50,0.0,0.0,0,false,false,never_worsened
low,synthetic_latent,2336,강남세브란스교차로 래미안그레이튼 104동 앞,37.49423599,127.04746246,50,1,1.08,1.0,0,2,0,0.0,35,0.7,15,0.0,0.637333,2,false,false,never_worsened
low,synthetic_latent,2337,대모산입구역 2번출구 앞,37.49207687,127.07197571,50,0,0.0,0.0,0,0,0,0.0,0,0.0,50,0.0,0.0,0,false,false,never_worsened
low,synthetic_latent,2339,현대아파트 정문 앞,37.48326111,127.0522995,50,14,10.9,10.0,8,15,0,0.0,50,1.0,0,0.057554,0.803472,1,false,false,never_worsened
low,synthetic_latent,2340,삼호물산버스정류장(23370) 옆,37.47750854,127.04517365,50,0,0.0,0.0,0,0,0,0.0,0,0.0,50,0.0,0.0,0,false,false,never_worsened
low,synthetic_latent,2341,일원역 4~5번 출구 사이,37.4833107,127.08493805,50,5,4.38,4.0,3,7,0,0.0,50,1.0,0,0.0,0.851651,33,false,false,never_worsened
low,synthetic_latent,2342,대청역 1번출구 뒤,37.49390793,127.07962036,50,12,6.54,6.5,4,9,0,0.0,50,1.0,0,0.212307,0.766591,9,false,false,never_worsened
low,synthetic_latent,2344,리엔파크 2단지 앞,37.46506119,127.10119629,50,0,0.0,0.0,0,0,0,0.0,0,0.0,50,0.0,0.0,0,false,false,never_worsened
low,synthetic_latent,2347,두산건설 본사,37.51863861,127.03540039,50,0,0.0,0.0,0,0,0,0.0,0,0.0,50,0.0,0.0,28,false,false,never_worsened
low,synthetic_latent,2348,포스코사거리(기업은행),37.50723267,127.05685425,50,0,0.0,0.0,0,0,0,0.0,0,0.0,50,0.0,0.0,52,false,false,never_worsened
low,synthetic_latent,2349,역삼빌딩 앞(하나은행 옆),37.50154495,127.03856659,50,58,37.98,38.0,29,45,0,0.0,50,1.0,0,0.018728,0.669278,16,false,false,never_worsened
low,synthetic_latent,2350,래미안그레이튼102동앞,37.49482346,127.04790497,50,0,0.0,0.0,0,0,0,0.0,0,0.0,50,0.0,0.0,0,false,false,never_worsened
low,synthetic_latent,2351,청소년수련관(수영장)앞,37.48387909,127.0890274,50,0,0.0,0.0,0,0,0,0.0,0,0.0,50,0.0,0.0,7,false,false,never_worsened
low,synthetic_latent,2352,서울본부세관(건설회관 앞),37.51758957,127.03502655,50,0,0.0,0.0,0,0,0,0.0,0,0.0,50,0.0,0.0,28,false,false,never_worsened
low,synthetic_latent,2353,강남구청역 2번출구 뒤,37.51681137,127.04047394,50,27,15.38,15.0,11,20,0,0.0,50,1.0,0,0.087134,0.64161,47,false,false,never_worsened
low,synthetic_latent,2354,청담역 2번출구,37.51978683,127.0567627,50,0,0.0,0.0,0,0,0,0.0,0,0.0,50,0.0,0.0,19,false,false,never_worsened
low,synthetic_latent,2356,강남구청,37.51807022,127.04711914,50,3,2.84,2.0,1,5,0,0.0,46,0.92,4,0.085667,0.928571,28,false,false,never_worsened
low,synthetic_latent,2357,르네상스호텔사거리 역삼지하보도 3번출구 앞 (더 오번 빌딩 명동칼국수 앞),37.50166321,127.04297638,50,41,19.14,19.5,14,23,0,0.0,50,1.0,0,0.044047,0.51642,17,false,false,never_worsened
low,synthetic_latent,2358,구룡초사거리 (현대아파트10동 앞 ),37.48138428,127.05391693,50,11,5.32,5.0,2,9,0,0.0,49,0.98,1,0.061208,0.519837,9,false,false,never_worsened
low,synthetic_latent,2359,"국립국악중,고교 정문 맞은편",37.47560501,127.05037689,50,0,0.0,0.0,0,0,0,0.0,0,0.0,50,0.0,0.0,0,false,false,never_worsened
low,synthetic_latent,2360,도곡1동 주민센터 교차로,37.4928093,127.04138947,50,5,2.22,2.0,0,4,0,0.0,42,0.84,8,0.119976,0.542952,3,false,false,never_worsened
low,synthetic_latent,2362,신사동 가로수길 입구,37.51763535,127.02245331,50,0,0.0,0.0,0,0,0,0.0,0,0.0,50,0.0,0.0,0,false,false,never_worsened
low,synthetic_latent,2363,강남 을지병원 교차로,37.51913834,127.02751923,50,0,0.0,0.0,0,0,0,0.0,0,0.0,50,0.0,0.0,0,false,false,never_worsened
low,synthetic_latent,2364,도산공원교차로,37.52124023,127.0318985,50,0,0.0,0.0,0,0,0,0.0,0,0.0,50,0.0,0.0,0,false,false,never_worsened
low,synthetic_latent,2365,K+ 타워 앞,37.52330017,127.03847504,50,0,0.0,0.0,0,0,0,0.0,0,0.0,50,0.0,0.0,-1,true,false,never_worsened
low,synthetic_latent,2368,도곡동 경남아파트 건너편,37.48934174,127.04129791,50,14,8.2,9.0,4,11,0,0.0,50,1.0,0,0.122996,0.712771,23,false,false,never_worsened
low,synthetic_latent,2369,KT선릉타워,37.50542831,127.0528717,50,0,0.0,0.0,0,0,0,0.0,0,0.0,50,0.0,0.0,16,false,false,never_worsened
low,synthetic_latent,2370,한티역 3번출구,37.49655151,127.0542984,50,0,0.0,0.0,0,0,0,0.0,0,0.0,50,0.0,0.0,0,false,false,never_worsened
low,synthetic_latent,2371,한국우편사업진흥원,37.51474762,127.03513336,50,24,11.42,11.5,7,15,0,0.0,50,1.0,0,0.040117,0.499231,36,false,false,never_worsened
low,synthetic_latent,2372,대치역 사거리,37.49449921,127.063797,50,0,0.0,0.0,0,0,0,0.0,0,0.0,50,0.0,0.0,0,false,false,never_worsened
low,synthetic_latent,2373,개포동역 사거리,37.48927689,127.06557465,50,0,0.0,0.0,0,0,0,0.0,0,0.0,50,0.0,0.0,5,false,false,never_worsened
low,synthetic_latent,2375,수서역 1번출구 앞,37.48735046,127.10099792,50,0,0.0,0.0,0,0,0,0.0,0,0.0,50,0.0,0.0,0,false,false,never_worsened
low,synthetic_latent,2376,수서역 6번출구 앞,37.48677826,127.10051727,50,0,0.0,0.0,0,0,0,0.0,0,0.0,50,0.5,0.5,0,false,false,never_worsened
low,synthetic_latent,2377,수서역 5번출구,37.48735046,127.10232544,50,25,0.0,0.0,0,0,0,0.0,0,0.0,50,1.0,1.0,0,false,false,never_worsened
low,synthetic_latent,2380,삼성동베이직하우스앞,37.51169586,127.04934692,50,31,15.24,15.0,11,19,0,0.0,50,1.0,0,0.07718,0.573355,11,false,false,never_worsened
low,synthetic_latent,2381,언주역 6번출구앞,37.50780869,127.03498077,50,9,7.74,8.0,6,10,0,0.0,50,1.0,0,0.02281,0.83233,11,false,false,never_worsened
low,synthetic_latent,2382,역삼동 sk뷰 501동앞,37.50122833,127.05036163,50,20,13.28,12.5,9,18,0,0.0,50,1.0,0,0.017082,0.673018,2,false,false,never_worsened
low,synthetic_latent,2383,보금자리정원,37.46632767,127.09488678,50,0,0.0,0.0,0,0,0,0.0,0,0.0,50,0.0,0.0,2,false,false,never_worsened
low,synthetic_latent,2384,자곡사거리,37.47602844,127.10594177,50,0,0.0,0.0,0,0,0,0.0,0,0.0,50,0.0,0.0,2,false,false,never_worsened
low,synthetic_latent,2385,학동역,37.51395035,127.03015137,50,0,0.0,0.0,0,0,0,0.0,0,0.0,50,0.0,0.0,9,false,false,never_worsened
low,synthetic_latent,2386,크린랩 본사,37.50958633,127.04090881,50,9,6.56,6.5,4,10,0,0.0,50,1.0,0,0.045986,0.735253,14,false,false,never_worsened
low,synthetic_latent,2387,래미안강남힐즈 사거리,37.47245407,127.09607697,50,0,0.0,0.0,0,0,0,0.0,0,0.0,50,0.0,0.0,1,false,false,never_worsened
low,synthetic_latent,2388,강남구 도시관리공단,37.51678467,127.05161285,50,0,0.74,1.0,0,2,0,0.0,29,0.58,21,0.0,0.57,29,false,false,never_worsened
low,synthetic_latent,2389,경기여자고등학교 후문 (삼성로3길 입구),37.48616028,127.06723785,50,0,0.0,0.0,0,0,0,0.0,0,0.0,50,0.0,0.0,3,false,false,never_worsened
low,synthetic_latent,2390,구룡마을 입구 (래미안블레스티지 아파트),37.48088074,127.06304169,50,0,0.0,0.0,0,0,0,0.0,0,0.0,50,0.0,0.0,0,false,false,never_worsened
low,synthetic_latent,2392,구룡산 입구 (구룡산 서울둘레길 입구),37.47447205,127.05545044,50,0,0.52,0.0,0,1,0,0.0,20,0.4,30,0.0,0.39,2,false,false,never_worsened
low,synthetic_latent,2394,개포래미안포레스트아파트 107동 앞,37.48025131,127.05419159,50,0,0.0,0.0,0,0,0,0.0,0,0.0,50,0.06,0.06,20,false,false,never_worsened
low,synthetic_latent,2396,영동3교 북단(우성캐릭터 앞 보도),37.48574066,127.05104828,50,0,0.0,0.0,0,0,0,0.0,0,0.0,50,0.0,0.0,4,false,false,never_worsened
low,synthetic_latent,2398,더라움,37.50811005,127.0394516,50,14,10.62,11.0,8,14,0,0.0,50,1.0,0,0.001053,0.750695,9,false,false,never_worsened
low,synthetic_latent,2401,밀알학교 입구 (삼성서울병원 입구),37.48656082,127.08267212,50,4,3.34,4.0,1,5,0,0.0,48,0.96,2,0.01377,0.728452,17,false,false,never_worsened
low,synthetic_latent,2403,공무원연금매점 교차로 (개포주공9단지 입구),37.48871994,127.07453918,50,7,3.98,4.0,2,6,0,0.0,49,0.98,1,0.194628,0.783981,11,false,false,never_worsened
low,synthetic_latent,2404,대모산입구역 4번 출구 앞,37.49180984,127.07315826,50,0,0.0,0.0,0,0,0,0.0,0,0.0,50,0.0,0.0,0,false,false,never_worsened
low,synthetic_latent,2405,청담공원앞 교차로,37.51871109,127.05084991,50,4,0.9,1.0,0,2,0,0.0,31,0.62,19,0.062437,0.248517,59,false,false,never_worsened
low,synthetic_latent,2406,논현동 광명빌딩 앞,37.5175705,127.02364349,50,0,0.0,0.0,0,0,0,0.0,0,0.0,50,0.0,0.0,0,false,false,never_worsened
low,synthetic_latent,2407,역삼서초삼성 세무서 앞 (역삼빌딩 앞,37.49847031,127.03011322,50,0,0.0,0.0,0,0,0,0.0,0,0.0,50,0.0,0.0,9,false,false,never_worsened
low,synthetic_latent,2408,강남한양수자인아파트,37.4773407,127.11327362,50,0,0.0,0.0,0,0,0,0.0,0,0.0,50,0.0,0.0,0,false,false,never_worsened
low,synthetic_latent,2409,역삼동 디오슈페리움 (우성아파트 사거리),37.49206161,127.03074646,50,0,0.0,0.0,0,0,0,0.0,0,0.0,50,0.0,0.0,-7,true,false,never_worsened
low,synthetic_latent,2410,포스코피앤에스타워 (역삼역 3번출구 부근),37.49959946,127.03375244,50,10,4.56,5.0,2,6,0,0.0,50,1.0,0,0.021199,0.452538,17,false,false,never_worsened
low,synthetic_latent,2411,세곡동 성당,37.47296906,127.11222839,50,1,0.02,0.0,0,0,0,0.0,1,0.02,49,0.673238,0.679905,0,false,false,never_worsened
low,synthetic_latent,2413,도곡역 1번 출구,37.49095917,127.05498505,50,0,0.0,0.0,0,0,0,0.0,0,0.0,50,0.0,0.0,0,false,false,never_worsened
low,synthetic_latent,2414,도곡역 아카데미스위트 앞,37.48897171,127.05182648,50,0,0.0,0.0,0,0,0,0.0,0,0.0,50,0.0,0.0,0,false,false,never_worsened
low,synthetic_latent,2415,한티역 롯데백화점 앞,37.49667358,127.05342865,50,7,2.26,2.0,0,4,0,0.0,43,0.86,7,0.022231,0.382913,1,false,false,never_worsened
low,synthetic_latent,2416,한티역 6번 출구,37.4958992,127.05219269,50,0,0.0,0.0,0,0,0,0.0,0,0.0,50,0.0,0.0,-6,true,false,never_worsened
low,synthetic_latent,2417,선정릉 디캠프(D.CAMP)앞,37.50799942,127.04524994,50,9,5.76,6.0,3,8,0,0.0,49,0.98,1,0.038746,0.672509,4,false,false,never_worsened
low,synthetic_latent,2418,봉은사역 7번 출구,37.51393509,127.05982208,50,0,0.0,0.0,0,0,0,0.0,0,0.0,50,0.0,0.0,12,false,false,never_worsened
low,synthetic_latent,2419,"봉은사역 1,2번 출구",37.51430893,127.05970001,50,0,0.0,0.0,0,0,0,0.0,0,0.0,50,0.0,0.0,0,false,false,never_worsened
low,synthetic_latent,2420,학여울역 사거리(LG베스트샵 앞),37.49689484,127.07013702,50,0,0.0,0.0,0,0,0,0.0,0,0.0,50,0.0,0.0,-6,true,false,never_worsened
low,synthetic_latent,2422,수서동 성당 맞은편,37.48416901,127.09484863,50,0,0.0,0.0,0,0,0,0.0,0,0.0,50,0.0,0.0,-4,true,false,never_worsened
low,synthetic_latent,2423,영희초교 사거리(래미안개포루체하임),37.4908371,127.08065033,50,0,0.0,0.0,0,0,0,0.0,0,0.0,50,0.0,0.0,-1,true,false,never_worsened
low,synthetic_latent,2425,세곡동 사거리(대왕초등학교 정류장),37.46461868,127.10684967,50,0,0.0,0.0,0,0,0,0.0,0,0.0,50,0.0,0.0,0,false,false,never_worsened
low,synthetic_latent,2426,강남한신휴플러스 6단지,37.46829605,127.10469818,50,1,0.7,0.0,0,2,0,0.0,20,0.4,30,0.097333,0.436,3,false,false,never_worsened
low,synthetic_latent,2427,개포고등학교 정문앞,37.48485184,127.0583725,50,1,0.12,0.0,0,0,1,0.02,4,0.08,45,0.126667,0.196667,-1,true,false,intermittent_worsened
low,synthetic_latent,2430,강남파이낸스센터앞(역삼역2번출구),37.50024414,127.03605652,50,93,19.52,20.0,13,25,0,0.0,50,1.0,0,0.05639,0.264914,15,false,false,never_worsened
low,synthetic_latent,2431,대치역 7번출구,37.49411774,127.06290436,50,0,0.0,0.0,0,0,0,0.0,0,0.0,50,0.0,0.0,0,false,false,never_worsened
low,synthetic_latent,3602,한국지역난방공사강남지사,37.49229431,127.09433746,50,0,0.0,0.0,0,0,0,0.0,0,0.0,50,0.0,0.0,1,false,false,never_worsened
low,synthetic_latent,3604,삼성중앙역 5번출구,37.51296234,127.05386353,50,20,6.4,6.0,4,9,0,0.0,50,1.0,0,0.031773,0.360079,11,false,false,never_worsened
low,synthetic_latent,3606,신사동주민센터 옆,37.52422714,127.02285004,50,0,0.0,0.0,0,0,0,0.0,0,0.0,50,0.0,0.0,0,false,false,never_worsened
low,synthetic_latent,3609,언주초등학교 입구,37.48536682,127.03849792,50,0,0.0,0.0,0,0,0,0.0,0,0.0,50,0.0,0.0,-2,true,false,never_worsened
low,synthetic_latent,3610,윗반마을 입구,37.46534729,127.1088028,50,1,1.36,1.0,0,3,0,0.0,41,0.82,9,0.056667,0.86,1,false,false,never_worsened
low,synthetic_latent,3611,방죽마을 입구,37.47123337,127.10721588,50,0,0.0,0.0,0,0,0,0.0,0,0.0,50,0.0,0.0,0,false,false,never_worsened
low,synthetic_latent,3614,은마아파트 입구 사거리,37.49840164,127.06093597,50,3,2.4,2.0,1,4,0,0.0,48,0.96,2,0.0,0.787905,6,false,false,never_worsened
low,synthetic_latent,3615,서울 논현동우체국 앞,37.51446152,127.0326004,50,0,0.44,0.0,0,1,0,0.0,19,0.38,31,0.0,0.276667,24,false,false,never_worsened
low,synthetic_latent,3616,역삼중학교 앞(체육관 방향),37.49526215,127.04950714,50,0,0.0,0.0,0,0,0,0.0,0,0.0,50,0.0,0.0,0,false,false,never_worsened
low,synthetic_latent,3618,서울율현초교 삼거리,37.47364044,127.10702515,50,0,0.0,0.0,0,0,0,0.0,0,0.0,50,0.0,0.0,0,false,false,never_worsened
low,synthetic_latent,3620,청담역 11번 출구,37.51925659,127.0515976,50,39,6.88,6.0,1,11,0,0.0,49,0.98,1,0.017189,0.188267,5,false,false,never_worsened
low,synthetic_latent,3622,은마아파트입구 사거리(1),37.49986649,127.0605011,50,10,3.92,4.0,1,7,0,0.0,48,0.96,2,0.018284,0.388575,1,false,false,never_worsened
low,synthetic_latent,3623,일원에코파크 앞(개포로 방면),37.49587631,127.08650208,50,0,0.0,0.0,0,0,0,0.0,0,0.0,50,0.0,0.0,0,false,false,never_worsened
low,synthetic_latent,3624,대모산입구역 7번 출구 앞,37.49017715,127.07305908,50,12,2.28,2.5,0,5,0,0.0,28,0.56,22,0.001333,0.206566,3,false,false,never_worsened
low,synthetic_latent,3627,압구정나들목,37.53075027,127.04160309,50,13,6.28,6.0,4,9,0,0.0,50,1.0,0,0.17099,0.646488,3,false,false,never_worsened
low,synthetic_latent,3629,청담사거리(신한오피스텔빌딩 앞),37.52416229,127.0489502,50,0,0.0,0.0,0,0,0,0.0,0,0.0,50,0.42,0.42,0,false,false,never_worsened
low,synthetic_latent,3630,개포우성6차아파트 정문 앞,37.47685623,127.05536652,50,7,4.18,4.0,1,6,0,0.0,48,0.96,2,0.169882,0.747326,12,false,false,never_worsened
low,synthetic_latent,3634,국악고교 앞 교차로,37.47402191,127.04844666,50,1,0.1,0.0,0,0,0,0.0,4,0.08,46,0.01,0.046667,4,false,false,never_worsened
low,synthetic_latent,3636,삼성중앙역·플래티넘아파트 정류소,37.51264191,127.05156708,50,15,9.26,9.0,7,12,0,0.0,50,1.0,0,0.047785,0.686722,30,false,false,never_worsened
low,synthetic_latent,3637,세곡데이케어센터,37.46072388,127.10287476,50,0,0.0,0.0,0,0,0,0.0,0,0.0,50,0.0,0.0,0,false,false,never_worsened
low,synthetic_latent,3638,신청담나들목,37.52796173,127.05162811,50,0,0.0,0.0,0,0,0,0.0,0,0.0,50,0.0,0.0,0,false,false,never_worsened
low,synthetic_latent,3640,일원1동주민센터앞 사거리,37.49087906,127.08795929,50,0,0.0,0.0,0,0,0,0.0,0,0.0,50,0.0,0.0,-1,true,false,never_worsened
low,synthetic_latent,3641,대청역,37.49370575,127.0799942,50,0,0.04,0.0,0,0,0,0.0,2,0.04,48,0.0,0.03,3,false,false,never_worsened
low,synthetic_latent,3642,LH강남힐스테이트아파트,37.47081375,127.08969879,50,59,5.26,5.0,3,7,0,0.0,50,1.0,0,0.029909,0.118646,16,false,false,never_worsened
low,synthetic_latent,3643,더시그넘하우스 앞,37.47267914,127.10375977,50,6,0.1,0.0,0,0,0,0.0,5,0.1,45,0.081262,0.100151,0,false,false,never_worsened
low,synthetic_latent,3644,상록수아파트,37.48276138,127.08042145,50,21,3.2,3.0,1,5,0,0.0,47,0.94,3,0.034408,0.189073,29,false,false,never_worsened
low,synthetic_latent,3646,선정릉역 4번 출구,37.5097847,127.04277039,50,9,4.8,5.0,3,7,0,0.0,50,1.0,0,0.068717,0.573948,23,false,false,never_worsened
low,synthetic_latent,3647,구룡역 1번 출구,37.48642349,127.05931854,50,0,0.0,0.0,0,0,0,0.0,0,0.0,50,0.0,0.0,10,false,false,never_worsened
low,synthetic_latent,3648,구룡역 4번 출구,37.48670578,127.0605011,50,0,0.0,0.0,0,0,0,0.0,0,0.0,50,0.0,0.0,0,false,false,never_worsened
low,synthetic_latent,3649,구룡역 5번 출구,37.48607635,127.05921936,50,1,0.78,1.0,0,2,0,0.0,27,0.54,23,0.403,0.741667,2,false,false,never_worsened
low,synthetic_latent,3651,개포동역 4번출구,37.48929596,127.06616974,50,0,0.0,0.0,0,0,0,0.0,0,0.0,50,0.0,0.0,0,false,false,never_worsened
low,synthetic_latent,4902,구역삼세무서 교차로,37.49524307,127.03937531,50,41,3.1,3.0,-1,7,8,0.16,41,0.82,1,0.329316,0.404793,0,false,true,intermittent_worsened
low,synthetic_latent,4903,신사스퀘어,37.51916885,127.0189743,50,0,0.0,0.0,0,0,0,0.0,0,0.0,50,0.0,0.0,0,false,false,never_worsened
low,synthetic_latent,4905,강남경찰서,37.50971985,127.06679535,50,65,7.16,7.0,3,11,0,0.0,49,0.98,1,0.072505,0.181104,7,false,false,never_worsened
low,synthetic_latent,4906,섬유센터 앞,37.50767136,127.06017303,50,3,0.26,0.0,0,1,0,0.0,9,0.18,41,0.220151,0.274675,20,false,false,never_worsened
low,synthetic_latent,4907,극동스포츠 앞,37.5257225,127.02588654,50,0,0.0,0.0,0,0,0,0.0,0,0.0,50,0.0,0.0,6,false,false,never_worsened
low,synthetic_latent,4908,SB타워 앞,37.52210999,127.03646088,50,0,0.0,0.0,0,0,0,0.0,0,0.0,50,0.0,0.0,0,false,false,never_worsened
low,synthetic_latent,4909,노보텔 앰배서더 앞,37.50570297,127.02919769,50,4,0.0,0.0,0,0,0,0.0,0,0.0,50,0.007857,0.007857,10,false,false,never_worsened
low,synthetic_latent,4913,레베쌍트 빌딩 앞,37.51292038,127.056427,50,0,0.0,0.0,0,0,0,0.0,0,0.0,50,0.0,0.0,0,false,false,never_worsened
low,synthetic_latent,4914,도심공항타워 앞,37.50999069,127.05847168,50,0,0.0,0.0,0,0,0,0.0,0,0.0,50,0.0,0.0,24,false,false,never_worsened
low,synthetic_latent,4915,영동중앙교회 버스정류장,37.49775314,127.03857422,50,29,6.34,6.0,5,8,0,0.0,50,1.0,0,0.057515,0.280455,5,false,false,never_worsened
low,synthetic_latent,4916,청담역 1번출구,37.51973724,127.05767822,50,36,6.26,6.0,5,10,0,0.0,50,1.0,0,0.005844,0.187525,1,false,false,never_worsened
low,synthetic_latent,4917,일원에코파크 주차장,37.49404526,127.08678436,50,4,0.0,0.0,0,0,0,0.0,0,0.0,50,0.98,0.98,0,false,false,never_worsened
low,synthetic_latent,4918,매봉역 1번출구,37.48661041,127.04550934,50,0,0.0,0.0,0,0,0,0.0,0,0.0,50,0.0,0.0,0,false,false,never_worsened
low,synthetic_latent,4919,학여울역사거리(은마아파트),37.49665833,127.06938171,50,3,3.52,4.0,1,5,0,0.0,49,0.98,1,0.013,0.939643,0,false,false,never_worsened
low,synthetic_latent,4923,수협대치동지점,37.49861526,127.0683136,50,0,0.0,0.0,0,0,0,0.0,0,0.0,50,0.0,0.0,0,false,false,never_worsened
low,synthetic_latent,4924,논현동가구거리,37.51280975,127.02636719,50,5,1.5,1.0,1,3,0,0.0,50,1.0,0,0.010833,0.356262,1,false,false,never_worsened
low,synthetic_latent,4925,청담백영빌딩 앞,37.52390289,127.04660797,50,0,0.0,0.0,0,0,0,0.0,0,0.0,50,0.0,0.0,0,false,false,never_worsened
low,synthetic_latent,4926,대치우성아파트 사거리,37.50099564,127.06803894,50,4,0.1,0.0,0,0,0,0.0,4,0.08,46,0.0,0.041667,4,false,false,never_worsened
low,synthetic_latent,4928,교수마을 입구,37.4818573,127.10456085,50,0,0.0,0.0,0,0,0,0.0,0,0.0,50,0.0,0.0,0,false,false,never_worsened
low,synthetic_latent,4929,파스쿠찌 청담사거리점 앞,37.52464676,127.04914856,50,0,0.0,0.0,0,0,0,0.0,0,0.0,50,0.0,0.0,0,false,false,never_worsened
low,synthetic_latent,4930,학여울역 1번 출구,37.49662018,127.07099915,50,0,0.0,0.0,0,0,0,0.0,0,0.0,50,0.0,0.0,5,false,false,never_worsened
low,synthetic_latent,4931,디에이치퍼스티어아이파크 124동 앞,37.48131943,127.05435181,50,8,0.74,1.0,0,1,0,0.0,36,0.72,14,0.106826,0.191729,6,false,false,never_worsened
low,synthetic_latent,4932,개포래미안포레스트 130동 맞은편,37.47748566,127.05743408,50,15,3.76,4.0,1,5,0,0.0,47,0.94,3,0.013906,0.269344,0,false,false,never_worsened
low,synthetic_latent,4935,도곡삼성래미안,37.48920441,127.05106354,50,3,0.04,0.0,0,0,0,0.0,2,0.04,48,0.018,0.042,-3,true,false,never_worsened
low,synthetic_latent,4936,SK텔레콤(T1) 인근,37.51263046,127.04283142,50,27,2.62,2.0,0,6,0,0.0,40,0.8,10,0.005493,0.102569,5,false,false,never_worsened
low,synthetic_latent,4937,개포래미안포레스트126동 앞,37.47816467,127.05630493,50,24,0.4,0.0,0,1,0,0.0,10,0.2,40,0.009589,0.025821,2,false,false,never_worsened
low,synthetic_latent,4938,LH수서2단지 201동 앞,37.47955322,127.10666656,50,11,0.12,0.0,0,1,0,0.0,6,0.12,44,0.423851,0.436945,0,false,false,never_worsened
low,synthetic_latent,4939,도산공원,37.5253067,127.03302765,50,0,0.0,0.0,0,0,0,0.0,0,0.0,50,0.0,0.0,4,false,false,never_worsened
low,synthetic_latent,4940,한강버스 압구정 선착장,37.52643204,127.01720428,50,0,0.0,0.0,0,0,0,0.0,0,0.0,50,0.0,0.0,0,false,false,never_worsened
low,synthetic_latent,4941,압구정로 11길,37.52594757,127.02082825,50,0,0.0,0.0,0,0,0,0.0,0,0.0,50,0.0,0.0,0,false,false,never_worsened
low,synthetic_latent,4942,율현삼거리,37.46805573,127.12036133,50,0,0.0,0.0,0,0,0,0.0,0,0.0,50,0.0,0.0,0,false,false,never_worsened
low,combined,2301,현대고등학교 건너편,37.52407074,127.02178955,50,68,1.18,1.0,0,2,0,0.0,42,0.84,8,0.982647,1.0,0,false,false,never_worsened
low,combined,2302,교보타워 버스정류장(신논현역 3번출구 후면),37.5055809,127.02427673,50,130,-0.42,0.0,-2,0,16,0.32,0,0.0,34,1.0,0.996769,0,false,true,intermittent_worsened
low,combined,2303,논현역 10번출구,37.51137161,127.02146149,50,187,56.5,56.0,51,61,0,0.0,50,1.0,0,0.619559,0.92002,23,false,false,never_worsened
low,combined,2304,대현그린타워,37.5116272,127.03565216,50,92,62.32,62.5,57,68,0,0.0,50,1.0,0,0.175292,0.851148,44,false,false,never_worsened
low,combined,2305,MCM 본사 직영점 앞,37.52064133,127.03450775,50,39,-2.64,-3.0,-4,-1,50,1.0,0,0.0,0,1.0,0.932308,-4,true,false,persistent_worsened
low,combined,2306,압구정역 2번 출구 옆,37.5271225,127.02871704,50,256,43.36,43.0,38,49,0,0.0,50,1.0,0,0.804201,0.972864,23,false,false,never_worsened
low,combined,2307,압구정 한양 3차 아파트,37.52838135,127.03901672,50,127,19.7,20.0,16,23,0,0.0,50,1.0,0,0.812665,0.966542,18,false,false,never_worsened
low,combined,2308,압구정파출소 앞,37.52930069,127.03559875,50,120,-1.4,-1.0,-4,0,31,0.62,0,0.0,19,1.0,0.988333,-1,true,false,intermittent_worsened
low,combined,2309,청담역(우리들병원 앞),37.51890182,127.04938507,50,63,29.54,29.0,27,32,0,0.0,50,1.0,0,0.441992,0.907024,21,false,false,never_worsened
low,combined,2310,청담동 맥도날드 옆(위치),37.52361298,127.04017639,50,49,4.68,5.0,4,5,0,0.0,50,1.0,0,0.90449,1.0,5,false,false,never_worsened
low,combined,2311,학동로 래미안 아파트 앞,37.51777267,127.04302216,50,67,40.44,41.0,35,45,0,0.0,50,1.0,0,0.329354,0.926519,19,false,false,never_worsened
low,combined,2312,청담역 13번 출구 앞,37.52058029,127.05632782,50,67,15.18,15.0,14,16,0,0.0,50,1.0,0,0.760158,0.986053,15,false,false,never_worsened
low,combined,2313,금원빌딩 앞,37.52505493,127.05252838,50,62,-0.06,0.0,0,0,3,0.06,0,0.0,47,1.0,0.999032,0,false,true,intermittent_worsened
low,combined,2315,봉은사역 5번출구 옆,37.51424789,127.06111908,50,109,0.0,0.0,0,0,0,0.0,0,0.0,50,1.0,1.0,0,false,false,never_worsened
low,combined,2317,삼성도로공원,37.51588821,127.06620026,50,93,0.0,0.0,0,0,0,0.0,0,0.0,50,1.0,1.0,0,false,false,never_worsened
low,combined,2318,삼성중앙역4번출구(문화센터더 리빌),37.51357651,127.05503082,50,15,0.98,1.0,1,1,0,0.0,49,0.98,1,0.933333,0.998667,1,false,false,never_worsened
low,combined,2319,포스코사거리 서측(수협 삼성동 지점),37.50660706,127.05467987,50,108,7.62,8.0,6,9,0,0.0,50,1.0,0,0.925,0.995556,7,false,false,never_worsened
low,combined,2320,도곡역 대치지구대 방향,37.49191284,127.05709076,50,87,0.0,0.0,0,0,0,0.0,0,0.0,50,1.0,1.0,0,false,false,never_worsened
low,combined,2321,학여울역 사거리,37.49611664,127.06944275,50,34,-0.24,0.0,-1,0,12,0.24,0,0.0,38,1.0,0.992941,0,false,true,intermittent_worsened
low,combined,2324,천주교 대치 2동 교회 옆,37.50043869,127.06622314,50,126,-0.02,0.0,0,0,1,0.02,0,0.0,49,1.0,0.999841,0,false,true,intermittent_worsened
low,combined,2325,대치삼성아파트 앞 교차로,37.4986496,127.05931854,50,111,17.16,17.5,12,21,0,0.0,50,1.0,0,0.828062,0.981185,6,false,false,never_worsened
low,combined,2326,대치동 삼성로,37.50239563,127.05879974,50,103,58.66,59.0,51,66,0,0.0,50,1.0,0,0.28305,0.85188,14,false,false,never_worsened
low,combined,2327,뱅뱅사거리 랜드마크타워 앞,37.49055099,127.03146362,50,140,-1.5,-1.0,-4,0,31,0.62,0,0.0,19,1.0,0.989286,0,false,true,intermittent_worsened
low,combined,2328,르네상스 호텔 사거리 역삼지하보도 7번출구 앞,37.50321198,127.04273224,50,136,34.22,34.0,28,39,0,0.0,50,1.0,0,0.590757,0.84196,19,false,false,never_worsened
low,combined,2329,르네상스호텔사거리 역삼지하보도 2번출구,37.50235748,127.04319,50,61,25.58,26.0,19,30,0,0.0,50,1.0,0,0.543016,0.957095,5,false,false,never_worsened
low,combined,2330,역삼월드메르디앙아파트 앞,37.49219894,127.03945923,50,88,15.78,16.0,11,20,0,0.0,50,1.0,0,0.775155,0.951408,0,false,false,never_worsened
low,combined,2331,동영문화센터앞,37.49805069,127.04460144,50,110,26.78,26.5,21,32,0,0.0,50,1.0,0,0.668999,0.910073,16,false,false,never_worsened
low,combined,2332,선릉역3번출구,37.50410461,127.04903412,50,231,40.76,41.0,37,44,0,0.0,50,1.0,0,0.800754,0.977182,40,false,false,never_worsened
low,combined,2333,양재역 3번출구 주변,37.48515701,127.03407288,50,254,83.22,81.0,72,97,0,0.0,50,1.0,0,0.367603,0.694631,45,false,false,never_worsened
low,combined,2335,3호선 매봉역 3번출구앞,37.48676682,127.04676056,50,302,0.0,0.0,0,0,0,0.0,0,0.0,50,1.0,1.0,0,false,false,never_worsened
low,combined,2336,강남세브란스교차로 래미안그레이튼 104동 앞,37.49423599,127.04746246,50,99,2.2,2.0,0,4,3,0.06,41,0.82,6,0.946028,0.968049,2,false,true,intermittent_worsened
low,combined,2337,대모산입구역 2번출구 앞,37.49207687,127.07197571,50,62,0.0,0.0,0,0,0,0.0,0,0.0,50,1.0,1.0,0,false,false,never_worsened
low,combined,2339,현대아파트 정문 앞,37.48326111,127.0522995,50,90,12.48,12.0,10,16,0,0.0,50,1.0,0,0.825543,0.962273,1,false,false,never_worsened
low,combined,2340,삼호물산버스정류장(23370) 옆,37.47750854,127.04517365,50,313,0.0,0.0,0,0,0,0.0,0,0.0,50,1.0,1.0,0,false,false,never_worsened
low,combined,2341,일원역 4~5번 출구 사이,37.4833107,127.08493805,50,85,33.54,33.5,30,37,0,0.0,50,1.0,0,0.519842,0.912573,33,false,false,never_worsened
low,combined,2342,대청역 1번출구 뒤,37.49390793,127.07962036,50,183,15.68,16.0,12,20,0,0.0,50,1.0,0,0.880008,0.965536,9,false,false,never_worsened
low,combined,2344,리엔파크 2단지 앞,37.46506119,127.10119629,50,62,0.0,0.0,0,0,0,0.0,0,0.0,50,1.0,1.0,0,false,false,never_worsened
low,combined,2347,두산건설 본사,37.51863861,127.03540039,50,65,27.4,28.0,23,31,0,0.0,50,1.0,0,0.328616,0.750154,28,false,false,never_worsened
low,combined,2348,포스코사거리(기업은행),37.50723267,127.05685425,50,362,27.28,27.0,16,37,0,0.0,50,1.0,0,0.764696,0.840055,52,false,false,never_worsened
low,combined,2349,역삼빌딩 앞(하나은행 옆),37.50154495,127.03856659,50,104,53.4,52.5,45,61,0,0.0,50,1.0,0,0.245038,0.755849,16,false,false,never_worsened
low,combined,2350,래미안그레이튼102동앞,37.49482346,127.04790497,50,38,0.0,0.0,0,0,0,0.0,0,0.0,50,1.0,1.0,0,false,false,never_worsened
low,combined,2351,청소년수련관(수영장)앞,37.48387909,127.0890274,50,46,7.86,8.0,6,9,0,0.0,50,1.0,0,0.798261,0.969131,7,false,false,never_worsened
low,combined,2352,서울본부세관(건설회관 앞),37.51758957,127.03502655,50,81,24.2,24.5,20,28,0,0.0,50,1.0,0,0.371852,0.670617,28,false,false,never_worsened
low,combined,2353,강남구청역 2번출구 뒤,37.51681137,127.04047394,50,167,66.56,66.0,58,74,0,0.0,50,1.0,0,0.322715,0.719157,47,false,false,never_worsened
low,combined,2354,청담역 2번출구,37.51978683,127.0567627,50,33,14.14,15.0,9,18,0,0.0,50,1.0,0,0.36606,0.794546,19,false,false,never_worsened
low,combined,2356,강남구청,37.51807022,127.04711914,50,80,26.7,27.0,21,31,0,0.0,50,1.0,0,0.514842,0.847234,28,false,false,never_worsened
low,combined,2357,르네상스호텔사거리 역삼지하보도 3번출구 앞 (더 오번 빌딩 명동칼국수 앞),37.50166321,127.04297638,50,114,32.62,33.0,28,37,0,0.0,50,1.0,0,0.480202,0.766608,17,false,false,never_worsened
low,combined,2358,구룡초사거리 (현대아파트10동 앞 ),37.48138428,127.05391693,50,88,11.4,12.0,8,15,0,0.0,50,1.0,0,0.773802,0.902253,9,false,false,never_worsened
low,combined,2359,"국립국악중,고교 정문 맞은편",37.47560501,127.05037689,50,176,-0.3,0.0,-1,0,7,0.14,0,0.0,43,1.0,0.998295,0,false,true,intermittent_worsened
low,combined,2360,도곡1동 주민센터 교차로,37.4928093,127.04138947,50,130,4.8,5.0,2,7,1,0.02,49,0.98,0,0.906798,0.943578,3,false,true,intermittent_worsened
low,combined,2362,신사동 가로수길 입구,37.51763535,127.02245331,50,78,-0.3,0.0,-1,0,13,0.26,0,0.0,37,1.0,0.996154,0,false,true,intermittent_worsened
low,combined,2363,강남 을지병원 교차로,37.51913834,127.02751923,50,44,-0.22,0.0,-1,0,11,0.22,0,0.0,39,1.0,0.995,0,false,true,intermittent_worsened
low,combined,2364,도산공원교차로,37.52124023,127.0318985,50,59,0.0,0.0,0,0,0,0.0,0,0.0,50,1.0,1.0,0,false,false,never_worsened
low,combined,2365,K+ 타워 앞,37.52330017,127.03847504,50,84,-0.86,-1.0,-2,0,26,0.52,0,0.0,24,1.0,0.989762,-1,true,false,intermittent_worsened
low,combined,2368,도곡동 경남아파트 건너편,37.48934174,127.04129791,50,81,20.56,21.0,15,25,0,0.0,50,1.0,0,0.511201,0.763959,23,false,false,never_worsened
low,combined,2369,KT선릉타워,37.50542831,127.0528717,50,155,14.94,15.0,11,17,0,0.0,50,1.0,0,0.876774,0.973161,16,false,false,never_worsened
low,combined,2370,한티역 3번출구,37.49655151,127.0542984,50,47,0.0,0.0,0,0,0,0.0,0,0.0,50,1.0,1.0,0,false,false,never_worsened
low,combined,2371,한국우편사업진흥원,37.51474762,127.03513336,50,83,40.42,40.5,36,45,0,0.0,50,1.0,0,0.229871,0.711361,36,false,false,never_worsened
low,combined,2372,대치역 사거리,37.49449921,127.063797,50,112,0.0,0.0,0,0,0,0.0,0,0.0,50,1.0,1.0,0,false,false,never_worsened
low,combined,2373,개포동역 사거리,37.48927689,127.06557465,50,57,5.16,5.0,4,6,0,0.0,50,1.0,0,0.898597,0.989123,5,false,false,never_worsened
low,combined,2375,수서역 1번출구 앞,37.48735046,127.10099792,50,169,0.0,0.0,0,0,0,0.0,0,0.0,50,1.0,1.0,0,false,false,never_worsened
low,combined,2376,수서역 6번출구 앞,37.48677826,127.10051727,50,179,0.0,0.0,0,0,0,0.0,0,0.0,50,1.0,1.0,0,false,false,never_worsened
low,combined,2377,수서역 5번출구,37.48735046,127.10232544,50,439,0.0,0.0,0,0,0,0.0,0,0.0,50,1.0,1.0,0,false,false,never_worsened
low,combined,2380,삼성동베이직하우스앞,37.51169586,127.04934692,50,85,26.96,26.5,22,31,0,0.0,50,1.0,0,0.510739,0.827188,11,false,false,never_worsened
low,combined,2381,언주역 6번출구앞,37.50780869,127.03498077,50,68,18.48,18.0,16,20,0,0.0,50,1.0,0,0.704093,0.972537,11,false,false,never_worsened
low,combined,2382,역삼동 sk뷰 501동앞,37.50122833,127.05036163,50,51,15.72,15.0,11,21,0,0.0,50,1.0,0,0.55216,0.855467,2,false,false,never_worsened
low,combined,2383,보금자리정원,37.46632767,127.09488678,50,42,0.78,0.5,-1,2,8,0.16,25,0.5,17,0.94619,0.964762,2,false,true,intermittent_worsened
low,combined,2384,자곡사거리,37.47602844,127.10594177,50,232,1.32,1.0,0,3,2,0.04,32,0.64,16,0.981897,0.987586,2,false,true,intermittent_worsened
low,combined,2385,학동역,37.51395035,127.03015137,50,95,4.26,5.0,0,7,3,0.06,43,0.86,4,0.902316,0.947158,9,false,true,intermittent_worsened
low,combined,2386,크린랩 본사,37.50958633,127.04090881,50,51,16.38,17.0,13,19,0,0.0,50,1.0,0,0.490737,0.808034,14,false,false,never_worsened
low,combined,2387,래미안강남힐즈 사거리,37.47245407,127.09607697,50,145,-3.12,-2.5,-5,-1,46,0.92,1,0.02,3,0.968276,0.946759,1,false,true,persistent_worsened
low,combined,2388,강남구 도시관리공단,37.51678467,127.05161285,50,85,16.82,16.0,13,21,0,0.0,50,1.0,0,0.400679,0.596809,29,false,false,never_worsened
low,combined,2389,경기여자고등학교 후문 (삼성로3길 입구),37.48616028,127.06723785,50,114,2.06,2.0,-1,5,8,0.16,32,0.64,10,0.955965,0.974035,3,false,true,intermittent_worsened
low,combined,2390,구룡마을 입구 (래미안블레스티지 아파트),37.48088074,127.06304169,50,140,-0.04,0.0,0,0,2,0.04,0,0.0,48,1.0,0.999714,0,false,true,intermittent_worsened
low,combined,2392,구룡산 입구 (구룡산 서울둘레길 입구),37.47447205,127.05545044,50,21,2.36,2.0,1,3,0,0.0,50,1.0,0,0.884955,0.992767,2,false,false,never_worsened
low,combined,2394,개포래미안포레스트아파트 107동 앞,37.48025131,127.05419159,50,114,12.12,12.0,8,17,0,0.0,50,1.0,0,0.763619,0.869625,20,false,false,never_worsened
low,combined,2396,영동3교 북단(우성캐릭터 앞 보도),37.48574066,127.05104828,50,55,1.02,2.0,-3,3,8,0.16,35,0.7,7,0.832364,0.850909,4,false,true,intermittent_worsened
low,combined,2398,더라움,37.50811005,127.0394516,50,69,17.54,17.0,13,22,0,0.0,50,1.0,0,0.483402,0.734696,9,false,false,never_worsened
low,combined,2401,밀알학교 입구 (삼성서울병원 입구),37.48656082,127.08267212,50,48,12.98,13.0,9,17,0,0.0,50,1.0,0,0.455197,0.720125,17,false,false,never_worsened
low,combined,2403,공무원연금매점 교차로 (개포주공9단지 입구),37.48871994,127.07453918,50,132,13.92,14.0,10,18,0,0.0,50,1.0,0,0.820393,0.925727,11,false,false,never_worsened
low,combined,2404,대모산입구역 4번 출구 앞,37.49180984,127.07315826,50,195,0.0,0.0,0,0,0,0.0,0,0.0,50,1.0,1.0,0,false,false,never_worsened
low,combined,2405,청담공원앞 교차로,37.51871109,127.05084991,50,176,32.78,34.0,25,39,0,0.0,50,1.0,0,0.221234,0.406515,59,false,false,never_worsened
low,combined,2406,논현동 광명빌딩 앞,37.5175705,127.02364349,50,33,-0.18,0.0,-1,0,8,0.16,0,0.0,42,1.0,0.994545,0,false,true,intermittent_worsened
low,combined,2407,역삼서초삼성 세무서 앞 (역삼빌딩 앞,37.49847031,127.03011322,50,227,0.12,0.0,-5,6,22,0.44,23,0.46,5,0.941322,0.94185,9,false,true,intermittent_worsened
low,combined,2408,강남한양수자인아파트,37.4773407,127.11327362,50,157,0.0,0.0,0,0,0,0.0,0,0.0,50,1.0,1.0,0,false,false,never_worsened
low,combined,2409,역삼동 디오슈페리움 (우성아파트 사거리),37.49206161,127.03074646,50,139,-4.26,-4.0,-8,-2,47,0.94,0,0.0,3,1.0,0.969353,-7,true,false,persistent_worsened
low,combined,2410,포스코피앤에스타워 (역삼역 3번출구 부근),37.49959946,127.03375244,50,180,9.96,10.0,5,16,0,0.0,50,1.0,0,0.558434,0.613449,17,false,false,never_worsened
low,combined,2411,세곡동 성당,37.47296906,127.11222839,50,144,1.08,0.0,0,2,0,0.0,22,0.44,28,0.937864,0.945303,0,false,false,never_worsened
low,combined,2413,도곡역 1번 출구,37.49095917,127.05498505,50,146,0.0,0.0,0,0,0,0.0,0,0.0,50,1.0,1.0,0,false,false,never_worsened
low,combined,2414,도곡역 아카데미스위트 앞,37.48897171,127.05182648,50,220,0.0,0.0,0,0,0,0.0,0,0.0,50,1.0,1.0,0,false,false,never_worsened
low,combined,2415,한티역 롯데백화점 앞,37.49667358,127.05342865,50,142,3.3,3.0,1,5,0,0.0,49,0.98,1,0.943703,0.966899,1,false,false,never_worsened
low,combined,2416,한티역 6번 출구,37.4958992,127.05219269,50,74,-4.24,-4.0,-6,-2,50,1.0,0,0.0,0,0.99973,0.942432,-6,true,false,persistent_worsened
low,combined,2417,선정릉 디캠프(D.CAMP)앞,37.50799942,127.04524994,50,44,9.72,10.0,8,12,0,0.0,50,1.0,0,0.700812,0.9176,4,false,false,never_worsened
low,combined,2418,봉은사역 7번 출구,37.51393509,127.05982208,50,108,4.88,5.0,1,9,1,0.02,47,0.94,2,0.850371,0.895556,12,false,true,intermittent_worsened
low,combined,2419,"봉은사역 1,2번 출구",37.51430893,127.05970001,50,77,0.0,0.0,0,0,0,0.0,0,0.0,50,1.0,1.0,0,false,false,never_worsened
low,combined,2420,학여울역 사거리(LG베스트샵 앞),37.49689484,127.07013702,50,111,-0.9,-1.0,-2,0,28,0.56,0,0.0,22,1.0,0.991892,-6,true,false,intermittent_worsened
low,combined,2422,수서동 성당 맞은편,37.48416901,127.09484863,50,64,-4.02,-4.0,-6,-3,50,1.0,0,0.0,0,1.0,0.937187,-4,true,false,persistent_worsened
low,combined,2423,영희초교 사거리(래미안개포루체하임),37.4908371,127.08065033,50,144,-1.14,0.0,-4,0,20,0.4,0,0.0,30,1.0,0.992083,-1,true,false,intermittent_worsened
low,combined,2425,세곡동 사거리(대왕초등학교 정류장),37.46461868,127.10684967,50,44,0.0,0.0,0,0,0,0.0,0,0.0,50,1.0,1.0,0,false,false,never_worsened
low,combined,2426,강남한신휴플러스 6단지,37.46829605,127.10469818,50,83,2.14,0.5,0,6,1,0.02,25,0.5,24,0.827987,0.853396,3,false,true,intermittent_worsened
low,combined,2427,개포고등학교 정문앞,37.48485184,127.0583725,50,111,-2.28,-2.0,-6,1,39,0.78,6,0.12,5,0.983005,0.962534,-1,true,false,intermittent_worsened
low,combined,2430,강남파이낸스센터앞(역삼역2번출구),37.50024414,127.03605652,50,179,27.54,27.0,22,35,0,0.0,50,1.0,0,0.366073,0.519113,15,false,false,never_worsened
low,combined,2431,대치역 7번출구,37.49411774,127.06290436,50,165,0.0,0.0,0,0,0,0.0,0,0.0,50,1.0,1.0,0,false,false,never_worsened
low,combined,3602,한국지역난방공사강남지사,37.49229431,127.09433746,50,83,-0.34,1.0,-4,1,17,0.34,27,0.54,6,0.988193,0.984096,1,false,true,intermittent_worsened
low,combined,3604,삼성중앙역 5번출구,37.51296234,127.05386353,50,113,16.54,16.0,13,20,0,0.0,50,1.0,0,0.612884,0.758961,11,false,false,never_worsened
low,combined,3606,신사동주민센터 옆,37.52422714,127.02285004,50,53,0.0,0.0,0,0,0,0.0,0,0.0,50,1.0,1.0,0,false,false,never_worsened
low,combined,3609,언주초등학교 입구,37.48536682,127.03849792,50,87,-3.08,-3.0,-4,-2,50,1.0,0,0.0,0,1.0,0.964598,-2,true,false,persistent_worsened
low,combined,3610,윗반마을 입구,37.46534729,127.1088028,50,20,2.36,2.0,1,4,0,0.0,50,1.0,0,0.886554,1.0,1,false,false,never_worsened
low,combined,3611,방죽마을 입구,37.47123337,127.10721588,50,63,0.0,0.0,0,0,0,0.0,0,0.0,50,1.0,1.0,0,false,false,never_worsened
low,combined,3614,은마아파트 입구 사거리,37.49840164,127.06093597,50,185,1.5,2.0,-2,4,10,0.2,36,0.72,4,0.950928,0.959002,6,false,true,intermittent_worsened
low,combined,3615,서울 논현동우체국 앞,37.51446152,127.0326004,50,58,23.64,24.0,21,27,0,0.0,50,1.0,0,0.519336,0.92128,24,false,false,never_worsened
low,combined,3616,역삼중학교 앞(체육관 방향),37.49526215,127.04950714,50,41,0.0,0.0,0,0,0,0.0,0,0.0,50,1.0,1.0,0,false,false,never_worsened
low,combined,3618,서울율현초교 삼거리,37.47364044,127.10702515,50,102,0.0,0.0,0,0,0,0.0,0,0.0,50,1.0,1.0,0,false,false,never_worsened
low,combined,3620,청담역 11번 출구,37.51925659,127.0515976,50,61,11.48,11.0,5,16,0,0.0,50,1.0,0,0.215239,0.400172,5,false,false,never_worsened
low,combined,3622,은마아파트입구 사거리(1),37.49986649,127.0605011,50,57,5.24,5.0,1,8,1,0.02,48,0.96,1,0.767563,0.857479,1,false,true,intermittent_worsened
low,combined,3623,일원에코파크 앞(개포로 방면),37.49587631,127.08650208,50,66,0.0,0.0,0,0,0,0.0,0,0.0,50,1.0,1.0,0,false,false,never_worsened
low,combined,3624,대모산입구역 7번 출구 앞,37.49017715,127.07305908,50,42,3.3,3.0,0,6,0,0.0,43,0.86,7,0.662051,0.741259,3,false,false,never_worsened
low,combined,3627,압구정나들목,37.53075027,127.04160309,50,94,11.14,11.0,8,15,0,0.0,50,1.0,0,0.821337,0.938751,3,false,false,never_worsened
low,combined,3629,청담사거리(신한오피스텔빌딩 앞),37.52416229,127.0489502,50,15,0.0,0.0,0,0,0,0.0,0,0.0,50,1.0,1.0,0,false,false,never_worsened
low,combined,3630,개포우성6차아파트 정문 앞,37.47685623,127.05536652,50,57,9.98,11.0,6,14,0,0.0,50,1.0,0,0.542194,0.714859,12,false,false,never_worsened
low,combined,3634,국악고교 앞 교차로,37.47402191,127.04844666,50,80,3.36,5.0,0,6,0,0.0,36,0.72,14,0.902677,0.944163,4,false,false,never_worsened
low,combined,3636,삼성중앙역·플래티넘아파트 정류소,37.51264191,127.05156708,50,104,30.14,29.0,26,37,0,0.0,50,1.0,0,0.41059,0.700504,30,false,false,never_worsened
low,combined,3637,세곡데이케어센터,37.46072388,127.10287476,50,31,0.0,0.0,0,0,0,0.0,0,0.0,50,1.0,1.0,0,false,false,never_worsened
low,combined,3638,신청담나들목,37.52796173,127.05162811,50,34,0.0,0.0,0,0,0,0.0,0,0.0,50,1.0,1.0,0,false,false,never_worsened
low,combined,3640,일원1동주민센터앞 사거리,37.49087906,127.08795929,50,194,-10.96,-11.0,-14,-8,50,1.0,0,0.0,0,0.979794,0.923299,-1,true,false,persistent_worsened
low,combined,3641,대청역,37.49370575,127.0799942,50,170,2.48,2.5,-1,5,5,0.1,42,0.84,3,0.963899,0.978432,3,false,true,intermittent_worsened
low,combined,3642,LH강남힐스테이트아파트,37.47081375,127.08969879,50,151,10.7,12.0,7,14,0,0.0,50,1.0,0,0.251598,0.322172,16,false,false,never_worsened
low,combined,3643,더시그넘하우스 앞,37.47267914,127.10375977,50,98,0.16,0.0,0,1,2,0.04,8,0.16,40,0.877039,0.878675,0,false,true,intermittent_worsened
low,combined,3644,상록수아파트,37.48276138,127.08042145,50,89,15.74,16.0,10,20,0,0.0,50,1.0,0,0.228939,0.405773,29,false,false,never_worsened
low,combined,3646,선정릉역 4번 출구,37.5097847,127.04277039,50,84,19.52,19.0,16,24,0,0.0,50,1.0,0,0.515299,0.745119,23,false,false,never_worsened
low,combined,3647,구룡역 1번 출구,37.48642349,127.05931854,50,100,6.66,7.0,2,10,1,0.02,49,0.98,0,0.8474,0.914,10,false,true,intermittent_worsened
low,combined,3648,구룡역 4번 출구,37.48670578,127.0605011,50,24,0.0,0.0,0,0,0,0.0,0,0.0,50,1.0,1.0,0,false,false,never_worsened
low,combined,3649,구룡역 5번 출구,37.48607635,127.05921936,50,84,2.5,3.0,-2,6,9,0.18,39,0.78,2,0.890482,0.919817,2,false,true,intermittent_worsened
low,combined,3651,개포동역 4번출구,37.48929596,127.06616974,50,149,0.0,0.0,0,0,0,0.0,0,0.0,50,1.0,1.0,0,false,false,never_worsened
low,combined,4902,구역삼세무서 교차로,37.49524307,127.03937531,50,144,0.16,0.0,-5,6,23,0.46,23,0.46,4,0.786383,0.78747,0,false,true,intermittent_worsened
low,combined,4903,신사스퀘어,37.51916885,127.0189743,50,39,0.0,0.0,0,0,0,0.0,0,0.0,50,1.0,1.0,0,false,false,never_worsened
low,combined,4905,강남경찰서,37.50971985,127.06679535,50,284,12.88,12.5,8,17,0,0.0,50,1.0,0,0.744643,0.789805,7,false,false,never_worsened
low,combined,4906,섬유센터 앞,37.50767136,127.06017303,50,221,22.44,23.0,20,24,0,0.0,50,1.0,0,0.875962,0.977151,20,false,false,never_worsened
low,combined,4907,극동스포츠 앞,37.5257225,127.02588654,50,82,3.68,3.0,0,7,0,0.0,39,0.78,11,0.827073,0.871951,6,false,false,never_worsened
low,combined,4908,SB타워 앞,37.52210999,127.03646088,50,39,0.0,0.0,0,0,0,0.0,0,0.0,50,1.0,1.0,0,false,false,never_worsened
low,combined,4909,노보텔 앰배서더 앞,37.50570297,127.02919769,50,53,2.56,2.0,0,6,0,0.0,37,0.74,13,0.358608,0.406479,10,false,false,never_worsened
low,combined,4913,레베쌍트 빌딩 앞,37.51292038,127.056427,50,46,0.02,0.0,0,0,0,0.0,1,0.02,49,0.99913,0.999565,0,false,false,never_worsened
low,combined,4914,도심공항타워 앞,37.50999069,127.05847168,50,140,24.12,25.0,21,27,0,0.0,50,1.0,0,0.811714,0.984,24,false,false,never_worsened
low,combined,4915,영동중앙교회 버스정류장,37.49775314,127.03857422,50,57,8.76,8.0,7,11,0,0.0,50,1.0,0,0.415644,0.570457,5,false,false,never_worsened
low,combined,4916,청담역 1번출구,37.51973724,127.05767822,50,43,6.58,6.0,5,10,0,0.0,50,1.0,0,0.142604,0.300038,1,false,false,never_worsened
low,combined,4917,일원에코파크 주차장,37.49404526,127.08678436,50,170,0.0,0.0,0,0,0,0.0,0,0.0,50,1.0,1.0,0,false,false,never_worsened
low,combined,4918,매봉역 1번출구,37.48661041,127.04550934,50,83,0.0,0.0,0,0,0,0.0,0,0.0,50,1.0,1.0,0,false,false,never_worsened
low,combined,4919,학여울역사거리(은마아파트),37.49665833,127.06938171,50,32,3.58,4.0,1,5,0,0.0,49,0.98,1,0.885111,0.99222,0,false,false,never_worsened
low,combined,4923,수협대치동지점,37.49861526,127.0683136,50,118,-0.2,0.0,0,0,4,0.08,0,0.0,46,1.0,0.998305,0,false,true,intermittent_worsened
low,combined,4924,논현동가구거리,37.51280975,127.02636719,50,47,2.5,2.0,2,4,0,0.0,50,1.0,0,0.87243,0.925445,1,false,false,never_worsened
low,combined,4925,청담백영빌딩 앞,37.52390289,127.04660797,50,42,0.0,0.0,0,0,0,0.0,0,0.0,50,1.0,1.0,0,false,false,never_worsened
low,combined,4926,대치우성아파트 사거리,37.50099564,127.06803894,50,216,1.08,1.0,-1,3,6,0.12,28,0.56,16,0.962065,0.967051,4,false,true,intermittent_worsened
low,combined,4928,교수마을 입구,37.4818573,127.10456085,50,33,0.0,0.0,0,0,0,0.0,0,0.0,50,1.0,1.0,0,false,false,never_worsened
low,combined,4929,파스쿠찌 청담사거리점 앞,37.52464676,127.04914856,50,73,-0.1,0.0,-1,0,5,0.1,0,0.0,45,1.0,0.99863,0,false,true,intermittent_worsened
low,combined,4930,학여울역 1번 출구,37.49662018,127.07099915,50,53,0.36,0.0,0,1,0,0.0,16,0.32,34,0.869057,0.875849,5,false,false,never_worsened
low,combined,4931,디에이치퍼스티어아이파크 124동 앞,37.48131943,127.05435181,50,137,1.16,1.0,-2,5,13,0.26,27,0.54,10,0.787647,0.796005,6,false,true,intermittent_worsened
low,combined,4932,개포래미안포레스트 130동 맞은편,37.47748566,127.05743408,50,67,0.78,0.0,-4,5,20,0.4,23,0.46,7,0.759776,0.770893,0,false,true,intermittent_worsened
low,combined,4935,도곡삼성래미안,37.48920441,127.05106354,50,74,-5.7,-6.0,-7,-4,50,1.0,0,0.0,0,0.956353,0.879714,-3,true,false,persistent_worsened
low,combined,4936,SK텔레콤(T1) 인근,37.51263046,127.04283142,50,45,5.58,5.0,3,9,0,0.0,50,1.0,0,0.291106,0.415022,5,false,false,never_worsened
low,combined,4937,개포래미안포레스트126동 앞,37.47816467,127.05630493,50,79,1.74,1.0,0,3,0,0.0,43,0.86,7,0.613484,0.635508,2,false,false,never_worsened
low,combined,4938,LH수서2단지 201동 앞,37.47955322,127.10666656,50,274,0.14,0.0,0,1,0,0.0,6,0.12,44,0.966412,0.966925,0,false,false,never_worsened
low,combined,4939,도산공원,37.5253067,127.03302765,50,29,3.68,4.0,3,4,0,0.0,50,1.0,0,0.866897,0.993793,4,false,false,never_worsened
low,combined,4940,한강버스 압구정 선착장,37.52643204,127.01720428,50,248,0.0,0.0,0,0,0,0.0,0,0.0,50,1.0,1.0,0,false,false,never_worsened
low,combined,4941,압구정로 11길,37.52594757,127.02082825,50,39,0.0,0.0,0,0,0,0.0,0,0.0,50,1.0,1.0,0,false,false,never_worsened
low,combined,4942,율현삼거리,37.46805573,127.12036133,50,24,0.0,0.0,0,0,0,0.0,0,0.0,50,1.0,1.0,0,false,false,never_worsened
base,observed,2301,현대고등학교 건너편,37.52407074,127.02178955,50,68,1.14,1.0,0,2,0,0.0,37,0.74,13,0.983235,1.0,0,false,false,never_worsened
base,observed,2302,교보타워 버스정류장(신논현역 3번출구 후면),37.5055809,127.02427673,50,130,-0.3,0.0,-1,0,15,0.3,0,0.0,35,1.0,0.997692,0,false,true,intermittent_worsened
base,observed,2303,논현역 10번출구,37.51137161,127.02146149,50,146,28.9,28.5,25,32,0,0.0,50,1.0,0,0.75,0.947945,23,false,false,never_worsened
base,observed,2304,대현그린타워,37.5116272,127.03565216,50,67,40.7,41.0,38,43,0,0.0,50,1.0,0,0.241194,0.848657,44,false,false,never_worsened
base,observed,2305,MCM 본사 직영점 앞,37.52064133,127.03450775,50,39,-2.96,-3.0,-4,-2,50,1.0,0,0.0,0,1.0,0.924103,-4,true,false,persistent_worsened
base,observed,2306,압구정역 2번 출구 옆,37.5271225,127.02871704,50,231,29.52,30.0,24,32,0,0.0,50,1.0,0,0.852295,0.980087,23,false,false,never_worsened
base,observed,2307,압구정 한양 3차 아파트,37.52838135,127.03901672,50,125,18.08,18.0,16,21,0,0.0,50,1.0,0,0.82816,0.9728,18,false,false,never_worsened
base,observed,2308,압구정파출소 앞,37.52930069,127.03559875,50,120,-1.34,-1.0,-4,0,30,0.6,0,0.0,20,1.0,0.988833,-1,true,false,intermittent_worsened
base,observed,2309,청담역(우리들병원 앞),37.51890182,127.04938507,50,50,20.36,20.0,18,22,0,0.0,50,1.0,0,0.5508,0.958,21,false,false,never_worsened
base,observed,2310,청담동 맥도날드 옆(위치),37.52361298,127.04017639,50,49,4.56,5.0,4,5,0,0.0,50,1.0,0,0.906939,1.0,5,false,false,never_worsened
base,observed,2311,학동로 래미안 아파트 앞,37.51777267,127.04302216,50,43,19.2,19.5,17,21,0,0.0,50,1.0,0,0.501395,0.947907,19,false,false,never_worsened
base,observed,2312,청담역 13번 출구 앞,37.52058029,127.05632782,50,67,14.82,15.0,13,16,0,0.0,50,1.0,0,0.756418,0.977612,15,false,false,never_worsened
base,observed,2313,금원빌딩 앞,37.52505493,127.05252838,50,62,-0.14,0.0,-1,0,7,0.14,0,0.0,43,1.0,0.997742,0,false,true,intermittent_worsened
base,observed,2315,봉은사역 5번출구 옆,37.51424789,127.06111908,50,109,0.0,0.0,0,0,0,0.0,0,0.0,50,1.0,1.0,0,false,false,never_worsened
base,observed,2317,삼성도로공원,37.51588821,127.06620026,50,93,0.0,0.0,0,0,0,0.0,0,0.0,50,1.0,1.0,0,false,false,never_worsened
base,observed,2318,삼성중앙역4번출구(문화센터더 리빌),37.51357651,127.05503082,50,15,0.84,1.0,0,1,0,0.0,42,0.84,8,0.934666,0.990667,1,false,false,never_worsened
base,observed,2319,포스코사거리 서측(수협 삼성동 지점),37.50660706,127.05467987,50,108,8.08,8.0,7,10,0,0.0,50,1.0,0,0.919815,0.99463,7,false,false,never_worsened
base,observed,2320,도곡역 대치지구대 방향,37.49191284,127.05709076,50,87,0.0,0.0,0,0,0,0.0,0,0.0,50,1.0,1.0,0,false,false,never_worsened
base,observed,2321,학여울역 사거리,37.49611664,127.06944275,50,34,-0.3,0.0,-1,0,15,0.3,0,0.0,35,1.0,0.991176,0,false,true,intermittent_worsened
base,observed,2324,천주교 대치 2동 교회 옆,37.50043869,127.06622314,50,126,0.02,0.0,0,0,0,0.0,1,0.02,49,0.999841,1.0,0,false,false,never_worsened
base,observed,2325,대치삼성아파트 앞 교차로,37.4986496,127.05931854,50,97,8.6,8.5,7,10,0,0.0,50,1.0,0,0.902887,0.991546,6,false,false,never_worsened
base,observed,2326,대치동 삼성로,37.50239563,127.05879974,50,50,14.1,14.0,12,17,0,0.0,50,1.0,0,0.5644,0.8464,14,false,false,never_worsened
base,observed,2327,뱅뱅사거리 랜드마크타워 앞,37.49055099,127.03146362,50,140,-1.64,-1.0,-4,0,32,0.64,0,0.0,18,1.0,0.988286,0,false,true,intermittent_worsened
base,observed,2328,르네상스 호텔 사거리 역삼지하보도 7번출구 앞,37.50321198,127.04273224,50,109,17.48,17.5,14,20,0,0.0,50,1.0,0,0.717615,0.877982,19,false,false,never_worsened
base,observed,2329,르네상스호텔사거리 역삼지하보도 2번출구,37.50235748,127.04319,50,38,5.5,6.0,4,7,0,0.0,50,1.0,0,0.837895,0.982631,5,false,false,never_worsened
base,observed,2330,역삼월드메르디앙아파트 앞,37.49219894,127.03945923,50,69,3.48,3.0,2,6,0,0.0,49,0.98,1,0.948986,0.99942,0,false,false,never_worsened
base,observed,2331,동영문화센터앞,37.49805069,127.04460144,50,96,17.34,17.0,13,21,0,0.0,50,1.0,0,0.7475,0.928125,16,false,false,never_worsened
base,observed,2332,선릉역3번출구,37.50410461,127.04903412,50,227,37.24,37.0,34,41,0,0.0,50,1.0,0,0.816035,0.980088,40,false,false,never_worsened
base,observed,2333,양재역 3번출구 주변,37.48515701,127.03407288,50,172,43.68,43.0,38,50,0,0.0,50,1.0,0,0.502674,0.756628,45,false,false,never_worsened
base,observed,2335,3호선 매봉역 3번출구앞,37.48676682,127.04676056,50,302,0.0,0.0,0,0,0,0.0,0,0.0,50,1.0,1.0,0,false,false,never_worsened
base,observed,2336,강남세브란스교차로 래미안그레이튼 104동 앞,37.49423599,127.04746246,50,98,1.0,1.0,-2,3,8,0.16,34,0.68,8,0.95898,0.969184,2,false,true,intermittent_worsened
base,observed,2337,대모산입구역 2번출구 앞,37.49207687,127.07197571,50,62,0.0,0.0,0,0,0,0.0,0,0.0,50,1.0,1.0,0,false,false,never_worsened
base,observed,2339,현대아파트 정문 앞,37.48326111,127.0522995,50,76,2.68,3.0,1,4,0,0.0,50,1.0,0,0.948684,0.983947,1,false,false,never_worsened
base,observed,2340,삼호물산버스정류장(23370) 옆,37.47750854,127.04517365,50,313,0.0,0.0,0,0,0,0.0,0,0.0,50,1.0,1.0,0,false,false,never_worsened
base,observed,2341,일원역 4~5번 출구 사이,37.4833107,127.08493805,50,80,28.48,28.5,26,31,0,0.0,50,1.0,0,0.54925,0.90525,33,false,false,never_worsened
base,observed,2342,대청역 1번출구 뒤,37.49390793,127.07962036,50,171,8.5,8.0,6,11,0,0.0,50,1.0,0,0.927018,0.976725,9,false,false,never_worsened
base,observed,2344,리엔파크 2단지 앞,37.46506119,127.10119629,50,62,0.0,0.0,0,0,0,0.0,0,0.0,50,1.0,1.0,0,false,false,never_worsened
base,observed,2347,두산건설 본사,37.51863861,127.03540039,50,65,25.22,25.0,20,30,0,0.0,50,1.0,0,0.334154,0.722154,28,false,false,never_worsened
base,observed,2348,포스코사거리(기업은행),37.50723267,127.05685425,50,362,21.26,19.0,8,34,1,0.02,49,0.98,0,0.764751,0.823481,52,false,true,intermittent_worsened
base,observed,2349,역삼빌딩 앞(하나은행 옆),37.50154495,127.03856659,50,46,16.08,16.0,13,19,0,0.0,50,1.0,0,0.49,0.839565,16,false,false,never_worsened
base,observed,2350,래미안그레이튼102동앞,37.49482346,127.04790497,50,38,0.0,0.0,0,0,0,0.0,0,0.0,50,1.0,1.0,0,false,false,never_worsened
base,observed,2351,청소년수련관(수영장)앞,37.48387909,127.0890274,50,46,7.58,8.0,6,9,0,0.0,50,1.0,0,0.800435,0.965218,7,false,false,never_worsened
base,observed,2352,서울본부세관(건설회관 앞),37.51758957,127.03502655,50,81,23.36,23.0,19,28,0,0.0,50,1.0,0,0.373086,0.661482,28,false,false,never_worsened
base,observed,2353,강남구청역 2번출구 뒤,37.51681137,127.04047394,50,140,49.62,49.0,42,56,0,0.0,50,1.0,0,0.355286,0.709714,47,false,false,never_worsened
base,observed,2354,청담역 2번출구,37.51978683,127.0567627,50,33,12.6,13.0,9,17,0,0.0,50,1.0,0,0.372727,0.754546,19,false,false,never_worsened
base,observed,2356,강남구청,37.51807022,127.04711914,50,77,23.1,23.0,17,28,0,0.0,50,1.0,0,0.533507,0.833507,28,false,false,never_worsened
base,observed,2357,르네상스호텔사거리 역삼지하보도 3번출구 앞 (더 오번 빌딩 명동칼국수 앞),37.50166321,127.04297638,50,73,13.44,14.0,10,16,0,0.0,50,1.0,0,0.708219,0.892329,17,false,false,never_worsened
base,observed,2358,구룡초사거리 (현대아파트10동 앞 ),37.48138428,127.05391693,50,77,5.5,5.0,4,7,0,0.0,50,1.0,0,0.873247,0.944675,9,false,false,never_worsened
base,observed,2359,"국립국악중,고교 정문 맞은편",37.47560501,127.05037689,50,176,-0.16,0.0,-1,0,6,0.12,0,0.0,44,1.0,0.999091,0,false,true,intermittent_worsened
base,observed,2360,도곡1동 주민센터 교차로,37.4928093,127.04138947,50,125,2.64,2.0,0,6,3,0.06,40,0.8,7,0.93024,0.95136,3,false,true,intermittent_worsened
base,observed,2362,신사동 가로수길 입구,37.51763535,127.02245331,50,78,-0.36,0.0,-1,0,14,0.28,0,0.0,36,1.0,0.995385,0,false,true,intermittent_worsened
base,observed,2363,강남 을지병원 교차로,37.51913834,127.02751923,50,44,-0.16,0.0,-1,0,8,0.16,0,0.0,42,1.0,0.996364,0,false,true,intermittent_worsened
base,observed,2364,도산공원교차로,37.52124023,127.0318985,50,59,-0.02,0.0,0,0,1,0.02,0,0.0,49,1.0,0.999661,0,false,true,intermittent_worsened
base,observed,2365,K+ 타워 앞,37.52330017,127.03847504,50,84,-0.76,-1.0,-2,0,27,0.54,0,0.0,23,1.0,0.990952,-1,true,false,intermittent_worsened
base,observed,2368,도곡동 경남아파트 건너편,37.48934174,127.04129791,50,67,11.68,12.5,7,15,0,0.0,50,1.0,0,0.583582,0.75791,23,false,false,never_worsened
base,observed,2369,KT선릉타워,37.50542831,127.0528717,50,155,14.74,15.0,12,17,0,0.0,50,1.0,0,0.881419,0.976516,16,false,false,never_worsened
base,observed,2370,한티역 3번출구,37.49655151,127.0542984,50,47,0.0,0.0,0,0,0,0.0,0,0.0,50,1.0,1.0,0,false,false,never_worsened
base,observed,2371,한국우편사업진흥원,37.51474762,127.03513336,50,59,29.08,29.0,24,33,0,0.0,50,1.0,0,0.307458,0.800339,36,false,false,never_worsened
base,observed,2372,대치역 사거리,37.49449921,127.063797,50,112,0.0,0.0,0,0,0,0.0,0,0.0,50,1.0,1.0,0,false,false,never_worsened
base,observed,2373,개포동역 사거리,37.48927689,127.06557465,50,57,4.62,5.0,3,6,0,0.0,50,1.0,0,0.904562,0.985614,5,false,false,never_worsened
base,observed,2375,수서역 1번출구 앞,37.48735046,127.10099792,50,169,0.0,0.0,0,0,0,0.0,0,0.0,50,1.0,1.0,0,false,false,never_worsened
base,observed,2376,수서역 6번출구 앞,37.48677826,127.10051727,50,179,0.0,0.0,0,0,0,0.0,0,0.0,50,1.0,1.0,0,false,false,never_worsened
base,observed,2377,수서역 5번출구,37.48735046,127.10232544,50,414,0.06,0.0,0,0,1,0.02,4,0.08,45,0.999517,0.999662,0,false,true,intermittent_worsened
base,observed,2380,삼성동베이직하우스앞,37.51169586,127.04934692,50,54,11.22,11.0,9,13,0,0.0,50,1.0,0,0.741482,0.949259,11,false,false,never_worsened
base,observed,2381,언주역 6번출구앞,37.50780869,127.03498077,50,59,10.84,11.0,9,12,0,0.0,50,1.0,0,0.812203,0.995932,11,false,false,never_worsened
base,observed,2382,역삼동 sk뷰 501동앞,37.50122833,127.05036163,50,31,2.62,2.0,1,4,0,0.0,49,0.98,1,0.881936,0.966452,2,false,false,never_worsened
base,observed,2383,보금자리정원,37.46632767,127.09488678,50,42,0.94,1.0,-1,2,5,0.1,29,0.58,16,0.943809,0.96619,2,false,true,intermittent_worsened
base,observed,2384,자곡사거리,37.47602844,127.10594177,50,232,1.06,1.0,0,3,0,0.0,28,0.56,22,0.98319,0.987759,2,false,false,never_worsened
base,observed,2385,학동역,37.51395035,127.03015137,50,95,3.18,3.0,0,7,3,0.06,43,0.86,4,0.907158,0.940631,9,false,true,intermittent_worsened
base,observed,2386,크린랩 본사,37.50958633,127.04090881,50,42,10.06,10.0,8,13,0,0.0,50,1.0,0,0.586191,0.825714,14,false,false,never_worsened
base,observed,2387,래미안강남힐즈 사거리,37.47245407,127.09607697,50,145,-2.48,-2.0,-6,0,37,0.74,1,0.02,12,0.969517,0.952414,1,false,true,intermittent_worsened
base,observed,2388,강남구 도시관리공단,37.51678467,127.05161285,50,85,13.72,14.0,7,18,0,0.0,50,1.0,0,0.405882,0.567294,29,false,false,never_worsened
base,observed,2389,경기여자고등학교 후문 (삼성로3길 입구),37.48616028,127.06723785,50,114,2.34,2.0,-1,6,9,0.18,35,0.7,6,0.954035,0.974561,3,false,true,intermittent_worsened
base,observed,2390,구룡마을 입구 (래미안블레스티지 아파트),37.48088074,127.06304169,50,140,0.0,0.0,0,0,0,0.0,0,0.0,50,1.0,1.0,0,false,false,never_worsened
base,observed,2392,구룡산 입구 (구룡산 서울둘레길 입구),37.47447205,127.05545044,50,21,1.8,2.0,1,2,0,0.0,50,1.0,0,0.912381,0.998095,2,false,false,never_worsened
base,observed,2394,개포래미안포레스트아파트 107동 앞,37.48025131,127.05419159,50,114,11.54,12.5,6,15,1,0.02,49,0.98,0,0.762807,0.864035,20,false,true,intermittent_worsened
base,observed,2396,영동3교 북단(우성캐릭터 앞 보도),37.48574066,127.05104828,50,55,0.5,1.0,-3,2,10,0.2,32,0.64,8,0.825818,0.834909,4,false,true,intermittent_worsened
base,observed,2398,더라움,37.50811005,127.0394516,50,55,7.02,6.0,3,12,0,0.0,50,1.0,0,0.598545,0.726182,9,false,false,never_worsened
base,observed,2401,밀알학교 입구 (삼성서울병원 입구),37.48656082,127.08267212,50,44,8.48,8.0,5,12,0,0.0,50,1.0,0,0.491364,0.684091,17,false,false,never_worsened
base,observed,2403,공무원연금매점 교차로 (개포주공9단지 입구),37.48871994,127.07453918,50,125,8.74,8.5,4,13,0,0.0,50,1.0,0,0.8504,0.92032,11,false,false,never_worsened
base,observed,2404,대모산입구역 4번 출구 앞,37.49180984,127.07315826,50,195,0.0,0.0,0,0,0,0.0,0,0.0,50,1.0,1.0,0,false,false,never_worsened
base,observed,2405,청담공원앞 교차로,37.51871109,127.05084991,50,172,28.62,29.0,24,33,0,0.0,50,1.0,0,0.22593,0.392326,59,false,false,never_worsened
base,observed,2406,논현동 광명빌딩 앞,37.5175705,127.02364349,50,33,-0.24,0.0,-1,0,10,0.2,0,0.0,40,1.0,0.992727,0,false,true,intermittent_worsened
base,observed,2407,역삼서초삼성 세무서 앞 (역삼빌딩 앞,37.49847031,127.03011322,50,227,-1.26,-2.0,-7,5,30,0.6,18,0.36,2,0.944405,0.938855,9,false,true,intermittent_worsened
base,observed,2408,강남한양수자인아파트,37.4773407,127.11327362,50,157,0.0,0.0,0,0,0,0.0,0,0.0,50,1.0,1.0,0,false,false,never_worsened
base,observed,2409,역삼동 디오슈페리움 (우성아파트 사거리),37.49206161,127.03074646,50,139,-4.7,-4.5,-8,-1,50,1.0,0,0.0,0,1.0,0.966187,-7,true,false,persistent_worsened
base,observed,2410,포스코피앤에스타워 (역삼역 3번출구 부근),37.49959946,127.03375244,50,170,3.9,4.0,0,8,4,0.08,44,0.88,2,0.590118,0.613059,17,false,true,intermittent_worsened
base,observed,2411,세곡동 성당,37.47296906,127.11222839,50,143,1.26,0.0,0,7,0,0.0,24,0.48,26,0.934546,0.943357,0,false,false,never_worsened
base,observed,2413,도곡역 1번 출구,37.49095917,127.05498505,50,146,0.0,0.0,0,0,0,0.0,0,0.0,50,1.0,1.0,0,false,false,never_worsened
base,observed,2414,도곡역 아카데미스위트 앞,37.48897171,127.05182648,50,220,0.0,0.0,0,0,0,0.0,0,0.0,50,1.0,1.0,0,false,false,never_worsened
base,observed,2415,한티역 롯데백화점 앞,37.49667358,127.05342865,50,135,1.24,1.0,0,2,0,0.0,43,0.86,7,0.986222,0.995408,1,false,false,never_worsened
base,observed,2416,한티역 6번 출구,37.4958992,127.05219269,50,74,-3.92,-4.0,-6,-2,50,1.0,0,0.0,0,0.999189,0.946216,-6,true,false,persistent_worsened
base,observed,2417,선정릉 디캠프(D.CAMP)앞,37.50799942,127.04524994,50,35,4.28,4.0,3,5,0,0.0,50,1.0,0,0.861714,0.984,4,false,false,never_worsened
base,observed,2418,봉은사역 7번 출구,37.51393509,127.05982208,50,108,3.26,3.0,0,7,4,0.08,40,0.8,6,0.852778,0.882963,12,false,true,intermittent_worsened
base,observed,2419,"봉은사역 1,2번 출구",37.51430893,127.05970001,50,77,0.0,0.0,0,0,0,0.0,0,0.0,50,1.0,1.0,0,false,false,never_worsened
base,observed,2420,학여울역 사거리(LG베스트샵 앞),37.49689484,127.07013702,50,111,-0.86,-1.0,-2,0,27,0.54,0,0.0,23,1.0,0.992252,-6,true,false,intermittent_worsened
base,observed,2422,수서동 성당 맞은편,37.48416901,127.09484863,50,64,-4.02,-4.0,-6,-3,50,1.0,0,0.0,0,1.0,0.937187,-4,true,false,persistent_worsened
base,observed,2423,영희초교 사거리(래미안개포루체하임),37.4908371,127.08065033,50,144,-1.24,0.0,-4,0,24,0.48,0,0.0,26,1.0,0.991389,-1,true,false,intermittent_worsened
base,observed,2425,세곡동 사거리(대왕초등학교 정류장),37.46461868,127.10684967,50,44,0.0,0.0,0,0,0,0.0,0,0.0,50,1.0,1.0,0,false,false,never_worsened
base,observed,2426,강남한신휴플러스 6단지,37.46829605,127.10469818,50,82,0.5,0.0,0,1,1,0.02,13,0.26,36,0.843902,0.85,3,false,true,intermittent_worsened
base,observed,2427,개포고등학교 정문앞,37.48485184,127.0583725,50,110,-2.8,-2.0,-6,-1,48,0.96,0,0.0,2,0.992,0.966545,-1,true,false,persistent_worsened
base,observed,2430,강남파이낸스센터앞(역삼역2번출구),37.50024414,127.03605652,50,86,7.06,7.0,4,11,0,0.0,50,1.0,0,0.661628,0.743721,15,false,false,never_worsened
base,observed,2431,대치역 7번출구,37.49411774,127.06290436,50,165,0.0,0.0,0,0,0,0.0,0,0.0,50,1.0,1.0,0,false,false,never_worsened
base,observed,3602,한국지역난방공사강남지사,37.49229431,127.09433746,50,83,-0.14,1.0,-3,2,16,0.32,28,0.56,6,0.985542,0.983855,1,false,true,intermittent_worsened
base,observed,3604,삼성중앙역 5번출구,37.51296234,127.05386353,50,93,8.96,9.0,6,12,0,0.0,50,1.0,0,0.727097,0.823441,11,false,false,never_worsened
base,observed,3606,신사동주민센터 옆,37.52422714,127.02285004,50,53,0.0,0.0,0,0,0,0.0,0,0.0,50,1.0,1.0,0,false,false,never_worsened
base,observed,3609,언주초등학교 입구,37.48536682,127.03849792,50,87,-3.0,-3.0,-4,-2,50,1.0,0,0.0,0,1.0,0.965517,-2,true,false,persistent_worsened
base,observed,3610,윗반마을 입구,37.46534729,127.1088028,50,19,1.18,1.0,1,2,0,0.0,46,0.92,4,0.935789,0.997895,1,false,false,never_worsened
base,observed,3611,방죽마을 입구,37.47123337,127.10721588,50,63,0.0,0.0,0,0,0,0.0,0,0.0,50,1.0,1.0,0,false,false,never_worsened
base,observed,3614,은마아파트 입구 사거리,37.49840164,127.06093597,50,182,-2.1,-2.0,-6,2,34,0.68,10,0.2,6,0.967582,0.956044,6,false,true,intermittent_worsened
base,observed,3615,서울 논현동우체국 앞,37.51446152,127.0326004,50,58,21.64,21.5,19,24,0,0.0,50,1.0,0,0.52931,0.902414,24,false,false,never_worsened
base,observed,3616,역삼중학교 앞(체육관 방향),37.49526215,127.04950714,50,41,0.0,0.0,0,0,0,0.0,0,0.0,50,1.0,1.0,0,false,false,never_worsened
base,observed,3618,서울율현초교 삼거리,37.47364044,127.10702515,50,102,0.0,0.0,0,0,0,0.0,0,0.0,50,1.0,1.0,0,false,false,never_worsened
base,observed,3620,청담역 11번 출구,37.51925659,127.0515976,50,22,4.24,4.0,3,5,0,0.0,50,1.0,0,0.553636,0.746364,5,false,false,never_worsened
base,observed,3622,은마아파트입구 사거리(1),37.49986649,127.0605011,50,47,1.44,1.0,0,3,2,0.04,39,0.78,9,0.929362,0.96,1,false,true,intermittent_worsened
base,observed,3623,일원에코파크 앞(개포로 방면),37.49587631,127.08650208,50,66,0.0,0.0,0,0,0,0.0,0,0.0,50,1.0,1.0,0,false,false,never_worsened
base,observed,3624,대모산입구역 7번 출구 앞,37.49017715,127.07305908,50,30,0.78,1.0,0,2,0,0.0,32,0.64,18,0.906667,0.932667,3,false,false,never_worsened
base,observed,3627,압구정나들목,37.53075027,127.04160309,50,81,4.62,4.0,3,7,0,0.0,50,1.0,0,0.928148,0.985185,3,false,false,never_worsened
base,observed,3629,청담사거리(신한오피스텔빌딩 앞),37.52416229,127.0489502,50,15,0.0,0.0,0,0,0,0.0,0,0.0,50,1.0,1.0,0,false,false,never_worsened
base,observed,3630,개포우성6차아파트 정문 앞,37.47685623,127.05536652,50,50,3.64,3.0,1,8,0,0.0,48,0.96,2,0.588,0.6608,12,false,false,never_worsened
base,observed,3634,국악고교 앞 교차로,37.47402191,127.04844666,50,79,2.44,1.0,0,6,0,0.0,32,0.64,18,0.922532,0.953418,4,false,false,never_worsened
base,observed,3636,삼성중앙역·플래티넘아파트 정류소,37.51264191,127.05156708,50,89,18.96,19.0,14,24,0,0.0,50,1.0,0,0.458427,0.671461,30,false,false,never_worsened
base,observed,3637,세곡데이케어센터,37.46072388,127.10287476,50,31,0.0,0.0,0,0,0,0.0,0,0.0,50,1.0,1.0,0,false,false,never_worsened
base,observed,3638,신청담나들목,37.52796173,127.05162811,50,34,0.0,0.0,0,0,0,0.0,0,0.0,50,1.0,1.0,0,false,false,never_worsened
base,observed,3640,일원1동주민센터앞 사거리,37.49087906,127.08795929,50,194,-10.6,-11.0,-14,-8,50,1.0,0,0.0,0,0.978866,0.924227,-1,true,false,persistent_worsened
base,observed,3641,대청역,37.49370575,127.0799942,50,170,2.44,3.0,0,4,4,0.08,41,0.82,5,0.967647,0.982,3,false,true,intermittent_worsened
base,observed,3642,LH강남힐스테이트아파트,37.47081375,127.08969879,50,92,4.88,4.0,2,9,0,0.0,50,1.0,0,0.383913,0.436956,16,false,false,never_worsened
base,observed,3643,더시그넘하우스 앞,37.47267914,127.10375977,50,92,0.06,0.0,0,1,4,0.08,6,0.12,40,0.923043,0.923696,0,false,true,intermittent_worsened
base,observed,3644,상록수아파트,37.48276138,127.08042145,50,68,11.52,12.0,7,15,0,0.0,50,1.0,0,0.291177,0.460588,29,false,false,never_worsened
base,observed,3646,선정릉역 4번 출구,37.5097847,127.04277039,50,75,15.86,16.0,11,19,0,0.0,50,1.0,0,0.545867,0.757333,23,false,false,never_worsened
base,observed,3647,구룡역 1번 출구,37.48642349,127.05931854,50,100,5.3,6.5,-1,10,5,0.1,43,0.86,2,0.8516,0.9046,10,false,true,intermittent_worsened
base,observed,3648,구룡역 4번 출구,37.48670578,127.0605011,50,24,0.0,0.0,0,0,0,0.0,0,0.0,50,1.0,1.0,0,false,false,never_worsened
base,observed,3649,구룡역 5번 출구,37.48607635,127.05921936,50,83,0.72,0.5,-3,5,16,0.32,25,0.5,9,0.894699,0.903373,2,false,true,intermittent_worsened
base,observed,3651,개포동역 4번출구,37.48929596,127.06616974,50,149,0.0,0.0,0,0,0,0.0,0,0.0,50,1.0,1.0,0,false,false,never_worsened
base,observed,4902,구역삼세무서 교차로,37.49524307,127.03937531,50,103,-3.04,-3.0,-6,-1,46,0.92,2,0.04,2,0.952427,0.922913,0,false,true,persistent_worsened
base,observed,4903,신사스퀘어,37.51916885,127.0189743,50,39,0.0,0.0,0,0,0,0.0,0,0.0,50,1.0,1.0,0,false,false,never_worsened
base,observed,4905,강남경찰서,37.50971985,127.06679535,50,219,4.64,5.0,2,7,0,0.0,50,1.0,0,0.935068,0.956256,7,false,false,never_worsened
base,observed,4906,섬유센터 앞,37.50767136,127.06017303,50,218,21.74,22.0,18,25,0,0.0,50,1.0,0,0.886972,0.986697,20,false,false,never_worsened
base,observed,4907,극동스포츠 앞,37.5257225,127.02588654,50,82,3.88,2.0,0,8,0,0.0,41,0.82,9,0.828048,0.875366,6,false,false,never_worsened
base,observed,4908,SB타워 앞,37.52210999,127.03646088,50,39,-0.02,0.0,0,0,1,0.02,0,0.0,49,1.0,0.999487,0,false,true,intermittent_worsened
base,observed,4909,노보텔 앰배서더 앞,37.50570297,127.02919769,50,49,2.24,1.0,0,6,0,0.0,34,0.68,16,0.391428,0.437143,10,false,false,never_worsened
base,observed,4913,레베쌍트 빌딩 앞,37.51292038,127.056427,50,46,0.14,0.0,0,1,0,0.0,7,0.14,43,0.995217,0.998261,0,false,false,never_worsened
base,observed,4914,도심공항타워 앞,37.50999069,127.05847168,50,140,23.2,23.5,20,26,0,0.0,50,1.0,0,0.819,0.984714,24,false,false,never_worsened
base,observed,4915,영동중앙교회 버스정류장,37.49775314,127.03857422,50,28,2.72,3.0,1,4,0,0.0,49,0.98,1,0.745,0.842143,5,false,false,never_worsened
base,observed,4916,청담역 1번출구,37.51973724,127.05767822,50,7,0.38,0.0,0,1,0,0.0,18,0.36,32,0.728572,0.782857,1,false,false,never_worsened
base,observed,4917,일원에코파크 주차장,37.49404526,127.08678436,50,166,0.0,0.0,0,0,0,0.0,0,0.0,50,1.0,1.0,0,false,false,never_worsened
base,observed,4918,매봉역 1번출구,37.48661041,127.04550934,50,83,0.0,0.0,0,0,0,0.0,0,0.0,50,1.0,1.0,0,false,false,never_worsened
base,observed,4919,학여울역사거리(은마아파트),37.49665833,127.06938171,50,29,0.14,0.0,0,1,0,0.0,7,0.14,43,0.995172,1.0,0,false,false,never_worsened
base,observed,4923,수협대치동지점,37.49861526,127.0683136,50,118,-0.2,0.0,-1,0,6,0.12,0,0.0,44,1.0,0.998305,0,false,true,intermittent_worsened
base,observed,4924,논현동가구거리,37.51280975,127.02636719,50,42,1.06,1.0,1,1,0,0.0,50,1.0,0,0.970476,0.995714,1,false,false,never_worsened
base,observed,4925,청담백영빌딩 앞,37.52390289,127.04660797,50,42,0.0,0.0,0,0,0,0.0,0,0.0,50,1.0,1.0,0,false,false,never_worsened
base,observed,4926,대치우성아파트 사거리,37.50099564,127.06803894,50,212,0.94,1.0,-1,3,8,0.16,29,0.58,13,0.981698,0.986132,4,false,true,intermittent_worsened
base,observed,4928,교수마을 입구,37.4818573,127.10456085,50,33,0.0,0.0,0,0,0,0.0,0,0.0,50,1.0,1.0,0,false,false,never_worsened
base,observed,4929,파스쿠찌 청담사거리점 앞,37.52464676,127.04914856,50,73,-0.06,0.0,0,0,3,0.06,0,0.0,47,1.0,0.999178,0,false,true,intermittent_worsened
base,observed,4930,학여울역 1번 출구,37.49662018,127.07099915,50,53,0.38,0.0,0,1,0,0.0,14,0.28,36,0.869812,0.876981,5,false,false,never_worsened
base,observed,4931,디에이치퍼스티어아이파크 124동 앞,37.48131943,127.05435181,50,129,0.08,0.0,-3,3,20,0.4,22,0.44,8,0.835039,0.835659,6,false,true,intermittent_worsened
base,observed,4932,개포래미안포레스트 130동 맞은편,37.47748566,127.05743408,50,52,-2.92,-4.0,-5,1,35,0.7,6,0.12,9,0.982692,0.926538,0,false,true,intermittent_worsened
base,observed,4935,도곡삼성래미안,37.48920441,127.05106354,50,71,-5.68,-6.0,-8,-4,50,1.0,0,0.0,0,0.995493,0.915493,-3,true,false,persistent_worsened
base,observed,4936,SK텔레콤(T1) 인근,37.51263046,127.04283142,50,18,2.82,3.0,2,3,0,0.0,50,1.0,0,0.716666,0.873333,5,false,false,never_worsened
base,observed,4937,개포래미안포레스트126동 앞,37.47816467,127.05630493,50,55,1.3,1.0,0,2,1,0.02,41,0.82,8,0.862545,0.886182,2,false,true,intermittent_worsened
base,observed,4938,LH수서2단지 201동 앞,37.47955322,127.10666656,50,263,0.0,0.0,0,0,0,0.0,0,0.0,50,0.98616,0.98616,0,false,false,never_worsened
base,observed,4939,도산공원,37.5253067,127.03302765,50,29,3.5,4.0,3,4,0,0.0,50,1.0,0,0.875173,0.995862,4,false,false,never_worsened
base,observed,4940,한강버스 압구정 선착장,37.52643204,127.01720428,50,248,0.0,0.0,0,0,0,0.0,0,0.0,50,1.0,1.0,0,false,false,never_worsened
base,observed,4941,압구정로 11길,37.52594757,127.02082825,50,39,0.0,0.0,0,0,0,0.0,0,0.0,50,1.0,1.0,0,false,false,never_worsened
base,observed,4942,율현삼거리,37.46805573,127.12036133,50,24,0.0,0.0,0,0,0,0.0,0,0.0,50,1.0,1.0,0,false,false,never_worsened
base,synthetic_latent,2301,현대고등학교 건너편,37.52407074,127.02178955,50,0,0.0,0.0,0,0,0,0.0,0,0.0,50,0.0,0.0,0,false,false,never_worsened
base,synthetic_latent,2302,교보타워 버스정류장(신논현역 3번출구 후면),37.5055809,127.02427673,50,0,0.0,0.0,0,0,0,0.0,0,0.0,50,0.0,0.0,0,false,false,never_worsened
base,synthetic_latent,2303,논현역 10번출구,37.51137161,127.02146149,50,52,34.18,34.5,28,40,0,0.0,50,1.0,0,0.133228,0.791934,23,false,false,never_worsened
base,synthetic_latent,2304,대현그린타워,37.5116272,127.03565216,50,27,22.94,23.0,18,27,0,0.0,50,1.0,0,0.0,0.831641,44,false,false,never_worsened
base,synthetic_latent,2305,MCM 본사 직영점 앞,37.52064133,127.03450775,50,0,0.0,0.0,0,0,0,0.0,0,0.0,50,0.0,0.0,-4,true,false,never_worsened
base,synthetic_latent,2306,압구정역 2번 출구 옆,37.5271225,127.02871704,50,41,22.76,23.0,17,27,0,0.0,50,1.0,0,0.239568,0.788184,23,false,false,never_worsened
base,synthetic_latent,2307,압구정 한양 3차 아파트,37.52838135,127.03901672,50,3,3.08,3.0,1,5,0,0.0,49,0.98,1,0.144722,0.967944,18,false,false,never_worsened
base,synthetic_latent,2308,압구정파출소 앞,37.52930069,127.03559875,50,0,0.0,0.0,0,0,0,0.0,0,0.0,50,0.0,0.0,-1,true,false,never_worsened
base,synthetic_latent,2309,청담역(우리들병원 앞),37.51890182,127.04938507,50,15,10.12,10.0,7,13,0,0.0,50,1.0,0,0.002967,0.662985,21,false,false,never_worsened
base,synthetic_latent,2310,청담동 맥도날드 옆(위치),37.52361298,127.04017639,50,0,0.0,0.0,0,0,0,0.0,0,0.0,50,0.0,0.0,5,false,false,never_worsened
base,synthetic_latent,2311,학동로 래미안 아파트 앞,37.51777267,127.04302216,50,27,22.66,23.0,17,29,0,0.0,50,1.0,0,0.025157,0.859339,19,false,false,never_worsened
base,synthetic_latent,2312,청담역 13번 출구 앞,37.52058029,127.05632782,50,0,0.0,0.0,0,0,0,0.0,0,0.0,50,0.44,0.44,15,false,false,never_worsened
base,synthetic_latent,2313,금원빌딩 앞,37.52505493,127.05252838,50,0,0.0,0.0,0,0,0,0.0,0,0.0,50,0.0,0.0,0,false,false,never_worsened
base,synthetic_latent,2315,봉은사역 5번출구 옆,37.51424789,127.06111908,50,0,0.0,0.0,0,0,0,0.0,0,0.0,50,0.0,0.0,0,false,false,never_worsened
base,synthetic_latent,2317,삼성도로공원,37.51588821,127.06620026,50,0,0.0,0.0,0,0,0,0.0,0,0.0,50,0.0,0.0,0,false,false,never_worsened
base,synthetic_latent,2318,삼성중앙역4번출구(문화센터더 리빌),37.51357651,127.05503082,50,0,0.0,0.0,0,0,0,0.0,0,0.0,50,0.0,0.0,1,false,false,never_worsened
base,synthetic_latent,2319,포스코사거리 서측(수협 삼성동 지점),37.50660706,127.05467987,50,0,0.0,0.0,0,0,0,0.0,0,0.0,50,0.0,0.0,7,false,false,never_worsened
base,synthetic_latent,2320,도곡역 대치지구대 방향,37.49191284,127.05709076,50,0,0.0,0.0,0,0,0,0.0,0,0.0,50,0.0,0.0,0,false,false,never_worsened
base,synthetic_latent,2321,학여울역 사거리,37.49611664,127.06944275,50,0,0.0,0.0,0,0,0,0.0,0,0.0,50,0.0,0.0,0,false,false,never_worsened
base,synthetic_latent,2324,천주교 대치 2동 교회 옆,37.50043869,127.06622314,50,0,0.0,0.0,0,0,0,0.0,0,0.0,50,0.0,0.0,0,false,false,never_worsened
base,synthetic_latent,2325,대치삼성아파트 앞 교차로,37.4986496,127.05931854,50,18,11.34,11.0,6,16,0,0.0,50,1.0,0,0.278872,0.887789,6,false,false,never_worsened
base,synthetic_latent,2326,대치동 삼성로,37.50239563,127.05879974,50,59,49.66,49.0,42,58,0,0.0,50,1.0,0,0.019161,0.86007,14,false,false,never_worsened
base,synthetic_latent,2327,뱅뱅사거리 랜드마크타워 앞,37.49055099,127.03146362,50,0,0.0,0.0,0,0,0,0.0,0,0.0,50,0.0,0.0,0,false,false,never_worsened
base,synthetic_latent,2328,르네상스 호텔 사거리 역삼지하보도 7번출구 앞,37.50321198,127.04273224,50,32,19.32,19.0,13,26,0,0.0,50,1.0,0,0.065853,0.665493,19,false,false,never_worsened
base,synthetic_latent,2329,르네상스호텔사거리 역삼지하보도 2번출구,37.50235748,127.04319,50,27,22.7,23.0,16,29,0,0.0,50,1.0,0,0.040835,0.884655,5,false,false,never_worsened
base,synthetic_latent,2330,역삼월드메르디앙아파트 앞,37.49219894,127.03945923,50,25,17.5,17.5,13,22,0,0.0,50,1.0,0,0.109039,0.799568,0,false,false,never_worsened
base,synthetic_latent,2331,동영문화센터앞,37.49805069,127.04460144,50,16,10.98,11.0,7,15,0,0.0,50,1.0,0,0.146206,0.806896,16,false,false,never_worsened
base,synthetic_latent,2332,선릉역3번출구,37.50410461,127.04903412,50,7,4.08,4.0,2,6,0,0.0,49,0.98,1,0.084151,0.64174,40,false,false,never_worsened
base,synthetic_latent,2333,양재역 3번출구 주변,37.48515701,127.03407288,50,97,41.48,41.0,31,50,0,0.0,50,1.0,0,0.074394,0.501032,45,false,false,never_worsened
base,synthetic_latent,2335,3호선 매봉역 3번출구앞,37.48676682,127.04676056,50,0,0.0,0.0,0,0,0,0.0,0,0.0,50,0.0,0.0,0,false,false,never_worsened
base,synthetic_latent,2336,강남세브란스교차로 래미안그레이튼 104동 앞,37.49423599,127.04746246,50,1,1.16,1.0,0,3,0,0.0,33,0.66,17,0.0,0.565667,2,false,false,never_worsened
base,synthetic_latent,2337,대모산입구역 2번출구 앞,37.49207687,127.07197571,50,0,0.0,0.0,0,0,0,0.0,0,0.0,50,0.0,0.0,0,false,false,never_worsened
base,synthetic_latent,2339,현대아파트 정문 앞,37.48326111,127.0522995,50,19,12.02,11.0,8,18,0,0.0,50,1.0,0,0.150702,0.774681,1,false,false,never_worsened
base,synthetic_latent,2340,삼호물산버스정류장(23370) 옆,37.47750854,127.04517365,50,0,0.0,0.0,0,0,0,0.0,0,0.0,50,0.0,0.0,0,false,false,never_worsened
base,synthetic_latent,2341,일원역 4~5번 출구 사이,37.4833107,127.08493805,50,6,4.68,4.0,3,7,0,0.0,50,1.0,0,0.085938,0.879838,33,false,false,never_worsened
base,synthetic_latent,2342,대청역 1번출구 뒤,37.49390793,127.07962036,50,14,7.38,7.0,5,10,0,0.0,50,1.0,0,0.207044,0.713431,9,false,false,never_worsened
base,synthetic_latent,2344,리엔파크 2단지 앞,37.46506119,127.10119629,50,0,0.0,0.0,0,0,0,0.0,0,0.0,50,0.0,0.0,0,false,false,never_worsened
base,synthetic_latent,2347,두산건설 본사,37.51863861,127.03540039,50,0,0.0,0.0,0,0,0,0.0,0,0.0,50,0.0,0.0,28,false,false,never_worsened
base,synthetic_latent,2348,포스코사거리(기업은행),37.50723267,127.05685425,50,0,0.0,0.0,0,0,0,0.0,0,0.0,50,0.0,0.0,52,false,false,never_worsened
base,synthetic_latent,2349,역삼빌딩 앞(하나은행 옆),37.50154495,127.03856659,50,66,40.68,41.0,31,48,0,0.0,50,1.0,0,0.044557,0.657889,16,false,false,never_worsened
base,synthetic_latent,2350,래미안그레이튼102동앞,37.49482346,127.04790497,50,0,0.0,0.0,0,0,0,0.0,0,0.0,50,0.0,0.0,0,false,false,never_worsened
base,synthetic_latent,2351,청소년수련관(수영장)앞,37.48387909,127.0890274,50,0,0.0,0.0,0,0,0,0.0,0,0.0,50,0.0,0.0,7,false,false,never_worsened
base,synthetic_latent,2352,서울본부세관(건설회관 앞),37.51758957,127.03502655,50,0,0.0,0.0,0,0,0,0.0,0,0.0,50,0.0,0.0,28,false,false,never_worsened
base,synthetic_latent,2353,강남구청역 2번출구 뒤,37.51681137,127.04047394,50,36,18.08,17.0,14,22,0,0.0,50,1.0,0,0.099876,0.606907,47,false,false,never_worsened
base,synthetic_latent,2354,청담역 2번출구,37.51978683,127.0567627,50,0,0.0,0.0,0,0,0,0.0,0,0.0,50,0.0,0.0,19,false,false,never_worsened
base,synthetic_latent,2356,강남구청,37.51807022,127.04711914,50,4,3.34,3.0,1,6,0,0.0,50,1.0,0,0.111825,0.956079,28,false,false,never_worsened
base,synthetic_latent,2357,르네상스호텔사거리 역삼지하보도 3번출구 앞 (더 오번 빌딩 명동칼국수 앞),37.50166321,127.04297638,50,48,20.5,20.0,13,26,0,0.0,50,1.0,0,0.061098,0.487075,17,false,false,never_worsened
base,synthetic_latent,2358,구룡초사거리 (현대아파트10동 앞 ),37.48138428,127.05391693,50,14,5.04,5.0,2,8,0,0.0,48,0.96,2,0.109496,0.455429,9,false,false,never_worsened
base,synthetic_latent,2359,"국립국악중,고교 정문 맞은편",37.47560501,127.05037689,50,0,0.0,0.0,0,0,0,0.0,0,0.0,50,0.0,0.0,0,false,false,never_worsened
base,synthetic_latent,2360,도곡1동 주민센터 교차로,37.4928093,127.04138947,50,9,2.8,2.5,0,5,0,0.0,43,0.86,7,0.163582,0.467365,3,false,false,never_worsened
base,synthetic_latent,2362,신사동 가로수길 입구,37.51763535,127.02245331,50,0,0.0,0.0,0,0,0,0.0,0,0.0,50,0.0,0.0,0,false,false,never_worsened
base,synthetic_latent,2363,강남 을지병원 교차로,37.51913834,127.02751923,50,0,0.0,0.0,0,0,0,0.0,0,0.0,50,0.0,0.0,0,false,false,never_worsened
base,synthetic_latent,2364,도산공원교차로,37.52124023,127.0318985,50,0,0.0,0.0,0,0,0,0.0,0,0.0,50,0.0,0.0,0,false,false,never_worsened
base,synthetic_latent,2365,K+ 타워 앞,37.52330017,127.03847504,50,0,0.0,0.0,0,0,0,0.0,0,0.0,50,0.0,0.0,-1,true,false,never_worsened
base,synthetic_latent,2368,도곡동 경남아파트 건너편,37.48934174,127.04129791,50,17,8.48,8.5,6,11,0,0.0,50,1.0,0,0.148684,0.660224,23,false,false,never_worsened
base,synthetic_latent,2369,KT선릉타워,37.50542831,127.0528717,50,0,0.0,0.0,0,0,0,0.0,0,0.0,50,0.0,0.0,16,false,false,never_worsened
base,synthetic_latent,2370,한티역 3번출구,37.49655151,127.0542984,50,0,0.0,0.0,0,0,0,0.0,0,0.0,50,0.0,0.0,0,false,false,never_worsened
base,synthetic_latent,2371,한국우편사업진흥원,37.51474762,127.03513336,50,28,11.78,12.0,7,16,0,0.0,50,1.0,0,0.041629,0.458416,36,false,false,never_worsened
base,synthetic_latent,2372,대치역 사거리,37.49449921,127.063797,50,0,0.0,0.0,0,0,0,0.0,0,0.0,50,0.0,0.0,0,false,false,never_worsened
base,synthetic_latent,2373,개포동역 사거리,37.48927689,127.06557465,50,0,0.0,0.0,0,0,0,0.0,0,0.0,50,0.0,0.0,5,false,false,never_worsened
base,synthetic_latent,2375,수서역 1번출구 앞,37.48735046,127.10099792,50,0,0.0,0.0,0,0,0,0.0,0,0.0,50,0.0,0.0,0,false,false,never_worsened
base,synthetic_latent,2376,수서역 6번출구 앞,37.48677826,127.10051727,50,0,0.0,0.0,0,0,0,0.0,0,0.0,50,0.52,0.52,0,false,false,never_worsened
base,synthetic_latent,2377,수서역 5번출구,37.48735046,127.10232544,50,34,0.34,0.0,0,1,0,0.0,9,0.18,41,0.984471,0.992612,0,false,false,never_worsened
base,synthetic_latent,2380,삼성동베이직하우스앞,37.51169586,127.04934692,50,35,15.04,15.0,10,19,0,0.0,50,1.0,0,0.091842,0.518127,11,false,false,never_worsened
base,synthetic_latent,2381,언주역 6번출구앞,37.50780869,127.03498077,50,13,9.92,10.0,7,12,0,0.0,50,1.0,0,0.054689,0.791178,11,false,false,never_worsened
base,synthetic_latent,2382,역삼동 sk뷰 501동앞,37.50122833,127.05036163,50,23,12.94,13.0,8,17,0,0.0,50,1.0,0,0.041097,0.601362,2,false,false,never_worsened
base,synthetic_latent,2383,보금자리정원,37.46632767,127.09488678,50,0,0.0,0.0,0,0,0,0.0,0,0.0,50,0.0,0.0,2,false,false,never_worsened
base,synthetic_latent,2384,자곡사거리,37.47602844,127.10594177,50,0,0.0,0.0,0,0,0,0.0,0,0.0,50,0.0,0.0,2,false,false,never_worsened
base,synthetic_latent,2385,학동역,37.51395035,127.03015137,50,0,0.0,0.0,0,0,0,0.0,0,0.0,50,0.0,0.0,9,false,false,never_worsened
base,synthetic_latent,2386,크린랩 본사,37.50958633,127.04090881,50,10,6.92,7.0,4,9,0,0.0,50,1.0,0,0.066,0.737813,14,false,false,never_worsened
base,synthetic_latent,2387,래미안강남힐즈 사거리,37.47245407,127.09607697,50,0,0.0,0.0,0,0,0,0.0,0,0.0,50,0.0,0.0,1,false,false,never_worsened
base,synthetic_latent,2388,강남구 도시관리공단,37.51678467,127.05161285,50,1,1.22,1.0,0,3,0,0.0,34,0.68,16,0.005,0.663333,29,false,false,never_worsened
base,synthetic_latent,2389,경기여자고등학교 후문 (삼성로3길 입구),37.48616028,127.06723785,50,0,0.0,0.0,0,0,0,0.0,0,0.0,50,0.0,0.0,3,false,false,never_worsened
base,synthetic_latent,2390,구룡마을 입구 (래미안블레스티지 아파트),37.48088074,127.06304169,50,0,0.0,0.0,0,0,0,0.0,0,0.0,50,0.0,0.0,0,false,false,never_worsened
base,synthetic_latent,2392,구룡산 입구 (구룡산 서울둘레길 입구),37.47447205,127.05545044,50,1,0.76,0.5,0,2,0,0.0,25,0.5,25,0.0,0.48,2,false,false,never_worsened
base,synthetic_latent,2394,개포래미안포레스트아파트 107동 앞,37.48025131,127.05419159,50,1,0.0,0.0,0,0,0,0.0,0,0.0,50,0.196667,0.196667,20,false,false,never_worsened
base,synthetic_latent,2396,영동3교 북단(우성캐릭터 앞 보도),37.48574066,127.05104828,50,0,0.0,0.0,0,0,0,0.0,0,0.0,50,0.0,0.0,4,false,false,never_worsened
base,synthetic_latent,2398,더라움,37.50811005,127.0394516,50,16,10.86,11.0,8,14,0,0.0,50,1.0,0,0.014559,0.704095,9,false,false,never_worsened
base,synthetic_latent,2401,밀알학교 입구 (삼성서울병원 입구),37.48656082,127.08267212,50,6,3.4,3.0,1,6,0,0.0,48,0.96,2,0.110405,0.639024,17,false,false,never_worsened
base,synthetic_latent,2403,공무원연금매점 교차로 (개포주공9단지 입구),37.48871994,127.07453918,50,8,4.22,4.0,2,6,0,0.0,49,0.98,1,0.267525,0.757765,11,false,false,never_worsened
base,synthetic_latent,2404,대모산입구역 4번 출구 앞,37.49180984,127.07315826,50,0,0.0,0.0,0,0,0,0.0,0,0.0,50,0.0,0.0,0,false,false,never_worsened
base,synthetic_latent,2405,청담공원앞 교차로,37.51871109,127.05084991,50,8,1.14,1.0,0,3,0,0.0,31,0.62,19,0.070786,0.21352,59,false,false,never_worsened
base,synthetic_latent,2406,논현동 광명빌딩 앞,37.5175705,127.02364349,50,0,0.0,0.0,0,0,0,0.0,0,0.0,50,0.0,0.0,0,false,false,never_worsened
base,synthetic_latent,2407,역삼서초삼성 세무서 앞 (역삼빌딩 앞,37.49847031,127.03011322,50,0,0.0,0.0,0,0,0,0.0,0,0.0,50,0.0,0.0,9,false,false,never_worsened
base,synthetic_latent,2408,강남한양수자인아파트,37.4773407,127.11327362,50,0,0.0,0.0,0,0,0,0.0,0,0.0,50,0.0,0.0,0,false,false,never_worsened
base,synthetic_latent,2409,역삼동 디오슈페리움 (우성아파트 사거리),37.49206161,127.03074646,50,0,0.0,0.0,0,0,0,0.0,0,0.0,50,0.0,0.0,-7,true,false,never_worsened
base,synthetic_latent,2410,포스코피앤에스타워 (역삼역 3번출구 부근),37.49959946,127.03375244,50,12,4.8,5.0,3,6,0,0.0,50,1.0,0,0.049707,0.442687,17,false,false,never_worsened
base,synthetic_latent,2411,세곡동 성당,37.47296906,127.11222839,50,3,0.0,0.0,0,0,0,0.0,0,0.0,50,0.754357,0.754357,0,false,false,never_worsened
base,synthetic_latent,2413,도곡역 1번 출구,37.49095917,127.05498505,50,0,0.0,0.0,0,0,0,0.0,0,0.0,50,0.0,0.0,0,false,false,never_worsened
base,synthetic_latent,2414,도곡역 아카데미스위트 앞,37.48897171,127.05182648,50,0,0.0,0.0,0,0,0,0.0,0,0.0,50,0.0,0.0,0,false,false,never_worsened
base,synthetic_latent,2415,한티역 롯데백화점 앞,37.49667358,127.05342865,50,9,3.44,4.0,0,6,0,0.0,45,0.9,5,0.116111,0.498849,1,false,false,never_worsened
base,synthetic_latent,2416,한티역 6번 출구,37.4958992,127.05219269,50,0,0.0,0.0,0,0,0,0.0,0,0.0,50,0.0,0.0,-6,true,false,never_worsened
base,synthetic_latent,2417,선정릉 디캠프(D.CAMP)앞,37.50799942,127.04524994,50,12,5.3,6.0,2,8,0,0.0,48,0.96,2,0.126811,0.599528,4,false,false,never_worsened
base,synthetic_latent,2418,봉은사역 7번 출구,37.51393509,127.05982208,50,0,0.0,0.0,0,0,0,0.0,0,0.0,50,0.0,0.0,12,false,false,never_worsened
base,synthetic_latent,2419,"봉은사역 1,2번 출구",37.51430893,127.05970001,50,0,0.0,0.0,0,0,0,0.0,0,0.0,50,0.0,0.0,0,false,false,never_worsened
base,synthetic_latent,2420,학여울역 사거리(LG베스트샵 앞),37.49689484,127.07013702,50,0,0.0,0.0,0,0,0,0.0,0,0.0,50,0.0,0.0,-6,true,false,never_worsened
base,synthetic_latent,2422,수서동 성당 맞은편,37.48416901,127.09484863,50,0,0.0,0.0,0,0,0,0.0,0,0.0,50,0.0,0.0,-4,true,false,never_worsened
base,synthetic_latent,2423,영희초교 사거리(래미안개포루체하임),37.4908371,127.08065033,50,0,0.0,0.0,0,0,0,0.0,0,0.0,50,0.0,0.0,-1,true,false,never_worsened
base,synthetic_latent,2425,세곡동 사거리(대왕초등학교 정류장),37.46461868,127.10684967,50,0,0.0,0.0,0,0,0,0.0,0,0.0,50,0.0,0.0,0,false,false,never_worsened
base,synthetic_latent,2426,강남한신휴플러스 6단지,37.46829605,127.10469818,50,2,0.38,0.0,0,1,0,0.0,12,0.24,38,0.105524,0.260048,3,false,false,never_worsened
base,synthetic_latent,2427,개포고등학교 정문앞,37.48485184,127.0583725,50,2,0.06,0.0,0,0,1,0.02,4,0.08,45,0.295,0.326667,-1,true,false,intermittent_worsened
base,synthetic_latent,2430,강남파이낸스센터앞(역삼역2번출구),37.50024414,127.03605652,50,108,18.56,18.0,13,25,0,0.0,50,1.0,0,0.084297,0.256138,15,false,false,never_worsened
base,synthetic_latent,2431,대치역 7번출구,37.49411774,127.06290436,50,0,0.0,0.0,0,0,0,0.0,0,0.0,50,0.0,0.0,0,false,false,never_worsened
base,synthetic_latent,3602,한국지역난방공사강남지사,37.49229431,127.09433746,50,0,0.0,0.0,0,0,0,0.0,0,0.0,50,0.0,0.0,1,false,false,never_worsened
base,synthetic_latent,3604,삼성중앙역 5번출구,37.51296234,127.05386353,50,23,5.98,6.0,3,8,0,0.0,49,0.98,1,0.055687,0.313507,11,false,false,never_worsened
base,synthetic_latent,3606,신사동주민센터 옆,37.52422714,127.02285004,50,0,0.0,0.0,0,0,0,0.0,0,0.0,50,0.0,0.0,0,false,false,never_worsened
base,synthetic_latent,3609,언주초등학교 입구,37.48536682,127.03849792,50,0,0.0,0.0,0,0,0,0.0,0,0.0,50,0.0,0.0,-2,true,false,never_worsened
base,synthetic_latent,3610,윗반마을 입구,37.46534729,127.1088028,50,1,1.52,1.5,0,3,0,0.0,41,0.82,9,0.11,0.848333,1,false,false,never_worsened
base,synthetic_latent,3611,방죽마을 입구,37.47123337,127.10721588,50,0,0.0,0.0,0,0,0,0.0,0,0.0,50,0.0,0.0,0,false,false,never_worsened
base,synthetic_latent,3614,은마아파트 입구 사거리,37.49840164,127.06093597,50,3,2.58,3.0,1,4,0,0.0,46,0.92,4,0.015,0.734905,6,false,false,never_worsened
base,synthetic_latent,3615,서울 논현동우체국 앞,37.51446152,127.0326004,50,1,1.18,1.0,0,2,0,0.0,35,0.7,15,0.0,0.531333,24,false,false,never_worsened
base,synthetic_latent,3616,역삼중학교 앞(체육관 방향),37.49526215,127.04950714,50,0,0.0,0.0,0,0,0,0.0,0,0.0,50,0.0,0.0,0,false,false,never_worsened
base,synthetic_latent,3618,서울율현초교 삼거리,37.47364044,127.10702515,50,0,0.0,0.0,0,0,0,0.0,0,0.0,50,0.0,0.0,0,false,false,never_worsened
base,synthetic_latent,3620,청담역 11번 출구,37.51925659,127.0515976,50,41,4.92,5.5,1,9,0,0.0,48,0.96,2,0.028249,0.148983,5,false,false,never_worsened
base,synthetic_latent,3622,은마아파트입구 사거리(1),37.49986649,127.0605011,50,11,3.46,3.5,1,6,0,0.0,46,0.92,4,0.015393,0.327498,1,false,false,never_worsened
base,synthetic_latent,3623,일원에코파크 앞(개포로 방면),37.49587631,127.08650208,50,0,0.0,0.0,0,0,0,0.0,0,0.0,50,0.0,0.0,0,false,false,never_worsened
base,synthetic_latent,3624,대모산입구역 7번 출구 앞,37.49017715,127.07305908,50,12,1.26,0.0,0,4,0,0.0,18,0.36,32,0.045626,0.149111,3,false,false,never_worsened
base,synthetic_latent,3627,압구정나들목,37.53075027,127.04160309,50,18,6.52,6.0,4,9,0,0.0,50,1.0,0,0.146015,0.515636,3,false,false,never_worsened
base,synthetic_latent,3629,청담사거리(신한오피스텔빌딩 앞),37.52416229,127.0489502,50,0,0.0,0.0,0,0,0,0.0,0,0.0,50,0.58,0.58,0,false,false,never_worsened
base,synthetic_latent,3630,개포우성6차아파트 정문 앞,37.47685623,127.05536652,50,8,4.0,4.0,1,6,0,0.0,46,0.92,4,0.201692,0.689567,12,false,false,never_worsened
base,synthetic_latent,3634,국악고교 앞 교차로,37.47402191,127.04844666,50,2,0.18,0.0,0,1,0,0.0,7,0.14,43,0.064667,0.134667,4,false,false,never_worsened
base,synthetic_latent,3636,삼성중앙역·플래티넘아파트 정류소,37.51264191,127.05156708,50,17,9.08,9.0,7,12,0,0.0,50,1.0,0,0.084755,0.617132,30,false,false,never_worsened
base,synthetic_latent,3637,세곡데이케어센터,37.46072388,127.10287476,50,0,0.0,0.0,0,0,0,0.0,0,0.0,50,0.0,0.0,0,false,false,never_worsened
base,synthetic_latent,3638,신청담나들목,37.52796173,127.05162811,50,0,0.0,0.0,0,0,0,0.0,0,0.0,50,0.0,0.0,0,false,false,never_worsened
base,synthetic_latent,3640,일원1동주민센터앞 사거리,37.49087906,127.08795929,50,0,0.0,0.0,0,0,0,0.0,0,0.0,50,0.0,0.0,-1,true,false,never_worsened
base,synthetic_latent,3641,대청역,37.49370575,127.0799942,50,1,0.08,0.0,0,0,0,0.0,4,0.08,46,0.05,0.12,3,false,false,never_worsened
base,synthetic_latent,3642,LH강남힐스테이트아파트,37.47081375,127.08969879,50,64,5.08,5.0,3,7,0,0.0,50,1.0,0,0.043583,0.123427,16,false,false,never_worsened
base,synthetic_latent,3643,더시그넘하우스 앞,37.47267914,127.10375977,50,8,0.06,0.0,0,0,0,0.0,3,0.06,47,0.199609,0.207442,0,false,false,never_worsened
base,synthetic_latent,3644,상록수아파트,37.48276138,127.08042145,50,22,3.4,3.5,1,5,0,0.0,49,0.98,1,0.035474,0.194785,29,false,false,never_worsened
base,synthetic_latent,3646,선정릉역 4번 출구,37.5097847,127.04277039,50,12,5.18,5.0,3,8,0,0.0,50,1.0,0,0.138823,0.569905,23,false,false,never_worsened
base,synthetic_latent,3647,구룡역 1번 출구,37.48642349,127.05931854,50,0,0.0,0.0,0,0,0,0.0,0,0.0,50,0.0,0.0,10,false,false,never_worsened
base,synthetic_latent,3648,구룡역 4번 출구,37.48670578,127.0605011,50,0,0.0,0.0,0,0,0,0.0,0,0.0,50,0.0,0.0,0,false,false,never_worsened
base,synthetic_latent,3649,구룡역 5번 출구,37.48607635,127.05921936,50,2,1.0,1.0,0,2,0,0.0,27,0.54,23,0.389667,0.716667,2,false,false,never_worsened
base,synthetic_latent,3651,개포동역 4번출구,37.48929596,127.06616974,50,0,0.0,0.0,0,0,0,0.0,0,0.0,50,0.0,0.0,0,false,false,never_worsened
base,synthetic_latent,4902,구역삼세무서 교차로,37.49524307,127.03937531,50,53,2.46,3.0,-2,6,11,0.22,36,0.72,3,0.295736,0.342429,0,false,true,intermittent_worsened
base,synthetic_latent,4903,신사스퀘어,37.51916885,127.0189743,50,0,0.0,0.0,0,0,0,0.0,0,0.0,50,0.0,0.0,0,false,false,never_worsened
base,synthetic_latent,4905,강남경찰서,37.50971985,127.06679535,50,86,6.88,7.0,2,11,0,0.0,50,1.0,0,0.08506,0.165319,7,false,false,never_worsened
base,synthetic_latent,4906,섬유센터 앞,37.50767136,127.06017303,50,5,0.66,0.0,0,2,0,0.0,22,0.44,28,0.149501,0.262294,20,false,false,never_worsened
base,synthetic_latent,4907,극동스포츠 앞,37.5257225,127.02588654,50,0,0.0,0.0,0,0,0,0.0,0,0.0,50,0.0,0.0,6,false,false,never_worsened
base,synthetic_latent,4908,SB타워 앞,37.52210999,127.03646088,50,0,0.0,0.0,0,0,0,0.0,0,0.0,50,0.0,0.0,0,false,false,never_worsened
base,synthetic_latent,4909,노보텔 앰배서더 앞,37.50570297,127.02919769,50,4,0.0,0.0,0,0,0,0.0,0,0.0,50,0.0075,0.0075,10,false,false,never_worsened
base,synthetic_latent,4913,레베쌍트 빌딩 앞,37.51292038,127.056427,50,0,0.0,0.0,0,0,0,0.0,0,0.0,50,0.0,0.0,0,false,false,never_worsened
base,synthetic_latent,4914,도심공항타워 앞,37.50999069,127.05847168,50,0,0.0,0.0,0,0,0,0.0,0,0.0,50,0.0,0.0,24,false,false,never_worsened
base,synthetic_latent,4915,영동중앙교회 버스정류장,37.49775314,127.03857422,50,31,6.5,6.0,4,8,0,0.0,50,1.0,0,0.074908,0.28238,5,false,false,never_worsened
base,synthetic_latent,4916,청담역 1번출구,37.51973724,127.05767822,50,38,6.12,6.0,4,9,0,0.0,50,1.0,0,0.026188,0.192735,1,false,false,never_worsened
base,synthetic_latent,4917,일원에코파크 주차장,37.49404526,127.08678436,50,4,0.0,0.0,0,0,0,0.0,0,0.0,50,1.0,1.0,0,false,false,never_worsened
base,synthetic_latent,4918,매봉역 1번출구,37.48661041,127.04550934,50,0,0.0,0.0,0,0,0,0.0,0,0.0,50,0.0,0.0,0,false,false,never_worsened
base,synthetic_latent,4919,학여울역사거리(은마아파트),37.49665833,127.06938171,50,3,3.56,4.0,1,5,0,0.0,49,0.98,1,0.035,0.939643,0,false,false,never_worsened
base,synthetic_latent,4923,수협대치동지점,37.49861526,127.0683136,50,0,0.0,0.0,0,0,0,0.0,0,0.0,50,0.0,0.0,0,false,false,never_worsened
base,synthetic_latent,4924,논현동가구거리,37.51280975,127.02636719,50,6,1.72,1.0,1,3,0,0.0,50,1.0,0,0.058311,0.35721,1,false,false,never_worsened
base,synthetic_latent,4925,청담백영빌딩 앞,37.52390289,127.04660797,50,0,0.0,0.0,0,0,0,0.0,0,0.0,50,0.0,0.0,0,false,false,never_worsened
base,synthetic_latent,4926,대치우성아파트 사거리,37.50099564,127.06803894,50,4,0.1,0.0,0,0,0,0.0,4,0.08,46,0.0,0.049,4,false,false,never_worsened
base,synthetic_latent,4928,교수마을 입구,37.4818573,127.10456085,50,0,0.0,0.0,0,0,0,0.0,0,0.0,50,0.0,0.0,0,false,false,never_worsened
base,synthetic_latent,4929,파스쿠찌 청담사거리점 앞,37.52464676,127.04914856,50,0,0.0,0.0,0,0,0,0.0,0,0.0,50,0.0,0.0,0,false,false,never_worsened
base,synthetic_latent,4930,학여울역 1번 출구,37.49662018,127.07099915,50,0,0.0,0.0,0,0,0,0.0,0,0.0,50,0.0,0.0,5,false,false,never_worsened
base,synthetic_latent,4931,디에이치퍼스티어아이파크 124동 앞,37.48131943,127.05435181,50,11,0.64,1.0,0,1,0,0.0,31,0.62,19,0.134138,0.192476,6,false,false,never_worsened
base,synthetic_latent,4932,개포래미안포레스트 130동 맞은편,37.47748566,127.05743408,50,19,3.64,4.0,0,5,0,0.0,45,0.9,5,0.029498,0.229341,0,false,false,never_worsened
base,synthetic_latent,4935,도곡삼성래미안,37.48920441,127.05106354,50,4,0.06,0.0,0,0,0,0.0,3,0.06,47,0.075048,0.102905,-3,true,false,never_worsened
base,synthetic_latent,4936,SK텔레콤(T1) 인근,37.51263046,127.04283142,50,31,1.9,1.0,0,5,0,0.0,39,0.78,11,0.008569,0.067263,5,false,false,never_worsened
base,synthetic_latent,4937,개포래미안포레스트126동 앞,37.47816467,127.05630493,50,30,0.22,0.0,0,1,1,0.02,11,0.22,38,0.032978,0.039945,2,false,true,intermittent_worsened
base,synthetic_latent,4938,LH수서2단지 201동 앞,37.47955322,127.10666656,50,15,0.12,0.0,0,1,0,0.0,6,0.12,44,0.398849,0.407531,0,false,false,never_worsened
base,synthetic_latent,4939,도산공원,37.5253067,127.03302765,50,0,0.0,0.0,0,0,0,0.0,0,0.0,50,0.0,0.0,4,false,false,never_worsened
base,synthetic_latent,4940,한강버스 압구정 선착장,37.52643204,127.01720428,50,0,0.0,0.0,0,0,0,0.0,0,0.0,50,0.0,0.0,0,false,false,never_worsened
base,synthetic_latent,4941,압구정로 11길,37.52594757,127.02082825,50,0,0.0,0.0,0,0,0,0.0,0,0.0,50,0.0,0.0,0,false,false,never_worsened
base,synthetic_latent,4942,율현삼거리,37.46805573,127.12036133,50,0,0.0,0.0,0,0,0,0.0,0,0.0,50,0.0,0.0,0,false,false,never_worsened
base,combined,2301,현대고등학교 건너편,37.52407074,127.02178955,50,68,1.14,1.0,0,2,0,0.0,37,0.74,13,0.983235,1.0,0,false,false,never_worsened
base,combined,2302,교보타워 버스정류장(신논현역 3번출구 후면),37.5055809,127.02427673,50,130,-0.3,0.0,-1,0,15,0.3,0,0.0,35,1.0,0.997692,0,false,true,intermittent_worsened
base,combined,2303,논현역 10번출구,37.51137161,127.02146149,50,198,63.08,63.0,55,71,0,0.0,50,1.0,0,0.588337,0.906598,23,false,false,never_worsened
base,combined,2304,대현그린타워,37.5116272,127.03565216,50,94,63.64,64.0,58,68,0,0.0,50,1.0,0,0.170958,0.842525,44,false,false,never_worsened
base,combined,2305,MCM 본사 직영점 앞,37.52064133,127.03450775,50,39,-2.96,-3.0,-4,-2,50,1.0,0,0.0,0,1.0,0.924103,-4,true,false,persistent_worsened
base,combined,2306,압구정역 2번 출구 옆,37.5271225,127.02871704,50,272,52.28,52.0,46,59,0,0.0,50,1.0,0,0.759057,0.9507,23,false,false,never_worsened
base,combined,2307,압구정 한양 3차 아파트,37.52838135,127.03901672,50,128,21.16,21.0,18,24,0,0.0,50,1.0,0,0.808101,0.97228,18,false,false,never_worsened
base,combined,2308,압구정파출소 앞,37.52930069,127.03559875,50,120,-1.34,-1.0,-4,0,30,0.6,0,0.0,20,1.0,0.988833,-1,true,false,intermittent_worsened
base,combined,2309,청담역(우리들병원 앞),37.51890182,127.04938507,50,65,30.48,30.0,27,34,0,0.0,50,1.0,0,0.42138,0.885959,21,false,false,never_worsened
base,combined,2310,청담동 맥도날드 옆(위치),37.52361298,127.04017639,50,49,4.56,5.0,4,5,0,0.0,50,1.0,0,0.906939,1.0,5,false,false,never_worsened
base,combined,2311,학동로 래미안 아파트 앞,37.51777267,127.04302216,50,70,41.86,42.0,35,47,0,0.0,50,1.0,0,0.318396,0.913643,19,false,false,never_worsened
base,combined,2312,청담역 13번 출구 앞,37.52058029,127.05632782,50,67,14.82,15.0,13,16,0,0.0,50,1.0,0,0.757611,0.976935,15,false,false,never_worsened
base,combined,2313,금원빌딩 앞,37.52505493,127.05252838,50,62,-0.14,0.0,-1,0,7,0.14,0,0.0,43,1.0,0.997742,0,false,true,intermittent_worsened
base,combined,2315,봉은사역 5번출구 옆,37.51424789,127.06111908,50,109,0.0,0.0,0,0,0,0.0,0,0.0,50,1.0,1.0,0,false,false,never_worsened
base,combined,2317,삼성도로공원,37.51588821,127.06620026,50,93,0.0,0.0,0,0,0,0.0,0,0.0,50,1.0,1.0,0,false,false,never_worsened
base,combined,2318,삼성중앙역4번출구(문화센터더 리빌),37.51357651,127.05503082,50,15,0.84,1.0,0,1,0,0.0,42,0.84,8,0.934666,0.990667,1,false,false,never_worsened
base,combined,2319,포스코사거리 서측(수협 삼성동 지점),37.50660706,127.05467987,50,108,8.08,8.0,7,10,0,0.0,50,1.0,0,0.919815,0.99463,7,false,false,never_worsened
base,combined,2320,도곡역 대치지구대 방향,37.49191284,127.05709076,50,87,0.0,0.0,0,0,0,0.0,0,0.0,50,1.0,1.0,0,false,false,never_worsened
base,combined,2321,학여울역 사거리,37.49611664,127.06944275,50,34,-0.3,0.0,-1,0,15,0.3,0,0.0,35,1.0,0.991176,0,false,true,intermittent_worsened
base,combined,2324,천주교 대치 2동 교회 옆,37.50043869,127.06622314,50,126,0.02,0.0,0,0,0,0.0,1,0.02,49,0.999841,1.0,0,false,false,never_worsened
base,combined,2325,대치삼성아파트 앞 교차로,37.4986496,127.05931854,50,115,19.94,20.0,14,25,0,0.0,50,1.0,0,0.802471,0.973987,6,false,false,never_worsened
base,combined,2326,대치동 삼성로,37.50239563,127.05879974,50,109,63.76,63.5,55,72,0,0.0,50,1.0,0,0.269632,0.853232,14,false,false,never_worsened
base,combined,2327,뱅뱅사거리 랜드마크타워 앞,37.49055099,127.03146362,50,140,-1.64,-1.0,-4,0,32,0.64,0,0.0,18,1.0,0.988286,0,false,true,intermittent_worsened
base,combined,2328,르네상스 호텔 사거리 역삼지하보도 7번출구 앞,37.50321198,127.04273224,50,141,36.8,38.0,29,44,0,0.0,50,1.0,0,0.569219,0.829015,19,false,false,never_worsened
base,combined,2329,르네상스호텔사거리 역삼지하보도 2번출구,37.50235748,127.04319,50,65,28.2,29.0,22,33,0,0.0,50,1.0,0,0.510195,0.941115,5,false,false,never_worsened
base,combined,2330,역삼월드메르디앙아파트 앞,37.49219894,127.03945923,50,94,20.98,22.5,15,26,0,0.0,50,1.0,0,0.722903,0.943075,0,false,false,never_worsened
base,combined,2331,동영문화센터앞,37.49805069,127.04460144,50,112,28.32,28.5,22,32,0,0.0,50,1.0,0,0.657817,0.908462,16,false,false,never_worsened
base,combined,2332,선릉역3번출구,37.50410461,127.04903412,50,234,41.32,41.5,37,46,0,0.0,50,1.0,0,0.792182,0.968214,40,false,false,never_worsened
base,combined,2333,양재역 3번출구 주변,37.48515701,127.03407288,50,269,85.16,84.5,74,96,0,0.0,50,1.0,0,0.347847,0.663536,45,false,false,never_worsened
base,combined,2335,3호선 매봉역 3번출구앞,37.48676682,127.04676056,50,302,0.0,0.0,0,0,0,0.0,0,0.0,50,1.0,1.0,0,false,false,never_worsened
base,combined,2336,강남세브란스교차로 래미안그레이튼 104동 앞,37.49423599,127.04746246,50,99,2.16,2.5,0,4,4,0.08,42,0.84,4,0.942589,0.964211,2,false,true,intermittent_worsened
base,combined,2337,대모산입구역 2번출구 앞,37.49207687,127.07197571,50,62,0.0,0.0,0,0,0,0.0,0,0.0,50,1.0,1.0,0,false,false,never_worsened
base,combined,2339,현대아파트 정문 앞,37.48326111,127.0522995,50,95,14.7,13.0,11,21,0,0.0,50,1.0,0,0.78845,0.941548,1,false,false,never_worsened
base,combined,2340,삼호물산버스정류장(23370) 옆,37.47750854,127.04517365,50,313,0.0,0.0,0,0,0,0.0,0,0.0,50,1.0,1.0,0,false,false,never_worsened
base,combined,2341,일원역 4~5번 출구 사이,37.4833107,127.08493805,50,86,33.16,33.0,30,36,0,0.0,50,1.0,0,0.516672,0.901857,33,false,false,never_worsened
base,combined,2342,대청역 1번출구 뒤,37.49390793,127.07962036,50,185,15.88,16.0,12,21,0,0.0,50,1.0,0,0.870094,0.955487,9,false,false,never_worsened
base,combined,2344,리엔파크 2단지 앞,37.46506119,127.10119629,50,62,0.0,0.0,0,0,0,0.0,0,0.0,50,1.0,1.0,0,false,false,never_worsened
base,combined,2347,두산건설 본사,37.51863861,127.03540039,50,65,25.22,25.0,20,30,0,0.0,50,1.0,0,0.334154,0.722154,28,false,false,never_worsened
base,combined,2348,포스코사거리(기업은행),37.50723267,127.05685425,50,362,21.26,19.0,8,34,1,0.02,49,0.98,0,0.764751,0.823481,52,false,true,intermittent_worsened
base,combined,2349,역삼빌딩 앞(하나은행 옆),37.50154495,127.03856659,50,112,56.76,56.0,47,66,0,0.0,50,1.0,0,0.228123,0.732496,16,false,false,never_worsened
base,combined,2350,래미안그레이튼102동앞,37.49482346,127.04790497,50,38,0.0,0.0,0,0,0,0.0,0,0.0,50,1.0,1.0,0,false,false,never_worsened
base,combined,2351,청소년수련관(수영장)앞,37.48387909,127.0890274,50,46,7.58,8.0,6,9,0,0.0,50,1.0,0,0.800435,0.965218,7,false,false,never_worsened
base,combined,2352,서울본부세관(건설회관 앞),37.51758957,127.03502655,50,81,23.36,23.0,19,28,0,0.0,50,1.0,0,0.373086,0.661482,28,false,false,never_worsened
base,combined,2353,강남구청역 2번출구 뒤,37.51681137,127.04047394,50,176,67.7,67.5,59,76,0,0.0,50,1.0,0,0.302879,0.687343,47,false,false,never_worsened
base,combined,2354,청담역 2번출구,37.51978683,127.0567627,50,33,12.6,13.0,9,17,0,0.0,50,1.0,0,0.372727,0.754546,19,false,false,never_worsened
base,combined,2356,강남구청,37.51807022,127.04711914,50,81,26.44,26.5,21,31,0,0.0,50,1.0,0,0.512177,0.838537,28,false,false,never_worsened
base,combined,2357,르네상스호텔사거리 역삼지하보도 3번출구 앞 (더 오번 빌딩 명동칼국수 앞),37.50166321,127.04297638,50,121,33.94,34.0,27,39,0,0.0,50,1.0,0,0.451053,0.730558,17,false,false,never_worsened
base,combined,2358,구룡초사거리 (현대아파트10동 앞 ),37.48138428,127.05391693,50,91,10.54,11.0,6,15,0,0.0,50,1.0,0,0.753149,0.867779,9,false,false,never_worsened
base,combined,2359,"국립국악중,고교 정문 맞은편",37.47560501,127.05037689,50,176,-0.16,0.0,-1,0,6,0.12,0,0.0,44,1.0,0.999091,0,false,true,intermittent_worsened
base,combined,2360,도곡1동 주민센터 교차로,37.4928093,127.04138947,50,134,5.44,6.0,2,9,0,0.0,48,0.96,2,0.877345,0.917629,3,false,false,never_worsened
base,combined,2362,신사동 가로수길 입구,37.51763535,127.02245331,50,78,-0.36,0.0,-1,0,14,0.28,0,0.0,36,1.0,0.995385,0,false,true,intermittent_worsened
base,combined,2363,강남 을지병원 교차로,37.51913834,127.02751923,50,44,-0.16,0.0,-1,0,8,0.16,0,0.0,42,1.0,0.996364,0,false,true,intermittent_worsened
base,combined,2364,도산공원교차로,37.52124023,127.0318985,50,59,-0.02,0.0,0,0,1,0.02,0,0.0,49,1.0,0.999661,0,false,true,intermittent_worsened
base,combined,2365,K+ 타워 앞,37.52330017,127.03847504,50,84,-0.76,-1.0,-2,0,27,0.54,0,0.0,23,1.0,0.990952,-1,true,false,intermittent_worsened
base,combined,2368,도곡동 경남아파트 건너편,37.48934174,127.04129791,50,84,20.16,20.0,15,26,0,0.0,50,1.0,0,0.495922,0.735671,23,false,false,never_worsened
base,combined,2369,KT선릉타워,37.50542831,127.0528717,50,155,14.74,15.0,12,17,0,0.0,50,1.0,0,0.881419,0.976516,16,false,false,never_worsened
base,combined,2370,한티역 3번출구,37.49655151,127.0542984,50,47,0.0,0.0,0,0,0,0.0,0,0.0,50,1.0,1.0,0,false,false,never_worsened
base,combined,2371,한국우편사업진흥원,37.51474762,127.03513336,50,87,40.86,41.0,34,47,0,0.0,50,1.0,0,0.222115,0.690293,36,false,false,never_worsened
base,combined,2372,대치역 사거리,37.49449921,127.063797,50,112,0.0,0.0,0,0,0,0.0,0,0.0,50,1.0,1.0,0,false,false,never_worsened
base,combined,2373,개포동역 사거리,37.48927689,127.06557465,50,57,4.62,5.0,3,6,0,0.0,50,1.0,0,0.904562,0.985614,5,false,false,never_worsened
base,combined,2375,수서역 1번출구 앞,37.48735046,127.10099792,50,169,0.0,0.0,0,0,0,0.0,0,0.0,50,1.0,1.0,0,false,false,never_worsened
base,combined,2376,수서역 6번출구 앞,37.48677826,127.10051727,50,179,0.0,0.0,0,0,0,0.0,0,0.0,50,1.0,1.0,0,false,false,never_worsened
base,combined,2377,수서역 5번출구,37.48735046,127.10232544,50,448,0.4,0.0,0,2,1,0.02,10,0.2,39,0.998116,0.998993,0,false,true,intermittent_worsened
base,combined,2380,삼성동베이직하우스앞,37.51169586,127.04934692,50,89,26.26,26.0,19,31,0,0.0,50,1.0,0,0.486344,0.778872,11,false,false,never_worsened
base,combined,2381,언주역 6번출구앞,37.50780869,127.03498077,50,72,20.76,21.0,17,24,0,0.0,50,1.0,0,0.670794,0.955559,11,false,false,never_worsened
base,combined,2382,역삼동 sk뷰 501동앞,37.50122833,127.05036163,50,54,15.56,16.0,11,20,0,0.0,50,1.0,0,0.521087,0.80696,2,false,false,never_worsened
base,combined,2383,보금자리정원,37.46632767,127.09488678,50,42,0.94,1.0,-1,2,5,0.1,29,0.58,16,0.943809,0.96619,2,false,true,intermittent_worsened
base,combined,2384,자곡사거리,37.47602844,127.10594177,50,232,1.06,1.0,0,3,0,0.0,28,0.56,22,0.98319,0.987759,2,false,false,never_worsened
base,combined,2385,학동역,37.51395035,127.03015137,50,95,3.18,3.0,0,7,3,0.06,43,0.86,4,0.907158,0.940631,9,false,true,intermittent_worsened
base,combined,2386,크린랩 본사,37.50958633,127.04090881,50,52,16.98,17.0,13,21,0,0.0,50,1.0,0,0.483145,0.80653,14,false,false,never_worsened
base,combined,2387,래미안강남힐즈 사거리,37.47245407,127.09607697,50,145,-2.48,-2.0,-6,0,37,0.74,1,0.02,12,0.969517,0.952414,1,false,true,intermittent_worsened
base,combined,2388,강남구 도시관리공단,37.51678467,127.05161285,50,86,14.94,16.0,8,20,0,0.0,50,1.0,0,0.39997,0.572871,29,false,false,never_worsened
base,combined,2389,경기여자고등학교 후문 (삼성로3길 입구),37.48616028,127.06723785,50,114,2.34,2.0,-1,6,9,0.18,35,0.7,6,0.954035,0.974561,3,false,true,intermittent_worsened
base,combined,2390,구룡마을 입구 (래미안블레스티지 아파트),37.48088074,127.06304169,50,140,0.0,0.0,0,0,0,0.0,0,0.0,50,1.0,1.0,0,false,false,never_worsened
base,combined,2392,구룡산 입구 (구룡산 서울둘레길 입구),37.47447205,127.05545044,50,22,2.56,2.0,1,4,0,0.0,50,1.0,0,0.8718,0.986601,2,false,false,never_worsened
base,combined,2394,개포래미안포레스트아파트 107동 앞,37.48025131,127.05419159,50,115,11.54,12.5,6,15,1,0.02,49,0.98,0,0.758585,0.858894,20,false,true,intermittent_worsened
base,combined,2396,영동3교 북단(우성캐릭터 앞 보도),37.48574066,127.05104828,50,55,0.5,1.0,-3,2,10,0.2,32,0.64,8,0.825818,0.834909,4,false,true,intermittent_worsened
base,combined,2398,더라움,37.50811005,127.0394516,50,71,17.88,18.0,14,23,0,0.0,50,1.0,0,0.466511,0.716682,9,false,false,never_worsened
base,combined,2401,밀알학교 입구 (삼성서울병원 입구),37.48656082,127.08267212,50,50,11.88,11.5,8,16,0,0.0,50,1.0,0,0.442173,0.677728,17,false,false,never_worsened
base,combined,2403,공무원연금매점 교차로 (개포주공9단지 입구),37.48871994,127.07453918,50,133,12.96,12.0,10,18,0,0.0,50,1.0,0,0.812289,0.909177,11,false,false,never_worsened
base,combined,2404,대모산입구역 4번 출구 앞,37.49180984,127.07315826,50,195,0.0,0.0,0,0,0,0.0,0,0.0,50,1.0,1.0,0,false,false,never_worsened
base,combined,2405,청담공원앞 교차로,37.51871109,127.05084991,50,180,29.76,29.5,24,34,0,0.0,50,1.0,0,0.218878,0.384001,59,false,false,never_worsened
base,combined,2406,논현동 광명빌딩 앞,37.5175705,127.02364349,50,33,-0.24,0.0,-1,0,10,0.2,0,0.0,40,1.0,0.992727,0,false,true,intermittent_worsened
base,combined,2407,역삼서초삼성 세무서 앞 (역삼빌딩 앞,37.49847031,127.03011322,50,227,-1.26,-2.0,-7,5,30,0.6,18,0.36,2,0.944405,0.938855,9,false,true,intermittent_worsened
base,combined,2408,강남한양수자인아파트,37.4773407,127.11327362,50,157,0.0,0.0,0,0,0,0.0,0,0.0,50,1.0,1.0,0,false,false,never_worsened
base,combined,2409,역삼동 디오슈페리움 (우성아파트 사거리),37.49206161,127.03074646,50,139,-4.7,-4.5,-8,-1,50,1.0,0,0.0,0,1.0,0.966187,-7,true,false,persistent_worsened
base,combined,2410,포스코피앤에스타워 (역삼역 3번출구 부근),37.49959946,127.03375244,50,182,8.7,9.0,4,14,0,0.0,50,1.0,0,0.552816,0.600414,17,false,false,never_worsened
base,combined,2411,세곡동 성당,37.47296906,127.11222839,50,146,1.26,0.0,0,7,0,0.0,24,0.48,26,0.929644,0.938258,0,false,false,never_worsened
base,combined,2413,도곡역 1번 출구,37.49095917,127.05498505,50,146,0.0,0.0,0,0,0,0.0,0,0.0,50,1.0,1.0,0,false,false,never_worsened
base,combined,2414,도곡역 아카데미스위트 앞,37.48897171,127.05182648,50,220,0.0,0.0,0,0,0,0.0,0,0.0,50,1.0,1.0,0,false,false,never_worsened
base,combined,2415,한티역 롯데백화점 앞,37.49667358,127.05342865,50,144,4.68,5.0,2,7,0,0.0,50,1.0,0,0.930173,0.962549,1,false,false,never_worsened
base,combined,2416,한티역 6번 출구,37.4958992,127.05219269,50,74,-3.92,-4.0,-6,-2,50,1.0,0,0.0,0,0.999189,0.946216,-6,true,false,persistent_worsened
base,combined,2417,선정릉 디캠프(D.CAMP)앞,37.50799942,127.04524994,50,47,9.58,10.0,6,13,0,0.0,50,1.0,0,0.675469,0.879266,4,false,false,never_worsened
base,combined,2418,봉은사역 7번 출구,37.51393509,127.05982208,50,108,3.26,3.0,0,7,4,0.08,40,0.8,6,0.852778,0.882963,12,false,true,intermittent_worsened
base,combined,2419,"봉은사역 1,2번 출구",37.51430893,127.05970001,50,77,0.0,0.0,0,0,0,0.0,0,0.0,50,1.0,1.0,0,false,false,never_worsened
base,combined,2420,학여울역 사거리(LG베스트샵 앞),37.49689484,127.07013702,50,111,-0.86,-1.0,-2,0,27,0.54,0,0.0,23,1.0,0.992252,-6,true,false,intermittent_worsened
base,combined,2422,수서동 성당 맞은편,37.48416901,127.09484863,50,64,-4.02,-4.0,-6,-3,50,1.0,0,0.0,0,1.0,0.937187,-4,true,false,persistent_worsened
base,combined,2423,영희초교 사거리(래미안개포루체하임),37.4908371,127.08065033,50,144,-1.24,0.0,-4,0,24,0.48,0,0.0,26,1.0,0.991389,-1,true,false,intermittent_worsened
base,combined,2425,세곡동 사거리(대왕초등학교 정류장),37.46461868,127.10684967,50,44,0.0,0.0,0,0,0,0.0,0,0.0,50,1.0,1.0,0,false,false,never_worsened
base,combined,2426,강남한신휴플러스 6단지,37.46829605,127.10469818,50,84,0.88,0.0,0,2,0,0.0,16,0.32,34,0.8192,0.829616,3,false,false,never_worsened
base,combined,2427,개포고등학교 정문앞,37.48485184,127.0583725,50,112,-2.74,-2.0,-6,-1,47,0.94,1,0.02,2,0.976749,0.952473,-1,true,false,persistent_worsened
base,combined,2430,강남파이낸스센터앞(역삼역2번출구),37.50024414,127.03605652,50,194,25.62,25.5,19,32,0,0.0,50,1.0,0,0.339915,0.471609,15,false,false,never_worsened
base,combined,2431,대치역 7번출구,37.49411774,127.06290436,50,165,0.0,0.0,0,0,0,0.0,0,0.0,50,1.0,1.0,0,false,false,never_worsened
base,combined,3602,한국지역난방공사강남지사,37.49229431,127.09433746,50,83,-0.14,1.0,-3,2,16,0.32,28,0.56,6,0.985542,0.983855,1,false,true,intermittent_worsened
base,combined,3604,삼성중앙역 5번출구,37.51296234,127.05386353,50,116,14.94,15.0,11,19,0,0.0,50,1.0,0,0.591306,0.719254,11,false,false,never_worsened
base,combined,3606,신사동주민센터 옆,37.52422714,127.02285004,50,53,0.0,0.0,0,0,0,0.0,0,0.0,50,1.0,1.0,0,false,false,never_worsened
base,combined,3609,언주초등학교 입구,37.48536682,127.03849792,50,87,-3.0,-3.0,-4,-2,50,1.0,0,0.0,0,1.0,0.965517,-2,true,false,persistent_worsened
base,combined,3610,윗반마을 입구,37.46534729,127.1088028,50,20,2.7,3.0,1,4,0,0.0,50,1.0,0,0.868732,0.995861,1,false,false,never_worsened
base,combined,3611,방죽마을 입구,37.47123337,127.10721588,50,63,0.0,0.0,0,0,0,0.0,0,0.0,50,1.0,1.0,0,false,false,never_worsened
base,combined,3614,은마아파트 입구 사거리,37.49840164,127.06093597,50,185,0.48,1.0,-3,5,17,0.34,27,0.54,6,0.947878,0.950407,6,false,true,intermittent_worsened
base,combined,3615,서울 논현동우체국 앞,37.51446152,127.0326004,50,59,22.82,23.0,20,26,0,0.0,50,1.0,0,0.512841,0.893935,24,false,false,never_worsened
base,combined,3616,역삼중학교 앞(체육관 방향),37.49526215,127.04950714,50,41,0.0,0.0,0,0,0,0.0,0,0.0,50,1.0,1.0,0,false,false,never_worsened
base,combined,3618,서울율현초교 삼거리,37.47364044,127.10702515,50,102,0.0,0.0,0,0,0,0.0,0,0.0,50,1.0,1.0,0,false,false,never_worsened
base,combined,3620,청담역 11번 출구,37.51925659,127.0515976,50,63,9.16,10.0,5,13,0,0.0,50,1.0,0,0.212503,0.358239,5,false,false,never_worsened
base,combined,3622,은마아파트입구 사거리(1),37.49986649,127.0605011,50,58,4.9,5.0,1,8,1,0.02,47,0.94,2,0.751844,0.835416,1,false,true,intermittent_worsened
base,combined,3623,일원에코파크 앞(개포로 방면),37.49587631,127.08650208,50,66,0.0,0.0,0,0,0,0.0,0,0.0,50,1.0,1.0,0,false,false,never_worsened
base,combined,3624,대모산입구역 7번 출구 앞,37.49017715,127.07305908,50,42,2.04,1.0,0,6,0,0.0,36,0.72,14,0.651899,0.69948,3,false,false,never_worsened
base,combined,3627,압구정나들목,37.53075027,127.04160309,50,99,11.14,11.0,8,15,0,0.0,50,1.0,0,0.783214,0.895116,3,false,false,never_worsened
base,combined,3629,청담사거리(신한오피스텔빌딩 앞),37.52416229,127.0489502,50,15,0.0,0.0,0,0,0,0.0,0,0.0,50,1.0,1.0,0,false,false,never_worsened
base,combined,3630,개포우성6차아파트 정문 앞,37.47685623,127.05536652,50,58,7.64,6.5,5,12,0,0.0,50,1.0,0,0.532406,0.662635,12,false,false,never_worsened
base,combined,3634,국악고교 앞 교차로,37.47402191,127.04844666,50,81,2.62,1.0,0,6,0,0.0,32,0.64,18,0.896144,0.928226,4,false,false,never_worsened
base,combined,3636,삼성중앙역·플래티넘아파트 정류소,37.51264191,127.05156708,50,106,28.04,28.5,23,33,0,0.0,50,1.0,0,0.39708,0.66067,30,false,false,never_worsened
base,combined,3637,세곡데이케어센터,37.46072388,127.10287476,50,31,0.0,0.0,0,0,0,0.0,0,0.0,50,1.0,1.0,0,false,false,never_worsened
base,combined,3638,신청담나들목,37.52796173,127.05162811,50,34,0.0,0.0,0,0,0,0.0,0,0.0,50,1.0,1.0,0,false,false,never_worsened
base,combined,3640,일원1동주민센터앞 사거리,37.49087906,127.08795929,50,194,-10.6,-11.0,-14,-8,50,1.0,0,0.0,0,0.978866,0.924227,-1,true,false,persistent_worsened
base,combined,3641,대청역,37.49370575,127.0799942,50,171,2.52,3.0,0,4,4,0.08,42,0.84,4,0.960704,0.975417,3,false,true,intermittent_worsened
base,combined,3642,LH강남힐스테이트아파트,37.47081375,127.08969879,50,156,9.96,9.0,7,13,0,0.0,50,1.0,0,0.244382,0.308217,16,false,false,never_worsened
base,combined,3643,더시그넘하우스 앞,37.47267914,127.10375977,50,100,0.12,0.0,0,1,4,0.08,8,0.16,38,0.858753,0.85996,0,false,true,intermittent_worsened
base,combined,3644,상록수아파트,37.48276138,127.08042145,50,90,14.92,16.0,8,19,0,0.0,50,1.0,0,0.228676,0.394652,29,false,false,never_worsened
base,combined,3646,선정릉역 4번 출구,37.5097847,127.04277039,50,87,21.04,21.0,15,25,0,0.0,50,1.0,0,0.488454,0.729342,23,false,false,never_worsened
base,combined,3647,구룡역 1번 출구,37.48642349,127.05931854,50,100,5.3,6.5,-1,10,5,0.1,43,0.86,2,0.8516,0.9046,10,false,true,intermittent_worsened
base,combined,3648,구룡역 4번 출구,37.48670578,127.0605011,50,24,0.0,0.0,0,0,0,0.0,0,0.0,50,1.0,1.0,0,false,false,never_worsened
base,combined,3649,구룡역 5번 출구,37.48607635,127.05921936,50,85,1.72,2.0,-3,6,12,0.24,34,0.68,4,0.877788,0.897736,2,false,true,intermittent_worsened
base,combined,3651,개포동역 4번출구,37.48929596,127.06616974,50,149,0.0,0.0,0,0,0,0.0,0,0.0,50,1.0,1.0,0,false,false,never_worsened
base,combined,4902,구역삼세무서 교차로,37.49524307,127.03937531,50,156,-0.58,-1.0,-6,4,28,0.56,18,0.36,4,0.726889,0.723209,0,false,true,intermittent_worsened
base,combined,4903,신사스퀘어,37.51916885,127.0189743,50,39,0.0,0.0,0,0,0,0.0,0,0.0,50,1.0,1.0,0,false,false,never_worsened
base,combined,4905,강남경찰서,37.50971985,127.06679535,50,305,11.52,12.0,5,16,0,0.0,50,1.0,0,0.694784,0.732522,7,false,false,never_worsened
base,combined,4906,섬유센터 앞,37.50767136,127.06017303,50,223,22.4,22.5,18,26,0,0.0,50,1.0,0,0.868513,0.968681,20,false,false,never_worsened
base,combined,4907,극동스포츠 앞,37.5257225,127.02588654,50,82,3.88,2.0,0,8,0,0.0,41,0.82,9,0.828048,0.875366,6,false,false,never_worsened
base,combined,4908,SB타워 앞,37.52210999,127.03646088,50,39,-0.02,0.0,0,0,1,0.02,0,0.0,49,1.0,0.999487,0,false,true,intermittent_worsened
base,combined,4909,노보텔 앰배서더 앞,37.50570297,127.02919769,50,53,2.24,1.0,0,6,0,0.0,34,0.68,16,0.357695,0.399597,10,false,false,never_worsened
base,combined,4913,레베쌍트 빌딩 앞,37.51292038,127.056427,50,46,0.14,0.0,0,1,0,0.0,7,0.14,43,0.995217,0.998261,0,false,false,never_worsened
base,combined,4914,도심공항타워 앞,37.50999069,127.05847168,50,140,23.2,23.5,20,26,0,0.0,50,1.0,0,0.819,0.984714,24,false,false,never_worsened
base,combined,4915,영동중앙교회 버스정류장,37.49775314,127.03857422,50,59,9.22,9.0,7,12,0,0.0,50,1.0,0,0.390837,0.54541,5,false,false,never_worsened
base,combined,4916,청담역 1번출구,37.51973724,127.05767822,50,45,6.5,6.0,5,10,0,0.0,50,1.0,0,0.137067,0.285032,1,false,false,never_worsened
base,combined,4917,일원에코파크 주차장,37.49404526,127.08678436,50,170,0.0,0.0,0,0,0,0.0,0,0.0,50,1.0,1.0,0,false,false,never_worsened
base,combined,4918,매봉역 1번출구,37.48661041,127.04550934,50,83,0.0,0.0,0,0,0,0.0,0,0.0,50,1.0,1.0,0,false,false,never_worsened
base,combined,4919,학여울역사거리(은마아파트),37.49665833,127.06938171,50,32,3.7,4.0,2,5,0,0.0,49,0.98,1,0.881838,0.99222,0,false,false,never_worsened
base,combined,4923,수협대치동지점,37.49861526,127.0683136,50,118,-0.2,0.0,-1,0,6,0.12,0,0.0,44,1.0,0.998305,0,false,true,intermittent_worsened
base,combined,4924,논현동가구거리,37.51280975,127.02636719,50,48,2.78,2.0,2,4,0,0.0,50,1.0,0,0.848297,0.905443,1,false,false,never_worsened
base,combined,4925,청담백영빌딩 앞,37.52390289,127.04660797,50,42,0.0,0.0,0,0,0,0.0,0,0.0,50,1.0,1.0,0,false,false,never_worsened
base,combined,4926,대치우성아파트 사거리,37.50099564,127.06803894,50,216,1.04,1.0,-1,3,8,0.16,29,0.58,13,0.960147,0.964945,4,false,true,intermittent_worsened
base,combined,4928,교수마을 입구,37.4818573,127.10456085,50,33,0.0,0.0,0,0,0,0.0,0,0.0,50,1.0,1.0,0,false,false,never_worsened
base,combined,4929,파스쿠찌 청담사거리점 앞,37.52464676,127.04914856,50,73,-0.06,0.0,0,0,3,0.06,0,0.0,47,1.0,0.999178,0,false,true,intermittent_worsened
base,combined,4930,학여울역 1번 출구,37.49662018,127.07099915,50,53,0.38,0.0,0,1,0,0.0,14,0.28,36,0.869812,0.876981,5,false,false,never_worsened
base,combined,4931,디에이치퍼스티어아이파크 124동 앞,37.48131943,127.05435181,50,140,0.72,1.0,-2,4,17,0.34,26,0.52,7,0.778123,0.783218,6,false,true,intermittent_worsened
base,combined,4932,개포래미안포레스트 130동 맞은편,37.47748566,127.05743408,50,71,0.72,0.0,-4,5,19,0.38,24,0.48,7,0.727004,0.736615,0,false,true,intermittent_worsened
base,combined,4935,도곡삼성래미안,37.48920441,127.05106354,50,75,-5.62,-6.0,-8,-4,50,1.0,0,0.0,0,0.946232,0.871385,-3,true,false,persistent_worsened
base,combined,4936,SK텔레콤(T1) 인근,37.51263046,127.04283142,50,49,4.72,4.0,3,8,0,0.0,50,1.0,0,0.266992,0.361997,5,false,false,never_worsened
base,combined,4937,개포래미안포레스트126동 앞,37.47816467,127.05630493,50,85,1.52,1.0,0,3,1,0.02,42,0.84,7,0.571481,0.58942,2,false,true,intermittent_worsened
base,combined,4938,LH수서2단지 201동 앞,37.47955322,127.10666656,50,278,0.12,0.0,0,1,0,0.0,6,0.12,44,0.952634,0.953067,0,false,false,never_worsened
base,combined,4939,도산공원,37.5253067,127.03302765,50,29,3.5,4.0,3,4,0,0.0,50,1.0,0,0.875173,0.995862,4,false,false,never_worsened
base,combined,4940,한강버스 압구정 선착장,37.52643204,127.01720428,50,248,0.0,0.0,0,0,0,0.0,0,0.0,50,1.0,1.0,0,false,false,never_worsened
base,combined,4941,압구정로 11길,37.52594757,127.02082825,50,39,0.0,0.0,0,0,0,0.0,0,0.0,50,1.0,1.0,0,false,false,never_worsened
base,combined,4942,율현삼거리,37.46805573,127.12036133,50,24,0.0,0.0,0,0,0,0.0,0,0.0,50,1.0,1.0,0,false,false,never_worsened
high,observed,2301,현대고등학교 건너편,37.52407074,127.02178955,50,68,1.16,1.0,0,2,0,0.0,38,0.76,12,0.982941,1.0,0,false,false,never_worsened
high,observed,2302,교보타워 버스정류장(신논현역 3번출구 후면),37.5055809,127.02427673,50,130,-0.24,0.0,-1,0,10,0.2,0,0.0,40,1.0,0.998154,0,false,true,intermittent_worsened
high,observed,2303,논현역 10번출구,37.51137161,127.02146149,50,146,30.4,31.0,27,34,0,0.0,50,1.0,0,0.733836,0.942055,23,false,false,never_worsened
high,observed,2304,대현그린타워,37.5116272,127.03565216,50,67,40.56,40.5,38,43,0,0.0,50,1.0,0,0.243284,0.848657,44,false,false,never_worsened
high,observed,2305,MCM 본사 직영점 앞,37.52064133,127.03450775,50,39,-2.94,-3.0,-4,-2,50,1.0,0,0.0,0,1.0,0.924615,-4,true,false,persistent_worsened
high,observed,2306,압구정역 2번 출구 옆,37.5271225,127.02871704,50,231,31.3,32.0,26,36,0,0.0,50,1.0,0,0.831515,0.967013,23,false,false,never_worsened
high,observed,2307,압구정 한양 3차 아파트,37.52838135,127.03901672,50,125,18.46,19.0,15,22,0,0.0,50,1.0,0,0.82816,0.97584,18,false,false,never_worsened
high,observed,2308,압구정파출소 앞,37.52930069,127.03559875,50,120,-1.84,-2.0,-4,0,38,0.76,0,0.0,12,1.0,0.984667,-1,true,false,intermittent_worsened
high,observed,2309,청담역(우리들병원 앞),37.51890182,127.04938507,50,50,20.2,20.0,18,22,0,0.0,50,1.0,0,0.5472,0.9512,21,false,false,never_worsened
high,observed,2310,청담동 맥도날드 옆(위치),37.52361298,127.04017639,50,49,4.46,5.0,3,5,0,0.0,50,1.0,0,0.908979,1.0,5,false,false,never_worsened
high,observed,2311,학동로 래미안 아파트 앞,37.51777267,127.04302216,50,43,19.42,19.5,17,21,0,0.0,50,1.0,0,0.484651,0.936279,19,false,false,never_worsened
high,observed,2312,청담역 13번 출구 앞,37.52058029,127.05632782,50,67,15.2,15.0,13,17,0,0.0,50,1.0,0,0.754627,0.981493,15,false,false,never_worsened
high,observed,2313,금원빌딩 앞,37.52505493,127.05252838,50,62,-0.22,0.0,-1,0,11,0.22,0,0.0,39,1.0,0.996452,0,false,true,intermittent_worsened
high,observed,2315,봉은사역 5번출구 옆,37.51424789,127.06111908,50,109,0.0,0.0,0,0,0,0.0,0,0.0,50,1.0,1.0,0,false,false,never_worsened
high,observed,2317,삼성도로공원,37.51588821,127.06620026,50,93,0.0,0.0,0,0,0,0.0,0,0.0,50,1.0,1.0,0,false,false,never_worsened
high,observed,2318,삼성중앙역4번출구(문화센터더 리빌),37.51357651,127.05503082,50,15,0.76,1.0,0,1,0,0.0,38,0.76,12,0.936,0.986667,1,false,false,never_worsened
high,observed,2319,포스코사거리 서측(수협 삼성동 지점),37.50660706,127.05467987,50,108,7.48,8.0,6,9,0,0.0,50,1.0,0,0.925185,0.994444,7,false,false,never_worsened
high,observed,2320,도곡역 대치지구대 방향,37.49191284,127.05709076,50,87,0.0,0.0,0,0,0,0.0,0,0.0,50,1.0,1.0,0,false,false,never_worsened
high,observed,2321,학여울역 사거리,37.49611664,127.06944275,50,34,-0.26,0.0,-1,0,13,0.26,0,0.0,37,1.0,0.992353,0,false,true,intermittent_worsened
high,observed,2324,천주교 대치 2동 교회 옆,37.50043869,127.06622314,50,126,0.04,0.0,0,0,0,0.0,2,0.04,48,0.999683,1.0,0,false,false,never_worsened
high,observed,2325,대치삼성아파트 앞 교차로,37.4986496,127.05931854,50,97,9.44,9.0,8,12,0,0.0,50,1.0,0,0.891753,0.989072,6,false,false,never_worsened
high,observed,2326,대치동 삼성로,37.50239563,127.05879974,50,50,14.54,14.0,12,18,0,0.0,50,1.0,0,0.5496,0.8404,14,false,false,never_worsened
high,observed,2327,뱅뱅사거리 랜드마크타워 앞,37.49055099,127.03146362,50,140,-1.6,-1.0,-5,0,33,0.66,0,0.0,17,1.0,0.988571,0,false,true,intermittent_worsened
high,observed,2328,르네상스 호텔 사거리 역삼지하보도 7번출구 앞,37.50321198,127.04273224,50,109,16.98,16.5,14,21,0,0.0,50,1.0,0,0.707339,0.863119,19,false,false,never_worsened
high,observed,2329,르네상스호텔사거리 역삼지하보도 2번출구,37.50235748,127.04319,50,38,6.62,6.5,5,9,0,0.0,50,1.0,0,0.806842,0.981053,5,false,false,never_worsened
high,observed,2330,역삼월드메르디앙아파트 앞,37.49219894,127.03945923,50,69,5.18,5.0,3,7,0,0.0,50,1.0,0,0.913333,0.988406,0,false,false,never_worsened
high,observed,2331,동영문화센터앞,37.49805069,127.04460144,50,96,16.68,16.0,13,20,0,0.0,50,1.0,0,0.734583,0.908333,16,false,false,never_worsened
high,observed,2332,선릉역3번출구,37.50410461,127.04903412,50,227,35.2,35.0,32,39,0,0.0,50,1.0,0,0.817533,0.972599,40,false,false,never_worsened
high,observed,2333,양재역 3번출구 주변,37.48515701,127.03407288,50,172,43.08,43.5,35,50,0,0.0,50,1.0,0,0.483721,0.734186,45,false,false,never_worsened
high,observed,2335,3호선 매봉역 3번출구앞,37.48676682,127.04676056,50,302,0.0,0.0,0,0,0,0.0,0,0.0,50,1.0,1.0,0,false,false,never_worsened
high,observed,2336,강남세브란스교차로 래미안그레이튼 104동 앞,37.49423599,127.04746246,50,98,0.7,1.0,-2,3,13,0.26,26,0.52,11,0.959592,0.966735,2,false,true,intermittent_worsened
high,observed,2337,대모산입구역 2번출구 앞,37.49207687,127.07197571,50,62,0.0,0.0,0,0,0,0.0,0,0.0,50,1.0,1.0,0,false,false,never_worsened
high,observed,2339,현대아파트 정문 앞,37.48326111,127.0522995,50,76,3.74,4.0,2,6,0,0.0,50,1.0,0,0.922369,0.971579,1,false,false,never_worsened
high,observed,2340,삼호물산버스정류장(23370) 옆,37.47750854,127.04517365,50,313,0.0,0.0,0,0,0,0.0,0,0.0,50,1.0,1.0,0,false,false,never_worsened
high,observed,2341,일원역 4~5번 출구 사이,37.4833107,127.08493805,50,80,28.36,29.0,26,31,0,0.0,50,1.0,0,0.54725,0.90175,33,false,false,never_worsened
high,observed,2342,대청역 1번출구 뒤,37.49390793,127.07962036,50,171,8.84,9.0,6,11,0,0.0,50,1.0,0,0.921053,0.972748,9,false,false,never_worsened
high,observed,2344,리엔파크 2단지 앞,37.46506119,127.10119629,50,62,0.0,0.0,0,0,0,0.0,0,0.0,50,1.0,1.0,0,false,false,never_worsened
high,observed,2347,두산건설 본사,37.51863861,127.03540039,50,65,23.8,24.0,19,28,0,0.0,50,1.0,0,0.339385,0.705538,28,false,false,never_worsened
high,observed,2348,포스코사거리(기업은행),37.50723267,127.05685425,50,362,20.72,21.0,6,33,1,0.02,48,0.96,1,0.767348,0.824586,52,false,true,intermittent_worsened
high,observed,2349,역삼빌딩 앞(하나은행 옆),37.50154495,127.03856659,50,46,17.38,18.0,14,20,0,0.0,50,1.0,0,0.451304,0.82913,16,false,false,never_worsened
high,observed,2350,래미안그레이튼102동앞,37.49482346,127.04790497,50,38,0.0,0.0,0,0,0,0.0,0,0.0,50,1.0,1.0,0,false,false,never_worsened
high,observed,2351,청소년수련관(수영장)앞,37.48387909,127.0890274,50,46,7.84,8.0,6,9,0,0.0,50,1.0,0,0.802174,0.972609,7,false,false,never_worsened
high,observed,2352,서울본부세관(건설회관 앞),37.51758957,127.03502655,50,81,23.16,23.0,19,27,0,0.0,50,1.0,0,0.374568,0.660494,28,false,false,never_worsened
high,observed,2353,강남구청역 2번출구 뒤,37.51681137,127.04047394,50,140,47.28,46.0,39,59,0,0.0,50,1.0,0,0.344,0.681714,47,false,false,never_worsened
high,observed,2354,청담역 2번출구,37.51978683,127.0567627,50,33,11.66,12.0,8,15,0,0.0,50,1.0,0,0.379394,0.732728,19,false,false,never_worsened
high,observed,2356,강남구청,37.51807022,127.04711914,50,77,22.56,22.0,18,27,0,0.0,50,1.0,0,0.53065,0.823637,28,false,false,never_worsened
high,observed,2357,르네상스호텔사거리 역삼지하보도 3번출구 앞 (더 오번 빌딩 명동칼국수 앞),37.50166321,127.04297638,50,73,14.3,15.0,9,18,0,0.0,50,1.0,0,0.688219,0.88411,17,false,false,never_worsened
high,observed,2358,구룡초사거리 (현대아파트10동 앞 ),37.48138428,127.05391693,50,77,5.04,5.0,4,6,0,0.0,50,1.0,0,0.862857,0.928312,9,false,false,never_worsened
high,observed,2359,"국립국악중,고교 정문 맞은편",37.47560501,127.05037689,50,176,-0.2,0.0,-1,0,5,0.1,0,0.0,45,1.0,0.998864,0,false,true,intermittent_worsened
high,observed,2360,도곡1동 주민센터 교차로,37.4928093,127.04138947,50,125,3.1,3.0,-1,7,7,0.14,41,0.82,2,0.91888,0.94368,3,false,true,intermittent_worsened
high,observed,2362,신사동 가로수길 입구,37.51763535,127.02245331,50,78,-0.44,0.0,-2,0,17,0.34,0,0.0,33,1.0,0.994359,0,false,true,intermittent_worsened
high,observed,2363,강남 을지병원 교차로,37.51913834,127.02751923,50,44,-0.34,0.0,-1,0,13,0.26,0,0.0,37,1.0,0.992273,0,false,true,intermittent_worsened
high,observed,2364,도산공원교차로,37.52124023,127.0318985,50,59,-0.06,0.0,0,0,3,0.06,0,0.0,47,1.0,0.998983,0,false,true,intermittent_worsened
high,observed,2365,K+ 타워 앞,37.52330017,127.03847504,50,84,-0.98,-1.0,-2,0,30,0.6,0,0.0,20,1.0,0.988333,-1,true,false,intermittent_worsened
high,observed,2368,도곡동 경남아파트 건너편,37.48934174,127.04129791,50,67,11.48,11.0,8,16,0,0.0,50,1.0,0,0.574627,0.74597,23,false,false,never_worsened
high,observed,2369,KT선릉타워,37.50542831,127.0528717,50,155,13.56,14.0,8,17,0,0.0,50,1.0,0,0.889419,0.976903,16,false,false,never_worsened
high,observed,2370,한티역 3번출구,37.49655151,127.0542984,50,47,0.0,0.0,0,0,0,0.0,0,0.0,50,1.0,1.0,0,false,false,never_worsened
high,observed,2371,한국우편사업진흥원,37.51474762,127.03513336,50,59,27.64,27.0,24,31,0,0.0,50,1.0,0,0.304746,0.77322,36,false,false,never_worsened
high,observed,2372,대치역 사거리,37.49449921,127.063797,50,112,0.0,0.0,0,0,0,0.0,0,0.0,50,1.0,1.0,0,false,false,never_worsened
high,observed,2373,개포동역 사거리,37.48927689,127.06557465,50,57,3.82,4.0,2,6,0,0.0,50,1.0,0,0.910176,0.977193,5,false,false,never_worsened
high,observed,2375,수서역 1번출구 앞,37.48735046,127.10099792,50,169,0.0,0.0,0,0,0,0.0,0,0.0,50,1.0,1.0,0,false,false,never_worsened
high,observed,2376,수서역 6번출구 앞,37.48677826,127.10051727,50,179,0.0,0.0,0,0,0,0.0,0,0.0,50,1.0,1.0,0,false,false,never_worsened
high,observed,2377,수서역 5번출구,37.48735046,127.10232544,50,414,0.96,1.0,0,3,2,0.04,27,0.54,21,0.995459,0.997778,0,false,true,intermittent_worsened
high,observed,2380,삼성동베이직하우스앞,37.51169586,127.04934692,50,54,11.4,11.5,8,14,0,0.0,50,1.0,0,0.724074,0.935185,11,false,false,never_worsened
high,observed,2381,언주역 6번출구앞,37.50780869,127.03498077,50,59,10.84,11.0,9,12,0,0.0,50,1.0,0,0.804407,0.988136,11,false,false,never_worsened
high,observed,2382,역삼동 sk뷰 501동앞,37.50122833,127.05036163,50,31,3.32,3.0,2,5,0,0.0,50,1.0,0,0.841936,0.949032,2,false,false,never_worsened
high,observed,2383,보금자리정원,37.46632767,127.09488678,50,42,1.02,1.0,-1,3,5,0.1,26,0.52,19,0.940952,0.965238,2,false,true,intermittent_worsened
high,observed,2384,자곡사거리,37.47602844,127.10594177,50,232,0.8,0.0,0,2,0,0.0,24,0.48,26,0.984224,0.987672,2,false,false,never_worsened
high,observed,2385,학동역,37.51395035,127.03015137,50,95,2.1,1.5,-2,7,14,0.28,30,0.6,6,0.910105,0.932211,9,false,true,intermittent_worsened
high,observed,2386,크린랩 본사,37.50958633,127.04090881,50,42,9.38,9.0,7,12,0,0.0,50,1.0,0,0.570476,0.793809,14,false,false,never_worsened
high,observed,2387,래미안강남힐즈 사거리,37.47245407,127.09607697,50,145,-3.46,-3.5,-7,0,43,0.86,2,0.04,5,0.969379,0.945517,1,false,true,persistent_worsened
high,observed,2388,강남구 도시관리공단,37.51678467,127.05161285,50,85,12.1,13.0,6,16,0,0.0,50,1.0,0,0.406353,0.548706,29,false,false,never_worsened
high,observed,2389,경기여자고등학교 후문 (삼성로3길 입구),37.48616028,127.06723785,50,114,2.96,4.0,-1,5,6,0.12,40,0.8,4,0.953859,0.979824,3,false,true,intermittent_worsened
high,observed,2390,구룡마을 입구 (래미안블레스티지 아파트),37.48088074,127.06304169,50,140,-0.02,0.0,0,0,1,0.02,0,0.0,49,1.0,0.999857,0,false,true,intermittent_worsened
high,observed,2392,구룡산 입구 (구룡산 서울둘레길 입구),37.47447205,127.05545044,50,21,1.9,2.0,1,2,0,0.0,50,1.0,0,0.907619,0.998095,2,false,false,never_worsened
high,observed,2394,개포래미안포레스트아파트 107동 앞,37.48025131,127.05419159,50,114,11.46,11.0,7,16,0,0.0,50,1.0,0,0.759123,0.859649,20,false,false,never_worsened
high,observed,2396,영동3교 북단(우성캐릭터 앞 보도),37.48574066,127.05104828,50,55,-0.04,1.0,-4,2,13,0.26,28,0.56,9,0.822182,0.821455,4,false,true,intermittent_worsened
high,observed,2398,더라움,37.50811005,127.0394516,50,55,7.86,8.0,4,13,0,0.0,50,1.0,0,0.572364,0.715273,9,false,false,never_worsened
high,observed,2401,밀알학교 입구 (삼성서울병원 입구),37.48656082,127.08267212,50,44,8.32,8.0,5,12,0,0.0,50,1.0,0,0.477727,0.666818,17,false,false,never_worsened
high,observed,2403,공무원연금매점 교차로 (개포주공9단지 입구),37.48871994,127.07453918,50,125,7.94,7.0,4,12,0,0.0,50,1.0,0,0.85056,0.91408,11,false,false,never_worsened
high,observed,2404,대모산입구역 4번 출구 앞,37.49180984,127.07315826,50,195,0.0,0.0,0,0,0,0.0,0,0.0,50,1.0,1.0,0,false,false,never_worsened
high,observed,2405,청담공원앞 교차로,37.51871109,127.05084991,50,172,26.06,24.5,20,34,0,0.0,50,1.0,0,0.228372,0.379884,59,false,false,never_worsened
high,observed,2406,논현동 광명빌딩 앞,37.5175705,127.02364349,50,33,-0.24,0.0,-1,0,8,0.16,0,0.0,42,1.0,0.992727,0,false,true,intermittent_worsened
high,observed,2407,역삼서초삼성 세무서 앞 (역삼빌딩 앞,37.49847031,127.03011322,50,227,-1.9,-2.5,-7,4,34,0.68,14,0.28,2,0.947049,0.938678,9,false,true,intermittent_worsened
high,observed,2408,강남한양수자인아파트,37.4773407,127.11327362,50,157,0.0,0.0,0,0,0,0.0,0,0.0,50,1.0,1.0,0,false,false,never_worsened
high,observed,2409,역삼동 디오슈페리움 (우성아파트 사거리),37.49206161,127.03074646,50,139,-5.0,-5.0,-9,-1,46,0.92,0,0.0,4,1.0,0.964029,-7,true,false,persistent_worsened
high,observed,2410,포스코피앤에스타워 (역삼역 3번출구 부근),37.49959946,127.03375244,50,170,3.02,3.0,-2,9,9,0.18,35,0.7,6,0.584941,0.602706,17,false,true,intermittent_worsened
high,observed,2411,세곡동 성당,37.47296906,127.11222839,50,143,0.66,0.0,0,2,0,0.0,21,0.42,29,0.929511,0.934126,0,false,false,never_worsened
high,observed,2413,도곡역 1번 출구,37.49095917,127.05498505,50,146,0.0,0.0,0,0,0,0.0,0,0.0,50,1.0,1.0,0,false,false,never_worsened
high,observed,2414,도곡역 아카데미스위트 앞,37.48897171,127.05182648,50,220,0.0,0.0,0,0,0,0.0,0,0.0,50,1.0,1.0,0,false,false,never_worsened
high,observed,2415,한티역 롯데백화점 앞,37.49667358,127.05342865,50,135,1.26,1.0,0,2,0,0.0,43,0.86,7,0.982074,0.991408,1,false,false,never_worsened
high,observed,2416,한티역 6번 출구,37.4958992,127.05219269,50,74,-3.72,-4.0,-5,-2,49,0.98,0,0.0,1,0.996486,0.946216,-6,true,false,persistent_worsened
high,observed,2417,선정릉 디캠프(D.CAMP)앞,37.50799942,127.04524994,50,35,4.18,4.0,3,5,0,0.0,50,1.0,0,0.847429,0.966857,4,false,false,never_worsened
high,observed,2418,봉은사역 7번 출구,37.51393509,127.05982208,50,108,3.42,3.0,-1,7,5,0.1,39,0.78,6,0.855741,0.887407,12,false,true,intermittent_worsened
high,observed,2419,"봉은사역 1,2번 출구",37.51430893,127.05970001,50,77,0.0,0.0,0,0,0,0.0,0,0.0,50,1.0,1.0,0,false,false,never_worsened
high,observed,2420,학여울역 사거리(LG베스트샵 앞),37.49689484,127.07013702,50,111,-0.76,-1.0,-2,0,27,0.54,0,0.0,23,1.0,0.993153,-6,true,false,intermittent_worsened
high,observed,2422,수서동 성당 맞은편,37.48416901,127.09484863,50,64,-3.46,-3.0,-5,-2,50,1.0,0,0.0,0,1.0,0.945937,-4,true,false,persistent_worsened
high,observed,2423,영희초교 사거리(래미안개포루체하임),37.4908371,127.08065033,50,144,-1.72,-1.0,-5,0,27,0.54,0,0.0,23,1.0,0.988056,-1,true,false,intermittent_worsened
high,observed,2425,세곡동 사거리(대왕초등학교 정류장),37.46461868,127.10684967,50,44,0.0,0.0,0,0,0,0.0,0,0.0,50,1.0,1.0,0,false,false,never_worsened
high,observed,2426,강남한신휴플러스 6단지,37.46829605,127.10469818,50,82,0.5,0.0,0,2,1,0.02,12,0.24,37,0.845366,0.851463,3,false,true,intermittent_worsened
high,observed,2427,개포고등학교 정문앞,37.48485184,127.0583725,50,110,-2.36,-2.0,-6,0,40,0.8,1,0.02,9,0.989273,0.967818,-1,true,false,persistent_worsened
high,observed,2430,강남파이낸스센터앞(역삼역2번출구),37.50024414,127.03605652,50,86,6.94,7.0,3,10,0,0.0,50,1.0,0,0.625349,0.706047,15,false,false,never_worsened
high,observed,2431,대치역 7번출구,37.49411774,127.06290436,50,165,0.0,0.0,0,0,0,0.0,0,0.0,50,1.0,1.0,0,false,false,never_worsened
high,observed,3602,한국지역난방공사강남지사,37.49229431,127.09433746,50,83,0.46,1.0,-2,2,7,0.14,33,0.66,10,0.985783,0.991325,1,false,true,intermittent_worsened
high,observed,3604,삼성중앙역 5번출구,37.51296234,127.05386353,50,93,9.28,9.0,6,12,0,0.0,50,1.0,0,0.712903,0.812688,11,false,false,never_worsened
high,observed,3606,신사동주민센터 옆,37.52422714,127.02285004,50,53,0.0,0.0,0,0,0,0.0,0,0.0,50,1.0,1.0,0,false,false,never_worsened
high,observed,3609,언주초등학교 입구,37.48536682,127.03849792,50,87,-2.82,-3.0,-4,-1,47,0.94,0,0.0,3,1.0,0.967586,-2,true,false,persistent_worsened
high,observed,3610,윗반마을 입구,37.46534729,127.1088028,50,19,1.32,1.0,0,2,0,0.0,44,0.88,6,0.927368,0.996842,1,false,false,never_worsened
high,observed,3611,방죽마을 입구,37.47123337,127.10721588,50,63,0.0,0.0,0,0,0,0.0,0,0.0,50,1.0,1.0,0,false,false,never_worsened
high,observed,3614,은마아파트 입구 사거리,37.49840164,127.06093597,50,182,-2.8,-3.0,-6,1,39,0.78,8,0.16,3,0.968022,0.952637,6,false,true,intermittent_worsened
high,observed,3615,서울 논현동우체국 앞,37.51446152,127.0326004,50,58,20.88,21.0,18,24,0,0.0,50,1.0,0,0.53069,0.89069,24,false,false,never_worsened
high,observed,3616,역삼중학교 앞(체육관 방향),37.49526215,127.04950714,50,41,0.0,0.0,0,0,0,0.0,0,0.0,50,1.0,1.0,0,false,false,never_worsened
high,observed,3618,서울율현초교 삼거리,37.47364044,127.10702515,50,102,0.0,0.0,0,0,0,0.0,0,0.0,50,1.0,1.0,0,false,false,never_worsened
high,observed,3620,청담역 11번 출구,37.51925659,127.0515976,50,22,3.98,4.0,3,5,0,0.0,50,1.0,0,0.535455,0.716364,5,false,false,never_worsened
high,observed,3622,은마아파트입구 사거리(1),37.49986649,127.0605011,50,47,1.94,2.0,0,3,2,0.04,45,0.9,3,0.922553,0.96383,1,false,true,intermittent_worsened
high,observed,3623,일원에코파크 앞(개포로 방면),37.49587631,127.08650208,50,66,0.0,0.0,0,0,0,0.0,0,0.0,50,1.0,1.0,0,false,false,never_worsened
high,observed,3624,대모산입구역 7번 출구 앞,37.49017715,127.07305908,50,30,0.68,1.0,0,1,0,0.0,27,0.54,23,0.886667,0.909333,3,false,false,never_worsened
high,observed,3627,압구정나들목,37.53075027,127.04160309,50,81,4.82,4.5,3,7,0,0.0,50,1.0,0,0.917531,0.977037,3,false,false,never_worsened
high,observed,3629,청담사거리(신한오피스텔빌딩 앞),37.52416229,127.0489502,50,15,0.0,0.0,0,0,0,0.0,0,0.0,50,1.0,1.0,0,false,false,never_worsened
high,observed,3630,개포우성6차아파트 정문 앞,37.47685623,127.05536652,50,50,3.56,3.0,1,8,0,0.0,47,0.94,3,0.5828,0.654,12,false,false,never_worsened
high,observed,3634,국악고교 앞 교차로,37.47402191,127.04844666,50,79,1.78,1.0,0,5,0,0.0,29,0.58,21,0.917468,0.94,4,false,false,never_worsened
high,observed,3636,삼성중앙역·플래티넘아파트 정류소,37.51264191,127.05156708,50,89,17.18,17.0,12,22,0,0.0,50,1.0,0,0.440224,0.633258,30,false,false,never_worsened
high,observed,3637,세곡데이케어센터,37.46072388,127.10287476,50,31,0.0,0.0,0,0,0,0.0,0,0.0,50,1.0,1.0,0,false,false,never_worsened
high,observed,3638,신청담나들목,37.52796173,127.05162811,50,34,0.0,0.0,0,0,0,0.0,0,0.0,50,1.0,1.0,0,false,false,never_worsened
high,observed,3640,일원1동주민센터앞 사거리,37.49087906,127.08795929,50,194,-10.46,-10.5,-14,-7,50,1.0,0,0.0,0,0.977526,0.923608,-1,true,false,persistent_worsened
high,observed,3641,대청역,37.49370575,127.0799942,50,170,1.74,2.0,-1,4,8,0.16,39,0.78,3,0.968824,0.979059,3,false,true,intermittent_worsened
high,observed,3642,LH강남힐스테이트아파트,37.47081375,127.08969879,50,92,4.82,5.0,2,8,0,0.0,50,1.0,0,0.368696,0.421087,16,false,false,never_worsened
high,observed,3643,더시그넘하우스 앞,37.47267914,127.10375977,50,92,0.14,0.0,0,1,2,0.04,7,0.14,41,0.915,0.916522,0,false,true,intermittent_worsened
high,observed,3644,상록수아파트,37.48276138,127.08042145,50,68,9.86,9.0,6,15,0,0.0,50,1.0,0,0.292647,0.437647,29,false,false,never_worsened
high,observed,3646,선정릉역 4번 출구,37.5097847,127.04277039,50,75,17.4,18.0,12,22,0,0.0,50,1.0,0,0.516,0.748,23,false,false,never_worsened
high,observed,3647,구룡역 1번 출구,37.48642349,127.05931854,50,100,4.06,5.0,-1,9,5,0.1,39,0.78,6,0.858,0.8986,10,false,true,intermittent_worsened
high,observed,3648,구룡역 4번 출구,37.48670578,127.0605011,50,24,0.0,0.0,0,0,0,0.0,0,0.0,50,1.0,1.0,0,false,false,never_worsened
high,observed,3649,구룡역 5번 출구,37.48607635,127.05921936,50,83,0.88,1.0,-3,5,15,0.3,27,0.54,8,0.88,0.890602,2,false,true,intermittent_worsened
high,observed,3651,개포동역 4번출구,37.48929596,127.06616974,50,149,0.0,0.0,0,0,0,0.0,0,0.0,50,1.0,1.0,0,false,false,never_worsened
high,observed,4902,구역삼세무서 교차로,37.49524307,127.03937531,50,103,-2.58,-3.0,-6,1,39,0.78,6,0.12,5,0.923689,0.898641,0,false,true,intermittent_worsened
high,observed,4903,신사스퀘어,37.51916885,127.0189743,50,39,0.0,0.0,0,0,0,0.0,0,0.0,50,1.0,1.0,0,false,false,never_worsened
high,observed,4905,강남경찰서,37.50971985,127.06679535,50,219,4.46,4.5,1,7,0,0.0,49,0.98,1,0.908219,0.928584,7,false,false,never_worsened
high,observed,4906,섬유센터 앞,37.50767136,127.06017303,50,218,22.16,22.0,19,25,0,0.0,50,1.0,0,0.882385,0.984037,20,false,false,never_worsened
high,observed,4907,극동스포츠 앞,37.5257225,127.02588654,50,82,3.68,2.0,0,8,0,0.0,41,0.82,9,0.827805,0.872683,6,false,false,never_worsened
high,observed,4908,SB타워 앞,37.52210999,127.03646088,50,39,0.0,0.0,0,0,0,0.0,0,0.0,50,1.0,1.0,0,false,false,never_worsened
high,observed,4909,노보텔 앰배서더 앞,37.50570297,127.02919769,50,49,1.54,1.0,0,6,2,0.04,30,0.6,18,0.392245,0.423673,10,false,true,intermittent_worsened
high,observed,4913,레베쌍트 빌딩 앞,37.51292038,127.056427,50,46,0.2,0.0,0,1,0,0.0,10,0.2,40,0.992174,0.996522,0,false,false,never_worsened
high,observed,4914,도심공항타워 앞,37.50999069,127.05847168,50,140,21.36,22.0,17,24,0,0.0,50,1.0,0,0.827143,0.979714,24,false,false,never_worsened
high,observed,4915,영동중앙교회 버스정류장,37.49775314,127.03857422,50,28,2.44,2.0,1,4,0,0.0,48,0.96,2,0.720714,0.807857,5,false,false,never_worsened
high,observed,4916,청담역 1번출구,37.51973724,127.05767822,50,7,0.48,0.0,0,1,0,0.0,20,0.4,30,0.631429,0.7,1,false,false,never_worsened
high,observed,4917,일원에코파크 주차장,37.49404526,127.08678436,50,166,0.0,0.0,0,0,0,0.0,0,0.0,50,1.0,1.0,0,false,false,never_worsened
high,observed,4918,매봉역 1번출구,37.48661041,127.04550934,50,83,0.0,0.0,0,0,0,0.0,0,0.0,50,1.0,1.0,0,false,false,never_worsened
high,observed,4919,학여울역사거리(은마아파트),37.49665833,127.06938171,50,29,0.3,0.0,0,1,0,0.0,15,0.3,35,0.989655,1.0,0,false,false,never_worsened
high,observed,4923,수협대치동지점,37.49861526,127.0683136,50,118,-0.14,0.0,0,0,4,0.08,0,0.0,46,1.0,0.998814,0,false,true,intermittent_worsened
high,observed,4924,논현동가구거리,37.51280975,127.02636719,50,42,1.06,1.0,1,1,0,0.0,49,0.98,1,0.96619,0.991428,1,false,false,never_worsened
high,observed,4925,청담백영빌딩 앞,37.52390289,127.04660797,50,42,0.0,0.0,0,0,0,0.0,0,0.0,50,1.0,1.0,0,false,false,never_worsened
high,observed,4926,대치우성아파트 사거리,37.50099564,127.06803894,50,212,0.92,1.0,-1,3,11,0.22,28,0.56,11,0.981132,0.985472,4,false,true,intermittent_worsened
high,observed,4928,교수마을 입구,37.4818573,127.10456085,50,33,0.0,0.0,0,0,0,0.0,0,0.0,50,1.0,1.0,0,false,false,never_worsened
high,observed,4929,파스쿠찌 청담사거리점 앞,37.52464676,127.04914856,50,73,-0.02,0.0,0,0,1,0.02,0,0.0,49,1.0,0.999726,0,false,true,intermittent_worsened
high,observed,4930,학여울역 1번 출구,37.49662018,127.07099915,50,53,0.34,0.0,0,1,0,0.0,13,0.26,37,0.870566,0.876981,5,false,false,never_worsened
high,observed,4931,디에이치퍼스티어아이파크 124동 앞,37.48131943,127.05435181,50,129,0.86,1.0,-3,5,17,0.34,26,0.52,7,0.828527,0.835194,6,false,true,intermittent_worsened
high,observed,4932,개포래미안포레스트 130동 맞은편,37.47748566,127.05743408,50,52,-3.28,-4.0,-5,0,39,0.78,5,0.1,6,0.981154,0.918077,0,false,true,intermittent_worsened
high,observed,4935,도곡삼성래미안,37.48920441,127.05106354,50,71,-5.76,-6.0,-7,-4,50,1.0,0,0.0,0,0.988732,0.907605,-3,true,false,persistent_worsened
high,observed,4936,SK텔레콤(T1) 인근,37.51263046,127.04283142,50,18,2.28,2.0,1,3,0,0.0,50,1.0,0,0.692222,0.818889,5,false,false,never_worsened
high,observed,4937,개포래미안포레스트126동 앞,37.47816467,127.05630493,50,55,1.24,1.0,0,2,3,0.06,37,0.74,10,0.848727,0.871273,2,false,true,intermittent_worsened
high,observed,4938,LH수서2단지 201동 앞,37.47955322,127.10666656,50,263,0.0,0.0,0,0,0,0.0,0,0.0,50,0.981065,0.981065,0,false,false,never_worsened
high,observed,4939,도산공원,37.5253067,127.03302765,50,29,3.22,3.0,2,4,0,0.0,50,1.0,0,0.882759,0.993793,4,false,false,never_worsened
high,observed,4940,한강버스 압구정 선착장,37.52643204,127.01720428,50,248,0.0,0.0,0,0,0,0.0,0,0.0,50,1.0,1.0,0,false,false,never_worsened
high,observed,4941,압구정로 11길,37.52594757,127.02082825,50,39,0.0,0.0,0,0,0,0.0,0,0.0,50,1.0,1.0,0,false,false,never_worsened
high,observed,4942,율현삼거리,37.46805573,127.12036133,50,24,0.0,0.0,0,0,0,0.0,0,0.0,50,1.0,1.0,0,false,false,never_worsened
high,synthetic_latent,2301,현대고등학교 건너편,37.52407074,127.02178955,50,0,0.0,0.0,0,0,0,0.0,0,0.0,50,0.0,0.0,0,false,false,never_worsened
high,synthetic_latent,2302,교보타워 버스정류장(신논현역 3번출구 후면),37.5055809,127.02427673,50,0,0.0,0.0,0,0,0,0.0,0,0.0,50,0.0,0.0,0,false,false,never_worsened
high,synthetic_latent,2303,논현역 10번출구,37.51137161,127.02146149,50,61,39.16,39.0,34,44,0,0.0,50,1.0,0,0.151244,0.785545,23,false,false,never_worsened
high,synthetic_latent,2304,대현그린타워,37.5116272,127.03565216,50,30,24.36,24.0,18,29,0,0.0,50,1.0,0,0.001286,0.804138,44,false,false,never_worsened
high,synthetic_latent,2305,MCM 본사 직영점 앞,37.52064133,127.03450775,50,0,0.0,0.0,0,0,0,0.0,0,0.0,50,0.0,0.0,-4,true,false,never_worsened
high,synthetic_latent,2306,압구정역 2번 출구 옆,37.5271225,127.02871704,50,57,26.7,25.5,22,33,0,0.0,50,1.0,0,0.269153,0.733061,23,false,false,never_worsened
high,synthetic_latent,2307,압구정 한양 3차 아파트,37.52838135,127.03901672,50,4,3.18,3.0,1,5,0,0.0,48,0.96,2,0.260968,0.931381,18,false,false,never_worsened
high,synthetic_latent,2308,압구정파출소 앞,37.52930069,127.03559875,50,0,0.0,0.0,0,0,0,0.0,0,0.0,50,0.0,0.0,-1,true,false,never_worsened
high,synthetic_latent,2309,청담역(우리들병원 앞),37.51890182,127.04938507,50,17,11.08,11.0,8,15,0,0.0,50,1.0,0,0.004965,0.631867,21,false,false,never_worsened
high,synthetic_latent,2310,청담동 맥도날드 옆(위치),37.52361298,127.04017639,50,0,0.0,0.0,0,0,0,0.0,0,0.0,50,0.0,0.0,5,false,false,never_worsened
high,synthetic_latent,2311,학동로 래미안 아파트 앞,37.51777267,127.04302216,50,29,24.06,24.0,18,29,0,0.0,50,1.0,0,0.051047,0.858816,19,false,false,never_worsened
high,synthetic_latent,2312,청담역 13번 출구 앞,37.52058029,127.05632782,50,0,0.0,0.0,0,0,0,0.0,0,0.0,50,0.64,0.64,15,false,false,never_worsened
high,synthetic_latent,2313,금원빌딩 앞,37.52505493,127.05252838,50,0,0.0,0.0,0,0,0,0.0,0,0.0,50,0.0,0.0,0,false,false,never_worsened
high,synthetic_latent,2315,봉은사역 5번출구 옆,37.51424789,127.06111908,50,0,0.0,0.0,0,0,0,0.0,0,0.0,50,0.0,0.0,0,false,false,never_worsened
high,synthetic_latent,2317,삼성도로공원,37.51588821,127.06620026,50,0,0.0,0.0,0,0,0,0.0,0,0.0,50,0.0,0.0,0,false,false,never_worsened
high,synthetic_latent,2318,삼성중앙역4번출구(문화센터더 리빌),37.51357651,127.05503082,50,0,0.0,0.0,0,0,0,0.0,0,0.0,50,0.0,0.0,1,false,false,never_worsened
high,synthetic_latent,2319,포스코사거리 서측(수협 삼성동 지점),37.50660706,127.05467987,50,0,0.0,0.0,0,0,0,0.0,0,0.0,50,0.0,0.0,7,false,false,never_worsened
high,synthetic_latent,2320,도곡역 대치지구대 방향,37.49191284,127.05709076,50,0,0.0,0.0,0,0,0,0.0,0,0.0,50,0.0,0.0,0,false,false,never_worsened
high,synthetic_latent,2321,학여울역 사거리,37.49611664,127.06944275,50,0,0.0,0.0,0,0,0,0.0,0,0.0,50,0.0,0.0,0,false,false,never_worsened
high,synthetic_latent,2324,천주교 대치 2동 교회 옆,37.50043869,127.06622314,50,0,0.0,0.0,0,0,0,0.0,0,0.0,50,0.0,0.0,0,false,false,never_worsened
high,synthetic_latent,2325,대치삼성아파트 앞 교차로,37.4986496,127.05931854,50,22,12.62,13.0,9,17,0,0.0,50,1.0,0,0.297536,0.858467,6,false,false,never_worsened
high,synthetic_latent,2326,대치동 삼성로,37.50239563,127.05879974,50,65,52.06,51.5,45,60,0,0.0,50,1.0,0,0.039775,0.835049,14,false,false,never_worsened
high,synthetic_latent,2327,뱅뱅사거리 랜드마크타워 앞,37.49055099,127.03146362,50,0,0.0,0.0,0,0,0,0.0,0,0.0,50,0.0,0.0,0,false,false,never_worsened
high,synthetic_latent,2328,르네상스 호텔 사거리 역삼지하보도 7번출구 앞,37.50321198,127.04273224,50,37,21.82,21.0,17,27,0,0.0,50,1.0,0,0.090423,0.67397,19,false,false,never_worsened
high,synthetic_latent,2329,르네상스호텔사거리 역삼지하보도 2번출구,37.50235748,127.04319,50,30,24.34,24.5,18,29,0,0.0,50,1.0,0,0.076779,0.874108,5,false,false,never_worsened
high,synthetic_latent,2330,역삼월드메르디앙아파트 앞,37.49219894,127.03945923,50,32,18.5,19.0,13,23,0,0.0,50,1.0,0,0.166378,0.749692,0,false,false,never_worsened
high,synthetic_latent,2331,동영문화센터앞,37.49805069,127.04460144,50,19,11.46,11.0,8,16,0,0.0,50,1.0,0,0.196237,0.794314,16,false,false,never_worsened
high,synthetic_latent,2332,선릉역3번출구,37.50410461,127.04903412,50,12,6.14,6.0,3,9,0,0.0,50,1.0,0,0.086653,0.615118,40,false,false,never_worsened
high,synthetic_latent,2333,양재역 3번출구 주변,37.48515701,127.03407288,50,113,42.96,43.0,33,53,0,0.0,50,1.0,0,0.094418,0.474385,45,false,false,never_worsened
high,synthetic_latent,2335,3호선 매봉역 3번출구앞,37.48676682,127.04676056,50,0,0.0,0.0,0,0,0,0.0,0,0.0,50,0.0,0.0,0,false,false,never_worsened
high,synthetic_latent,2336,강남세브란스교차로 래미안그레이튼 104동 앞,37.49423599,127.04746246,50,2,1.32,1.0,0,3,0,0.0,38,0.76,12,0.034,0.647905,2,false,false,never_worsened
high,synthetic_latent,2337,대모산입구역 2번출구 앞,37.49207687,127.07197571,50,0,0.0,0.0,0,0,0,0.0,0,0.0,50,0.0,0.0,0,false,false,never_worsened
high,synthetic_latent,2339,현대아파트 정문 앞,37.48326111,127.0522995,50,23,12.92,12.5,10,17,0,0.0,50,1.0,0,0.210388,0.760105,1,false,false,never_worsened
high,synthetic_latent,2340,삼호물산버스정류장(23370) 옆,37.47750854,127.04517365,50,0,0.0,0.0,0,0,0,0.0,0,0.0,50,0.0,0.0,0,false,false,never_worsened
high,synthetic_latent,2341,일원역 4~5번 출구 사이,37.4833107,127.08493805,50,6,4.74,4.0,3,8,0,0.0,50,1.0,0,0.126161,0.844719,33,false,false,never_worsened
high,synthetic_latent,2342,대청역 1번출구 뒤,37.49390793,127.07962036,50,17,7.32,7.0,4,11,0,0.0,50,1.0,0,0.276329,0.704104,9,false,false,never_worsened
high,synthetic_latent,2344,리엔파크 2단지 앞,37.46506119,127.10119629,50,0,0.0,0.0,0,0,0,0.0,0,0.0,50,0.0,0.0,0,false,false,never_worsened
high,synthetic_latent,2347,두산건설 본사,37.51863861,127.03540039,50,0,0.0,0.0,0,0,0,0.0,0,0.0,50,0.0,0.0,28,false,false,never_worsened
high,synthetic_latent,2348,포스코사거리(기업은행),37.50723267,127.05685425,50,0,0.0,0.0,0,0,0,0.0,0,0.0,50,0.0,0.0,52,false,false,never_worsened
high,synthetic_latent,2349,역삼빌딩 앞(하나은행 옆),37.50154495,127.03856659,50,74,42.22,42.0,33,52,0,0.0,50,1.0,0,0.065621,0.631979,16,false,false,never_worsened
high,synthetic_latent,2350,래미안그레이튼102동앞,37.49482346,127.04790497,50,0,0.0,0.0,0,0,0,0.0,0,0.0,50,0.0,0.0,0,false,false,never_worsened
high,synthetic_latent,2351,청소년수련관(수영장)앞,37.48387909,127.0890274,50,0,0.0,0.0,0,0,0,0.0,0,0.0,50,0.0,0.0,7,false,false,never_worsened
high,synthetic_latent,2352,서울본부세관(건설회관 앞),37.51758957,127.03502655,50,0,0.0,0.0,0,0,0,0.0,0,0.0,50,0.0,0.0,28,false,false,never_worsened
high,synthetic_latent,2353,강남구청역 2번출구 뒤,37.51681137,127.04047394,50,43,22.5,22.0,17,28,0,0.0,50,1.0,0,0.111608,0.630102,47,false,false,never_worsened
high,synthetic_latent,2354,청담역 2번출구,37.51978683,127.0567627,50,0,0.0,0.0,0,0,0,0.0,0,0.0,50,0.0,0.0,19,false,false,never_worsened
high,synthetic_latent,2356,강남구청,37.51807022,127.04711914,50,4,3.34,3.0,1,5,0,0.0,50,1.0,0,0.16177,0.937556,28,false,false,never_worsened
high,synthetic_latent,2357,르네상스호텔사거리 역삼지하보도 3번출구 앞 (더 오번 빌딩 명동칼국수 앞),37.50166321,127.04297638,50,55,19.94,20.0,16,23,0,0.0,50,1.0,0,0.085948,0.447296,17,false,false,never_worsened
high,synthetic_latent,2358,구룡초사거리 (현대아파트10동 앞 ),37.48138428,127.05391693,50,17,5.56,5.0,3,9,0,0.0,50,1.0,0,0.149927,0.4608,9,false,false,never_worsened
high,synthetic_latent,2359,"국립국악중,고교 정문 맞은편",37.47560501,127.05037689,50,0,0.0,0.0,0,0,0,0.0,0,0.0,50,0.0,0.0,0,false,false,never_worsened
high,synthetic_latent,2360,도곡1동 주민센터 교차로,37.4928093,127.04138947,50,13,3.14,3.0,0,6,0,0.0,45,0.9,5,0.220332,0.449759,3,false,false,never_worsened
high,synthetic_latent,2362,신사동 가로수길 입구,37.51763535,127.02245331,50,0,0.0,0.0,0,0,0,0.0,0,0.0,50,0.0,0.0,0,false,false,never_worsened
high,synthetic_latent,2363,강남 을지병원 교차로,37.51913834,127.02751923,50,0,0.0,0.0,0,0,0,0.0,0,0.0,50,0.0,0.0,0,false,false,never_worsened
high,synthetic_latent,2364,도산공원교차로,37.52124023,127.0318985,50,0,0.0,0.0,0,0,0,0.0,0,0.0,50,0.0,0.0,0,false,false,never_worsened
high,synthetic_latent,2365,K+ 타워 앞,37.52330017,127.03847504,50,0,0.0,0.0,0,0,0,0.0,0,0.0,50,0.0,0.0,-1,true,false,never_worsened
high,synthetic_latent,2368,도곡동 경남아파트 건너편,37.48934174,127.04129791,50,20,8.62,8.0,6,12,0,0.0,50,1.0,0,0.160259,0.602572,23,false,false,never_worsened
high,synthetic_latent,2369,KT선릉타워,37.50542831,127.0528717,50,0,0.0,0.0,0,0,0,0.0,0,0.0,50,0.0,0.0,16,false,false,never_worsened
high,synthetic_latent,2370,한티역 3번출구,37.49655151,127.0542984,50,0,0.0,0.0,0,0,0,0.0,0,0.0,50,0.0,0.0,0,false,false,never_worsened
high,synthetic_latent,2371,한국우편사업진흥원,37.51474762,127.03513336,50,31,11.54,11.5,8,16,0,0.0,50,1.0,0,0.042871,0.415473,36,false,false,never_worsened
high,synthetic_latent,2372,대치역 사거리,37.49449921,127.063797,50,0,0.0,0.0,0,0,0,0.0,0,0.0,50,0.0,0.0,0,false,false,never_worsened
high,synthetic_latent,2373,개포동역 사거리,37.48927689,127.06557465,50,0,0.0,0.0,0,0,0,0.0,0,0.0,50,0.0,0.0,5,false,false,never_worsened
high,synthetic_latent,2375,수서역 1번출구 앞,37.48735046,127.10099792,50,0,0.0,0.0,0,0,0,0.0,0,0.0,50,0.0,0.0,0,false,false,never_worsened
high,synthetic_latent,2376,수서역 6번출구 앞,37.48677826,127.10051727,50,1,0.0,0.0,0,0,0,0.0,0,0.0,50,0.6,0.6,0,false,false,never_worsened
high,synthetic_latent,2377,수서역 5번출구,37.48735046,127.10232544,50,44,1.66,2.0,0,4,2,0.04,31,0.62,17,0.915917,0.950565,0,false,true,intermittent_worsened
high,synthetic_latent,2380,삼성동베이직하우스앞,37.51169586,127.04934692,50,39,16.68,16.5,11,22,0,0.0,50,1.0,0,0.109798,0.533862,11,false,false,never_worsened
high,synthetic_latent,2381,언주역 6번출구앞,37.50780869,127.03498077,50,17,11.42,11.0,8,14,0,0.0,50,1.0,0,0.093971,0.749736,11,false,false,never_worsened
high,synthetic_latent,2382,역삼동 sk뷰 501동앞,37.50122833,127.05036163,50,26,12.58,13.0,8,17,0,0.0,50,1.0,0,0.082744,0.56598,2,false,false,never_worsened
high,synthetic_latent,2383,보금자리정원,37.46632767,127.09488678,50,0,0.0,0.0,0,0,0,0.0,0,0.0,50,0.0,0.0,2,false,false,never_worsened
high,synthetic_latent,2384,자곡사거리,37.47602844,127.10594177,50,0,0.0,0.0,0,0,0,0.0,0,0.0,50,0.0,0.0,2,false,false,never_worsened
high,synthetic_latent,2385,학동역,37.51395035,127.03015137,50,0,0.0,0.0,0,0,0,0.0,0,0.0,50,0.0,0.0,9,false,false,never_worsened
high,synthetic_latent,2386,크린랩 본사,37.50958633,127.04090881,50,11,6.42,6.0,3,9,0,0.0,50,1.0,0,0.086241,0.666134,14,false,false,never_worsened
high,synthetic_latent,2387,래미안강남힐즈 사거리,37.47245407,127.09607697,50,0,0.0,0.0,0,0,0,0.0,0,0.0,50,0.0,0.0,1,false,false,never_worsened
high,synthetic_latent,2388,강남구 도시관리공단,37.51678467,127.05161285,50,1,1.14,1.0,0,2,0,0.0,34,0.68,16,0.068333,0.64,29,false,false,never_worsened
high,synthetic_latent,2389,경기여자고등학교 후문 (삼성로3길 입구),37.48616028,127.06723785,50,0,0.0,0.0,0,0,0,0.0,0,0.0,50,0.0,0.0,3,false,false,never_worsened
high,synthetic_latent,2390,구룡마을 입구 (래미안블레스티지 아파트),37.48088074,127.06304169,50,0,0.0,0.0,0,0,0,0.0,0,0.0,50,0.0,0.0,0,false,false,never_worsened
high,synthetic_latent,2392,구룡산 입구 (구룡산 서울둘레길 입구),37.47447205,127.05545044,50,1,0.96,1.0,0,3,0,0.0,26,0.52,24,0.033333,0.54,2,false,false,never_worsened
high,synthetic_latent,2394,개포래미안포레스트아파트 107동 앞,37.48025131,127.05419159,50,1,0.04,0.0,0,0,0,0.0,1,0.02,49,0.303333,0.316667,20,false,false,never_worsened
high,synthetic_latent,2396,영동3교 북단(우성캐릭터 앞 보도),37.48574066,127.05104828,50,0,0.0,0.0,0,0,0,0.0,0,0.0,50,0.0,0.0,4,false,false,never_worsened
high,synthetic_latent,2398,더라움,37.50811005,127.0394516,50,18,10.76,11.0,7,13,0,0.0,50,1.0,0,0.039314,0.660821,9,false,false,never_worsened
high,synthetic_latent,2401,밀알학교 입구 (삼성서울병원 입구),37.48656082,127.08267212,50,8,3.72,3.5,2,7,1,0.02,48,0.96,1,0.158471,0.613916,17,false,true,intermittent_worsened
high,synthetic_latent,2403,공무원연금매점 교차로 (개포주공9단지 입구),37.48871994,127.07453918,50,10,4.22,4.0,2,6,0,0.0,47,0.94,3,0.260135,0.673246,11,false,false,never_worsened
high,synthetic_latent,2404,대모산입구역 4번 출구 앞,37.49180984,127.07315826,50,0,0.0,0.0,0,0,0,0.0,0,0.0,50,0.0,0.0,0,false,false,never_worsened
high,synthetic_latent,2405,청담공원앞 교차로,37.51871109,127.05084991,50,11,1.36,1.0,0,3,0,0.0,35,0.7,15,0.075945,0.197425,59,false,false,never_worsened
high,synthetic_latent,2406,논현동 광명빌딩 앞,37.5175705,127.02364349,50,0,0.0,0.0,0,0,0,0.0,0,0.0,50,0.0,0.0,0,false,false,never_worsened
high,synthetic_latent,2407,역삼서초삼성 세무서 앞 (역삼빌딩 앞,37.49847031,127.03011322,50,0,0.0,0.0,0,0,0,0.0,0,0.0,50,0.0,0.0,9,false,false,never_worsened
high,synthetic_latent,2408,강남한양수자인아파트,37.4773407,127.11327362,50,0,0.0,0.0,0,0,0,0.0,0,0.0,50,0.0,0.0,0,false,false,never_worsened
high,synthetic_latent,2409,역삼동 디오슈페리움 (우성아파트 사거리),37.49206161,127.03074646,50,0,0.0,0.0,0,0,0,0.0,0,0.0,50,0.0,0.0,-7,true,false,never_worsened
high,synthetic_latent,2410,포스코피앤에스타워 (역삼역 3번출구 부근),37.49959946,127.03375244,50,14,4.56,4.5,2,7,0,0.0,50,1.0,0,0.0919,0.403149,17,false,false,never_worsened
high,synthetic_latent,2411,세곡동 성당,37.47296906,127.11222839,50,5,0.04,0.0,0,0,0,0.0,2,0.04,48,0.704348,0.710538,0,false,false,never_worsened
high,synthetic_latent,2413,도곡역 1번 출구,37.49095917,127.05498505,50,0,0.0,0.0,0,0,0,0.0,0,0.0,50,0.0,0.0,0,false,false,never_worsened
high,synthetic_latent,2414,도곡역 아카데미스위트 앞,37.48897171,127.05182648,50,0,0.0,0.0,0,0,0,0.0,0,0.0,50,0.0,0.0,0,false,false,never_worsened
high,synthetic_latent,2415,한티역 롯데백화점 앞,37.49667358,127.05342865,50,12,4.0,4.0,2,6,0,0.0,48,0.96,2,0.160872,0.51497,1,false,false,never_worsened
high,synthetic_latent,2416,한티역 6번 출구,37.4958992,127.05219269,50,0,0.0,0.0,0,0,0,0.0,0,0.0,50,0.0,0.0,-6,true,false,never_worsened
high,synthetic_latent,2417,선정릉 디캠프(D.CAMP)앞,37.50799942,127.04524994,50,14,4.9,5.0,1,8,0,0.0,47,0.94,3,0.163582,0.533929,4,false,false,never_worsened
high,synthetic_latent,2418,봉은사역 7번 출구,37.51393509,127.05982208,50,0,0.0,0.0,0,0,0,0.0,0,0.0,50,0.0,0.0,12,false,false,never_worsened
high,synthetic_latent,2419,"봉은사역 1,2번 출구",37.51430893,127.05970001,50,0,0.0,0.0,0,0,0,0.0,0,0.0,50,0.0,0.0,0,false,false,never_worsened
high,synthetic_latent,2420,학여울역 사거리(LG베스트샵 앞),37.49689484,127.07013702,50,0,0.0,0.0,0,0,0,0.0,0,0.0,50,0.0,0.0,-6,true,false,never_worsened
high,synthetic_latent,2422,수서동 성당 맞은편,37.48416901,127.09484863,50,0,0.0,0.0,0,0,0,0.0,0,0.0,50,0.0,0.0,-4,true,false,never_worsened
high,synthetic_latent,2423,영희초교 사거리(래미안개포루체하임),37.4908371,127.08065033,50,0,0.0,0.0,0,0,0,0.0,0,0.0,50,0.0,0.0,-1,true,false,never_worsened
high,synthetic_latent,2425,세곡동 사거리(대왕초등학교 정류장),37.46461868,127.10684967,50,0,0.0,0.0,0,0,0,0.0,0,0.0,50,0.0,0.0,0,false,false,never_worsened
high,synthetic_latent,2426,강남한신휴플러스 6단지,37.46829605,127.10469818,50,3,0.48,0.0,0,2,0,0.0,11,0.22,39,0.208333,0.338905,3,false,false,never_worsened
high,synthetic_latent,2427,개포고등학교 정문앞,37.48485184,127.0583725,50,3,0.08,0.0,0,1,2,0.04,6,0.12,42,0.377667,0.405,-1,true,false,intermittent_worsened
high,synthetic_latent,2430,강남파이낸스센터앞(역삼역2번출구),37.50024414,127.03605652,50,122,16.14,15.5,11,21,0,0.0,50,1.0,0,0.101992,0.233308,15,false,false,never_worsened
high,synthetic_latent,2431,대치역 7번출구,37.49411774,127.06290436,50,0,0.0,0.0,0,0,0,0.0,0,0.0,50,0.0,0.0,0,false,false,never_worsened
high,synthetic_latent,3602,한국지역난방공사강남지사,37.49229431,127.09433746,50,0,0.0,0.0,0,0,0,0.0,0,0.0,50,0.0,0.0,1,false,false,never_worsened
high,synthetic_latent,3604,삼성중앙역 5번출구,37.51296234,127.05386353,50,26,6.4,6.0,4,9,0,0.0,50,1.0,0,0.101599,0.344228,11,false,false,never_worsened
high,synthetic_latent,3606,신사동주민센터 옆,37.52422714,127.02285004,50,0,0.0,0.0,0,0,0,0.0,0,0.0,50,0.0,0.0,0,false,false,never_worsened
high,synthetic_latent,3609,언주초등학교 입구,37.48536682,127.03849792,50,0,0.0,0.0,0,0,0,0.0,0,0.0,50,0.0,0.0,-2,true,false,never_worsened
high,synthetic_latent,3610,윗반마을 입구,37.46534729,127.1088028,50,2,1.66,2.0,0,3,0,0.0,45,0.9,5,0.213667,0.919333,1,false,false,never_worsened
high,synthetic_latent,3611,방죽마을 입구,37.47123337,127.10721588,50,0,0.0,0.0,0,0,0,0.0,0,0.0,50,0.0,0.0,0,false,false,never_worsened
high,synthetic_latent,3614,은마아파트 입구 사거리,37.49840164,127.06093597,50,4,2.5,3.0,0,4,0,0.0,41,0.82,9,0.060524,0.686048,6,false,false,never_worsened
high,synthetic_latent,3615,서울 논현동우체국 앞,37.51446152,127.0326004,50,2,1.86,2.0,1,3,0,0.0,47,0.94,3,0.02,0.701167,24,false,false,never_worsened
high,synthetic_latent,3616,역삼중학교 앞(체육관 방향),37.49526215,127.04950714,50,0,0.0,0.0,0,0,0,0.0,0,0.0,50,0.0,0.0,0,false,false,never_worsened
high,synthetic_latent,3618,서울율현초교 삼거리,37.47364044,127.10702515,50,0,0.0,0.0,0,0,0,0.0,0,0.0,50,0.0,0.0,0,false,false,never_worsened
high,synthetic_latent,3620,청담역 11번 출구,37.51925659,127.0515976,50,42,3.24,2.0,0,7,0,0.0,44,0.88,6,0.042343,0.115903,5,false,false,never_worsened
high,synthetic_latent,3622,은마아파트입구 사거리(1),37.49986649,127.0605011,50,12,2.78,3.0,0,5,0,0.0,44,0.88,6,0.019767,0.245468,1,false,false,never_worsened
high,synthetic_latent,3623,일원에코파크 앞(개포로 방면),37.49587631,127.08650208,50,0,0.0,0.0,0,0,0,0.0,0,0.0,50,0.0,0.0,0,false,false,never_worsened
high,synthetic_latent,3624,대모산입구역 7번 출구 앞,37.49017715,127.07305908,50,13,0.7,0.0,0,4,0,0.0,12,0.24,38,0.089336,0.146407,3,false,false,never_worsened
high,synthetic_latent,3627,압구정나들목,37.53075027,127.04160309,50,22,7.1,7.0,4,11,0,0.0,50,1.0,0,0.15413,0.481202,3,false,false,never_worsened
high,synthetic_latent,3629,청담사거리(신한오피스텔빌딩 앞),37.52416229,127.0489502,50,1,0.0,0.0,0,0,0,0.0,0,0.0,50,0.66,0.66,0,false,false,never_worsened
high,synthetic_latent,3630,개포우성6차아파트 정문 앞,37.47685623,127.05536652,50,9,4.0,4.0,2,6,0,0.0,47,0.94,3,0.251186,0.676162,12,false,false,never_worsened
high,synthetic_latent,3634,국악고교 앞 교차로,37.47402191,127.04844666,50,3,0.16,0.0,0,1,0,0.0,6,0.12,44,0.207333,0.245667,4,false,false,never_worsened
high,synthetic_latent,3636,삼성중앙역·플래티넘아파트 정류소,37.51264191,127.05156708,50,19,9.14,9.0,7,12,0,0.0,50,1.0,0,0.12983,0.605818,30,false,false,never_worsened
high,synthetic_latent,3637,세곡데이케어센터,37.46072388,127.10287476,50,0,0.0,0.0,0,0,0,0.0,0,0.0,50,0.0,0.0,0,false,false,never_worsened
high,synthetic_latent,3638,신청담나들목,37.52796173,127.05162811,50,0,0.0,0.0,0,0,0,0.0,0,0.0,50,0.0,0.0,0,false,false,never_worsened
high,synthetic_latent,3640,일원1동주민센터앞 사거리,37.49087906,127.08795929,50,0,0.0,0.0,0,0,0,0.0,0,0.0,50,0.0,0.0,-1,true,false,never_worsened
high,synthetic_latent,3641,대청역,37.49370575,127.0799942,50,2,0.14,0.0,0,1,0,0.0,6,0.12,44,0.081333,0.163,3,false,false,never_worsened
high,synthetic_latent,3642,LH강남힐스테이트아파트,37.47081375,127.08969879,50,68,5.46,5.0,4,7,0,0.0,50,1.0,0,0.061694,0.141584,16,false,false,never_worsened
high,synthetic_latent,3643,더시그넘하우스 앞,37.47267914,127.10375977,50,11,0.18,0.0,0,1,0,0.0,7,0.14,43,0.25513,0.271185,0,false,false,never_worsened
high,synthetic_latent,3644,상록수아파트,37.48276138,127.08042145,50,23,3.88,4.0,1,6,0,0.0,49,0.98,1,0.034942,0.199659,29,false,false,never_worsened
high,synthetic_latent,3646,선정릉역 4번 출구,37.5097847,127.04277039,50,14,5.56,5.5,3,8,0,0.0,50,1.0,0,0.160327,0.554596,23,false,false,never_worsened
high,synthetic_latent,3647,구룡역 1번 출구,37.48642349,127.05931854,50,0,0.0,0.0,0,0,0,0.0,0,0.0,50,0.0,0.0,10,false,false,never_worsened
high,synthetic_latent,3648,구룡역 4번 출구,37.48670578,127.0605011,50,0,0.0,0.0,0,0,0,0.0,0,0.0,50,0.0,0.0,0,false,false,never_worsened
high,synthetic_latent,3649,구룡역 5번 출구,37.48607635,127.05921936,50,3,0.96,0.5,0,3,0,0.0,25,0.5,25,0.420714,0.678786,2,false,false,never_worsened
high,synthetic_latent,3651,개포동역 4번출구,37.48929596,127.06616974,50,0,0.0,0.0,0,0,0,0.0,0,0.0,50,0.0,0.0,0,false,false,never_worsened
high,synthetic_latent,4902,구역삼세무서 교차로,37.49524307,127.03937531,50,65,2.28,2.0,-1,6,10,0.2,34,0.68,6,0.288623,0.324449,0,false,true,intermittent_worsened
high,synthetic_latent,4903,신사스퀘어,37.51916885,127.0189743,50,0,0.0,0.0,0,0,0,0.0,0,0.0,50,0.0,0.0,0,false,false,never_worsened
high,synthetic_latent,4905,강남경찰서,37.50971985,127.06679535,50,107,5.38,5.0,2,9,0,0.0,49,0.98,1,0.125386,0.175616,7,false,false,never_worsened
high,synthetic_latent,4906,섬유센터 앞,37.50767136,127.06017303,50,7,0.52,0.0,0,1,0,0.0,20,0.4,30,0.306037,0.373255,20,false,false,never_worsened
high,synthetic_latent,4907,극동스포츠 앞,37.5257225,127.02588654,50,0,0.0,0.0,0,0,0,0.0,0,0.0,50,0.0,0.0,6,false,false,never_worsened
high,synthetic_latent,4908,SB타워 앞,37.52210999,127.03646088,50,0,0.0,0.0,0,0,0,0.0,0,0.0,50,0.0,0.0,0,false,false,never_worsened
high,synthetic_latent,4909,노보텔 앰배서더 앞,37.50570297,127.02919769,50,5,0.02,0.0,0,0,0,0.0,1,0.02,49,0.0105,0.013833,10,false,false,never_worsened
high,synthetic_latent,4913,레베쌍트 빌딩 앞,37.51292038,127.056427,50,0,0.0,0.0,0,0,0,0.0,0,0.0,50,0.0,0.0,0,false,false,never_worsened
high,synthetic_latent,4914,도심공항타워 앞,37.50999069,127.05847168,50,0,0.0,0.0,0,0,0,0.0,0,0.0,50,0.0,0.0,24,false,false,never_worsened
high,synthetic_latent,4915,영동중앙교회 버스정류장,37.49775314,127.03857422,50,35,6.82,7.0,5,9,0,0.0,50,1.0,0,0.091643,0.288477,5,false,false,never_worsened
high,synthetic_latent,4916,청담역 1번출구,37.51973724,127.05767822,50,40,5.68,5.0,4,7,0,0.0,50,1.0,0,0.042884,0.186707,1,false,false,never_worsened
high,synthetic_latent,4917,일원에코파크 주차장,37.49404526,127.08678436,50,5,0.0,0.0,0,0,0,0.0,0,0.0,50,1.0,1.0,0,false,false,never_worsened
high,synthetic_latent,4918,매봉역 1번출구,37.48661041,127.04550934,50,0,0.0,0.0,0,0,0,0.0,0,0.0,50,0.0,0.0,0,false,false,never_worsened
high,synthetic_latent,4919,학여울역사거리(은마아파트),37.49665833,127.06938171,50,4,3.56,4.0,1,5,0,0.0,49,0.98,1,0.070524,0.927262,0,false,false,never_worsened
high,synthetic_latent,4923,수협대치동지점,37.49861526,127.0683136,50,0,0.0,0.0,0,0,0,0.0,0,0.0,50,0.0,0.0,0,false,false,never_worsened
high,synthetic_latent,4924,논현동가구거리,37.51280975,127.02636719,50,8,1.68,1.0,1,3,0,0.0,50,1.0,0,0.080738,0.31292,1,false,false,never_worsened
high,synthetic_latent,4925,청담백영빌딩 앞,37.52390289,127.04660797,50,0,0.0,0.0,0,0,0,0.0,0,0.0,50,0.0,0.0,0,false,false,never_worsened
high,synthetic_latent,4926,대치우성아파트 사거리,37.50099564,127.06803894,50,5,0.16,0.0,0,0,0,0.0,5,0.1,45,0.060071,0.086976,4,false,false,never_worsened
high,synthetic_latent,4928,교수마을 입구,37.4818573,127.10456085,50,0,0.0,0.0,0,0,0,0.0,0,0.0,50,0.0,0.0,0,false,false,never_worsened
high,synthetic_latent,4929,파스쿠찌 청담사거리점 앞,37.52464676,127.04914856,50,0,0.0,0.0,0,0,0,0.0,0,0.0,50,0.0,0.0,0,false,false,never_worsened
high,synthetic_latent,4930,학여울역 1번 출구,37.49662018,127.07099915,50,0,0.0,0.0,0,0,0,0.0,0,0.0,50,0.0,0.0,5,false,false,never_worsened
high,synthetic_latent,4931,디에이치퍼스티어아이파크 124동 앞,37.48131943,127.05435181,50,14,0.36,0.0,0,1,4,0.08,22,0.44,24,0.199116,0.224657,6,false,true,intermittent_worsened
high,synthetic_latent,4932,개포래미안포레스트 130동 맞은편,37.47748566,127.05743408,50,22,2.64,4.0,0,5,0,0.0,36,0.72,14,0.043195,0.162642,0,false,false,never_worsened
high,synthetic_latent,4935,도곡삼성래미안,37.48920441,127.05106354,50,5,0.06,0.0,0,0,0,0.0,3,0.06,47,0.169182,0.194897,-3,true,false,never_worsened
high,synthetic_latent,4936,SK텔레콤(T1) 인근,37.51263046,127.04283142,50,36,1.56,1.0,0,4,0,0.0,36,0.72,14,0.021661,0.066026,5,false,false,never_worsened
high,synthetic_latent,4937,개포래미안포레스트126동 앞,37.47816467,127.05630493,50,35,0.24,0.0,0,1,0,0.0,11,0.22,39,0.046402,0.052898,2,false,false,never_worsened
high,synthetic_latent,4938,LH수서2단지 201동 앞,37.47955322,127.10666656,50,19,0.16,0.0,0,1,0,0.0,7,0.14,43,0.378572,0.387455,0,false,false,never_worsened
high,synthetic_latent,4939,도산공원,37.5253067,127.03302765,50,0,0.0,0.0,0,0,0,0.0,0,0.0,50,0.0,0.0,4,false,false,never_worsened
high,synthetic_latent,4940,한강버스 압구정 선착장,37.52643204,127.01720428,50,0,0.0,0.0,0,0,0,0.0,0,0.0,50,0.0,0.0,0,false,false,never_worsened
high,synthetic_latent,4941,압구정로 11길,37.52594757,127.02082825,50,0,0.0,0.0,0,0,0,0.0,0,0.0,50,0.0,0.0,0,false,false,never_worsened
high,synthetic_latent,4942,율현삼거리,37.46805573,127.12036133,50,0,0.0,0.0,0,0,0,0.0,0,0.0,50,0.0,0.0,0,false,false,never_worsened
high,combined,2301,현대고등학교 건너편,37.52407074,127.02178955,50,68,1.16,1.0,0,2,0,0.0,38,0.76,12,0.982941,1.0,0,false,false,never_worsened
high,combined,2302,교보타워 버스정류장(신논현역 3번출구 후면),37.5055809,127.02427673,50,130,-0.24,0.0,-1,0,10,0.2,0,0.0,40,1.0,0.998154,0,false,true,intermittent_worsened
high,combined,2303,논현역 10번출구,37.51137161,127.02146149,50,207,69.56,69.5,62,76,0,0.0,50,1.0,0,0.560778,0.895239,23,false,false,never_worsened
high,combined,2304,대현그린타워,37.5116272,127.03565216,50,97,64.92,64.5,58,71,0,0.0,50,1.0,0,0.168213,0.834765,44,false,false,never_worsened
high,combined,2305,MCM 본사 직영점 앞,37.52064133,127.03450775,50,39,-2.94,-3.0,-4,-2,50,1.0,0,0.0,0,1.0,0.924615,-4,true,false,persistent_worsened
high,combined,2306,압구정역 2번 출구 옆,37.5271225,127.02871704,50,288,58.0,58.5,51,64,0,0.0,50,1.0,0,0.719323,0.920157,23,false,false,never_worsened
high,combined,2307,압구정 한양 3차 아파트,37.52838135,127.03901672,50,129,21.64,22.0,17,26,0,0.0,50,1.0,0,0.807003,0.973542,18,false,false,never_worsened
high,combined,2308,압구정파출소 앞,37.52930069,127.03559875,50,120,-1.84,-2.0,-4,0,38,0.76,0,0.0,12,1.0,0.984667,-1,true,false,intermittent_worsened
high,combined,2309,청담역(우리들병원 앞),37.51890182,127.04938507,50,67,31.28,30.0,27,36,0,0.0,50,1.0,0,0.40568,0.866483,21,false,false,never_worsened
high,combined,2310,청담동 맥도날드 옆(위치),37.52361298,127.04017639,50,49,4.46,5.0,3,5,0,0.0,50,1.0,0,0.908979,1.0,5,false,false,never_worsened
high,combined,2311,학동로 래미안 아파트 앞,37.51777267,127.04302216,50,72,43.48,44.5,37,49,0,0.0,50,1.0,0,0.308385,0.904597,19,false,false,never_worsened
high,combined,2312,청담역 13번 출구 앞,37.52058029,127.05632782,50,67,15.2,15.0,13,17,0,0.0,50,1.0,0,0.75669,0.980863,15,false,false,never_worsened
high,combined,2313,금원빌딩 앞,37.52505493,127.05252838,50,62,-0.22,0.0,-1,0,11,0.22,0,0.0,39,1.0,0.996452,0,false,true,intermittent_worsened
high,combined,2315,봉은사역 5번출구 옆,37.51424789,127.06111908,50,109,0.0,0.0,0,0,0,0.0,0,0.0,50,1.0,1.0,0,false,false,never_worsened
high,combined,2317,삼성도로공원,37.51588821,127.06620026,50,93,0.0,0.0,0,0,0,0.0,0,0.0,50,1.0,1.0,0,false,false,never_worsened
high,combined,2318,삼성중앙역4번출구(문화센터더 리빌),37.51357651,127.05503082,50,15,0.76,1.0,0,1,0,0.0,38,0.76,12,0.936,0.986667,1,false,false,never_worsened
high,combined,2319,포스코사거리 서측(수협 삼성동 지점),37.50660706,127.05467987,50,108,7.48,8.0,6,9,0,0.0,50,1.0,0,0.925185,0.994444,7,false,false,never_worsened
high,combined,2320,도곡역 대치지구대 방향,37.49191284,127.05709076,50,87,0.0,0.0,0,0,0,0.0,0,0.0,50,1.0,1.0,0,false,false,never_worsened
high,combined,2321,학여울역 사거리,37.49611664,127.06944275,50,34,-0.26,0.0,-1,0,13,0.26,0,0.0,37,1.0,0.992353,0,false,true,intermittent_worsened
high,combined,2324,천주교 대치 2동 교회 옆,37.50043869,127.06622314,50,126,0.04,0.0,0,0,0,0.0,2,0.04,48,0.999683,1.0,0,false,false,never_worsened
high,combined,2325,대치삼성아파트 앞 교차로,37.4986496,127.05931854,50,119,22.06,22.0,17,27,0,0.0,50,1.0,0,0.779788,0.963529,6,false,false,never_worsened
high,combined,2326,대치동 삼성로,37.50239563,127.05879974,50,115,66.6,66.0,58,75,0,0.0,50,1.0,0,0.260938,0.836665,14,false,false,never_worsened
high,combined,2327,뱅뱅사거리 랜드마크타워 앞,37.49055099,127.03146362,50,140,-1.6,-1.0,-5,0,33,0.66,0,0.0,17,1.0,0.988571,0,false,true,intermittent_worsened
high,combined,2328,르네상스 호텔 사거리 역삼지하보도 7번출구 앞,37.50321198,127.04273224,50,146,38.8,39.0,32,45,0,0.0,50,1.0,0,0.549715,0.814037,19,false,false,never_worsened
high,combined,2329,르네상스호텔사거리 역삼지하보도 2번출구,37.50235748,127.04319,50,68,30.96,31.5,25,37,0,0.0,50,1.0,0,0.483316,0.932039,5,false,false,never_worsened
high,combined,2330,역삼월드메르디앙아파트 앞,37.49219894,127.03945923,50,101,23.68,23.0,17,29,0,0.0,50,1.0,0,0.677645,0.911127,0,false,false,never_worsened
high,combined,2331,동영문화센터앞,37.49805069,127.04460144,50,115,28.14,28.5,23,33,0,0.0,50,1.0,0,0.644314,0.887984,16,false,false,never_worsened
high,combined,2332,선릉역3번출구,37.50410461,127.04903412,50,239,41.34,41.0,36,46,0,0.0,50,1.0,0,0.781043,0.953958,40,false,false,never_worsened
high,combined,2333,양재역 3번출구 주변,37.48515701,127.03407288,50,285,86.04,85.0,75,98,0,0.0,50,1.0,0,0.329058,0.630472,45,false,false,never_worsened
high,combined,2335,3호선 매봉역 3번출구앞,37.48676682,127.04676056,50,302,0.0,0.0,0,0,0,0.0,0,0.0,50,1.0,1.0,0,false,false,never_worsened
high,combined,2336,강남세브란스교차로 래미안그레이튼 104동 앞,37.49423599,127.04746246,50,100,2.02,2.0,-1,4,5,0.1,39,0.78,6,0.93989,0.959988,2,false,true,intermittent_worsened
high,combined,2337,대모산입구역 2번출구 앞,37.49207687,127.07197571,50,62,0.0,0.0,0,0,0,0.0,0,0.0,50,1.0,1.0,0,false,false,never_worsened
high,combined,2339,현대아파트 정문 앞,37.48326111,127.0522995,50,99,16.66,16.0,13,20,0,0.0,50,1.0,0,0.753569,0.919738,1,false,false,never_worsened
high,combined,2340,삼호물산버스정류장(23370) 옆,37.47750854,127.04517365,50,313,0.0,0.0,0,0,0,0.0,0,0.0,50,1.0,1.0,0,false,false,never_worsened
high,combined,2341,일원역 4~5번 출구 사이,37.4833107,127.08493805,50,86,33.1,33.0,29,36,0,0.0,50,1.0,0,0.51422,0.895882,33,false,false,never_worsened
high,combined,2342,대청역 1번출구 뒤,37.49390793,127.07962036,50,188,16.16,16.0,11,21,0,0.0,50,1.0,0,0.861337,0.946991,9,false,false,never_worsened
high,combined,2344,리엔파크 2단지 앞,37.46506119,127.10119629,50,62,0.0,0.0,0,0,0,0.0,0,0.0,50,1.0,1.0,0,false,false,never_worsened
high,combined,2347,두산건설 본사,37.51863861,127.03540039,50,65,23.8,24.0,19,28,0,0.0,50,1.0,0,0.339385,0.705538,28,false,false,never_worsened
high,combined,2348,포스코사거리(기업은행),37.50723267,127.05685425,50,362,20.72,21.0,6,33,1,0.02,48,0.96,1,0.767348,0.824586,52,false,true,intermittent_worsened
high,combined,2349,역삼빌딩 앞(하나은행 옆),37.50154495,127.03856659,50,120,59.6,59.0,51,72,0,0.0,50,1.0,0,0.213772,0.707322,16,false,false,never_worsened
high,combined,2350,래미안그레이튼102동앞,37.49482346,127.04790497,50,38,0.0,0.0,0,0,0,0.0,0,0.0,50,1.0,1.0,0,false,false,never_worsened
high,combined,2351,청소년수련관(수영장)앞,37.48387909,127.0890274,50,46,7.84,8.0,6,9,0,0.0,50,1.0,0,0.802174,0.972609,7,false,false,never_worsened
high,combined,2352,서울본부세관(건설회관 앞),37.51758957,127.03502655,50,81,23.16,23.0,19,27,0,0.0,50,1.0,0,0.374568,0.660494,28,false,false,never_worsened
high,combined,2353,강남구청역 2번출구 뒤,37.51681137,127.04047394,50,183,69.78,68.0,60,80,0,0.0,50,1.0,0,0.288562,0.668196,47,false,false,never_worsened
high,combined,2354,청담역 2번출구,37.51978683,127.0567627,50,33,11.66,12.0,8,15,0,0.0,50,1.0,0,0.379394,0.732728,19,false,false,never_worsened
high,combined,2356,강남구청,37.51807022,127.04711914,50,81,25.9,26.0,20,31,0,0.0,50,1.0,0,0.510782,0.828518,28,false,false,never_worsened
high,combined,2357,르네상스호텔사거리 역삼지하보도 3번출구 앞 (더 오번 빌딩 명동칼국수 앞),37.50166321,127.04297638,50,128,34.24,34.0,29,38,0,0.0,50,1.0,0,0.428547,0.695261,17,false,false,never_worsened
high,combined,2358,구룡초사거리 (현대아파트10동 앞 ),37.48138428,127.05391693,50,94,10.6,11.0,7,14,0,0.0,50,1.0,0,0.731247,0.842784,9,false,false,never_worsened
high,combined,2359,"국립국악중,고교 정문 맞은편",37.47560501,127.05037689,50,176,-0.2,0.0,-1,0,5,0.1,0,0.0,45,1.0,0.998864,0,false,true,intermittent_worsened
high,combined,2360,도곡1동 주민센터 교차로,37.4928093,127.04138947,50,138,6.24,6.5,0,12,3,0.06,45,0.9,2,0.85023,0.894915,3,false,true,intermittent_worsened
high,combined,2362,신사동 가로수길 입구,37.51763535,127.02245331,50,78,-0.44,0.0,-2,0,17,0.34,0,0.0,33,1.0,0.994359,0,false,true,intermittent_worsened
high,combined,2363,강남 을지병원 교차로,37.51913834,127.02751923,50,44,-0.34,0.0,-1,0,13,0.26,0,0.0,37,1.0,0.992273,0,false,true,intermittent_worsened
high,combined,2364,도산공원교차로,37.52124023,127.0318985,50,59,-0.06,0.0,0,0,3,0.06,0,0.0,47,1.0,0.998983,0,false,true,intermittent_worsened
high,combined,2365,K+ 타워 앞,37.52330017,127.03847504,50,84,-0.98,-1.0,-2,0,30,0.6,0,0.0,20,1.0,0.988333,-1,true,false,intermittent_worsened
high,combined,2368,도곡동 경남아파트 건너편,37.48934174,127.04129791,50,87,20.1,20.5,16,25,0,0.0,50,1.0,0,0.480789,0.711798,23,false,false,never_worsened
high,combined,2369,KT선릉타워,37.50542831,127.0528717,50,155,13.56,14.0,8,17,0,0.0,50,1.0,0,0.889419,0.976903,16,false,false,never_worsened
high,combined,2370,한티역 3번출구,37.49655151,127.0542984,50,47,0.0,0.0,0,0,0,0.0,0,0.0,50,1.0,1.0,0,false,false,never_worsened
high,combined,2371,한국우편사업진흥원,37.51474762,127.03513336,50,90,39.18,39.0,33,44,0,0.0,50,1.0,0,0.214614,0.649166,36,false,false,never_worsened
high,combined,2372,대치역 사거리,37.49449921,127.063797,50,112,0.0,0.0,0,0,0,0.0,0,0.0,50,1.0,1.0,0,false,false,never_worsened
high,combined,2373,개포동역 사거리,37.48927689,127.06557465,50,57,3.82,4.0,2,6,0,0.0,50,1.0,0,0.910176,0.977193,5,false,false,never_worsened
high,combined,2375,수서역 1번출구 앞,37.48735046,127.10099792,50,169,0.0,0.0,0,0,0,0.0,0,0.0,50,1.0,1.0,0,false,false,never_worsened
high,combined,2376,수서역 6번출구 앞,37.48677826,127.10051727,50,180,0.0,0.0,0,0,0,0.0,0,0.0,50,1.0,1.0,0,false,false,never_worsened
high,combined,2377,수서역 5번출구,37.48735046,127.10232544,50,458,2.62,2.5,0,6,3,0.06,34,0.68,13,0.987079,0.992752,0,false,true,intermittent_worsened
high,combined,2380,삼성동베이직하우스앞,37.51169586,127.04934692,50,93,28.08,27.5,22,34,0,0.0,50,1.0,0,0.465639,0.765116,11,false,false,never_worsened
high,combined,2381,언주역 6번출구앞,37.50780869,127.03498077,50,76,22.26,22.0,18,25,0,0.0,50,1.0,0,0.641603,0.931524,11,false,false,never_worsened
high,combined,2382,역삼동 sk뷰 501동앞,37.50122833,127.05036163,50,57,15.9,16.0,11,20,0,0.0,50,1.0,0,0.495485,0.773003,2,false,false,never_worsened
high,combined,2383,보금자리정원,37.46632767,127.09488678,50,42,1.02,1.0,-1,3,5,0.1,26,0.52,19,0.940952,0.965238,2,false,true,intermittent_worsened
high,combined,2384,자곡사거리,37.47602844,127.10594177,50,232,0.8,0.0,0,2,0,0.0,24,0.48,26,0.984224,0.987672,2,false,false,never_worsened
high,combined,2385,학동역,37.51395035,127.03015137,50,95,2.1,1.5,-2,7,14,0.28,30,0.6,6,0.910105,0.932211,9,false,true,intermittent_worsened
high,combined,2386,크린랩 본사,37.50958633,127.04090881,50,53,15.8,16.0,11,19,0,0.0,50,1.0,0,0.467503,0.762997,14,false,false,never_worsened
high,combined,2387,래미안강남힐즈 사거리,37.47245407,127.09607697,50,145,-3.46,-3.5,-7,0,43,0.86,2,0.04,5,0.969379,0.945517,1,false,true,persistent_worsened
high,combined,2388,강남구 도시관리공단,37.51678467,127.05161285,50,86,13.24,14.0,8,18,0,0.0,50,1.0,0,0.400287,0.553094,29,false,false,never_worsened
high,combined,2389,경기여자고등학교 후문 (삼성로3길 입구),37.48616028,127.06723785,50,114,2.96,4.0,-1,5,6,0.12,40,0.8,4,0.953859,0.979824,3,false,true,intermittent_worsened
high,combined,2390,구룡마을 입구 (래미안블레스티지 아파트),37.48088074,127.06304169,50,140,-0.02,0.0,0,0,1,0.02,0,0.0,49,1.0,0.999857,0,false,true,intermittent_worsened
high,combined,2392,구룡산 입구 (구룡산 서울둘레길 입구),37.47447205,127.05545044,50,22,2.86,3.0,1,5,0,0.0,50,1.0,0,0.85663,0.982817,2,false,false,never_worsened
high,combined,2394,개포래미안포레스트아파트 107동 앞,37.48025131,127.05419159,50,115,11.5,11.0,7,16,0,0.0,50,1.0,0,0.75235,0.851757,20,false,false,never_worsened
high,combined,2396,영동3교 북단(우성캐릭터 앞 보도),37.48574066,127.05104828,50,55,-0.04,1.0,-4,2,13,0.26,28,0.56,9,0.822182,0.821455,4,false,true,intermittent_worsened
high,combined,2398,더라움,37.50811005,127.0394516,50,73,18.62,18.0,15,22,0,0.0,50,1.0,0,0.442271,0.697682,9,false,false,never_worsened
high,combined,2401,밀알학교 입구 (삼성서울병원 입구),37.48656082,127.08267212,50,52,12.04,12.0,8,16,0,0.0,50,1.0,0,0.427161,0.657218,17,false,false,never_worsened
high,combined,2403,공무원연금매점 교차로 (개포주공9단지 입구),37.48871994,127.07453918,50,135,12.16,12.0,9,17,0,0.0,50,1.0,0,0.804804,0.894557,11,false,false,never_worsened
high,combined,2404,대모산입구역 4번 출구 앞,37.49180984,127.07315826,50,195,0.0,0.0,0,0,0,0.0,0,0.0,50,1.0,1.0,0,false,false,never_worsened
high,combined,2405,청담공원앞 교차로,37.51871109,127.05084991,50,183,27.42,26.0,21,34,0,0.0,50,1.0,0,0.218905,0.368885,59,false,false,never_worsened
high,combined,2406,논현동 광명빌딩 앞,37.5175705,127.02364349,50,33,-0.24,0.0,-1,0,8,0.16,0,0.0,42,1.0,0.992727,0,false,true,intermittent_worsened
high,combined,2407,역삼서초삼성 세무서 앞 (역삼빌딩 앞,37.49847031,127.03011322,50,227,-1.9,-2.5,-7,4,34,0.68,14,0.28,2,0.947049,0.938678,9,false,true,intermittent_worsened
high,combined,2408,강남한양수자인아파트,37.4773407,127.11327362,50,157,0.0,0.0,0,0,0,0.0,0,0.0,50,1.0,1.0,0,false,false,never_worsened
high,combined,2409,역삼동 디오슈페리움 (우성아파트 사거리),37.49206161,127.03074646,50,139,-5.0,-5.0,-9,-1,46,0.92,0,0.0,4,1.0,0.964029,-7,true,false,persistent_worsened
high,combined,2410,포스코피앤에스타워 (역삼역 3번출구 부근),37.49959946,127.03375244,50,184,7.58,7.0,1,15,2,0.04,47,0.94,1,0.545184,0.58618,17,false,true,intermittent_worsened
high,combined,2411,세곡동 성당,37.47296906,127.11222839,50,148,0.7,0.0,0,2,0,0.0,22,0.44,28,0.919565,0.924265,0,false,false,never_worsened
high,combined,2413,도곡역 1번 출구,37.49095917,127.05498505,50,146,0.0,0.0,0,0,0,0.0,0,0.0,50,1.0,1.0,0,false,false,never_worsened
high,combined,2414,도곡역 아카데미스위트 앞,37.48897171,127.05182648,50,220,0.0,0.0,0,0,0,0.0,0,0.0,50,1.0,1.0,0,false,false,never_worsened
high,combined,2415,한티역 롯데백화점 앞,37.49667358,127.05342865,50,147,5.26,5.0,3,8,0,0.0,50,1.0,0,0.914788,0.950522,1,false,false,never_worsened
high,combined,2416,한티역 6번 출구,37.4958992,127.05219269,50,74,-3.72,-4.0,-5,-2,49,0.98,0,0.0,1,0.996486,0.946216,-6,true,false,persistent_worsened
high,combined,2417,선정릉 디캠프(D.CAMP)앞,37.50799942,127.04524994,50,49,9.08,9.0,4,13,0,0.0,50,1.0,0,0.652057,0.838072,4,false,false,never_worsened
high,combined,2418,봉은사역 7번 출구,37.51393509,127.05982208,50,108,3.42,3.0,-1,7,5,0.1,39,0.78,6,0.855741,0.887407,12,false,true,intermittent_worsened
high,combined,2419,"봉은사역 1,2번 출구",37.51430893,127.05970001,50,77,0.0,0.0,0,0,0,0.0,0,0.0,50,1.0,1.0,0,false,false,never_worsened
high,combined,2420,학여울역 사거리(LG베스트샵 앞),37.49689484,127.07013702,50,111,-0.76,-1.0,-2,0,27,0.54,0,0.0,23,1.0,0.993153,-6,true,false,intermittent_worsened
high,combined,2422,수서동 성당 맞은편,37.48416901,127.09484863,50,64,-3.46,-3.0,-5,-2,50,1.0,0,0.0,0,1.0,0.945937,-4,true,false,persistent_worsened
high,combined,2423,영희초교 사거리(래미안개포루체하임),37.4908371,127.08065033,50,144,-1.72,-1.0,-5,0,27,0.54,0,0.0,23,1.0,0.988056,-1,true,false,intermittent_worsened
high,combined,2425,세곡동 사거리(대왕초등학교 정류장),37.46461868,127.10684967,50,44,0.0,0.0,0,0,0,0.0,0,0.0,50,1.0,1.0,0,false,false,never_worsened
high,combined,2426,강남한신휴플러스 6단지,37.46829605,127.10469818,50,85,0.98,0.0,0,5,1,0.02,14,0.28,35,0.81715,0.828526,3,false,true,intermittent_worsened
high,combined,2427,개포고등학교 정문앞,37.48485184,127.0583725,50,113,-2.28,-2.0,-6,0,39,0.78,2,0.04,9,0.968973,0.949039,-1,true,false,intermittent_worsened
high,combined,2430,강남파이낸스센터앞(역삼역2번출구),37.50024414,127.03605652,50,208,23.08,22.5,17,29,0,0.0,50,1.0,0,0.318187,0.428486,15,false,false,never_worsened
high,combined,2431,대치역 7번출구,37.49411774,127.06290436,50,165,0.0,0.0,0,0,0,0.0,0,0.0,50,1.0,1.0,0,false,false,never_worsened
high,combined,3602,한국지역난방공사강남지사,37.49229431,127.09433746,50,83,0.46,1.0,-2,2,7,0.14,33,0.66,10,0.985783,0.991325,1,false,true,intermittent_worsened
high,combined,3604,삼성중앙역 5번출구,37.51296234,127.05386353,50,119,15.68,16.0,12,19,0,0.0,50,1.0,0,0.576179,0.707026,11,false,false,never_worsened
high,combined,3606,신사동주민센터 옆,37.52422714,127.02285004,50,53,0.0,0.0,0,0,0,0.0,0,0.0,50,1.0,1.0,0,false,false,never_worsened
high,combined,3609,언주초등학교 입구,37.48536682,127.03849792,50,87,-2.82,-3.0,-4,-1,47,0.94,0,0.0,3,1.0,0.967586,-2,true,false,persistent_worsened
high,combined,3610,윗반마을 입구,37.46534729,127.1088028,50,21,2.98,3.0,1,4,0,0.0,50,1.0,0,0.855747,0.993325,1,false,false,never_worsened
high,combined,3611,방죽마을 입구,37.47123337,127.10721588,50,63,0.0,0.0,0,0,0,0.0,0,0.0,50,1.0,1.0,0,false,false,never_worsened
high,combined,3614,은마아파트 입구 사거리,37.49840164,127.06093597,50,186,-0.3,-0.5,-4,4,25,0.5,20,0.4,5,0.94646,0.944841,6,false,true,intermittent_worsened
high,combined,3615,서울 논현동우체국 앞,37.51446152,127.0326004,50,60,22.74,23.0,20,26,0,0.0,50,1.0,0,0.507102,0.880954,24,false,false,never_worsened
high,combined,3616,역삼중학교 앞(체육관 방향),37.49526215,127.04950714,50,41,0.0,0.0,0,0,0,0.0,0,0.0,50,1.0,1.0,0,false,false,never_worsened
high,combined,3618,서울율현초교 삼거리,37.47364044,127.10702515,50,102,0.0,0.0,0,0,0,0.0,0,0.0,50,1.0,1.0,0,false,false,never_worsened
high,combined,3620,청담역 11번 출구,37.51925659,127.0515976,50,64,7.22,6.0,4,11,0,0.0,50,1.0,0,0.211509,0.322285,5,false,false,never_worsened
high,combined,3622,은마아파트입구 사거리(1),37.49986649,127.0605011,50,59,4.72,5.0,2,7,1,0.02,47,0.94,2,0.736896,0.816241,1,false,true,intermittent_worsened
high,combined,3623,일원에코파크 앞(개포로 방면),37.49587631,127.08650208,50,66,0.0,0.0,0,0,0,0.0,0,0.0,50,1.0,1.0,0,false,false,never_worsened
high,combined,3624,대모산입구역 7번 출구 앞,37.49017715,127.07305908,50,43,1.38,1.0,0,5,0,0.0,33,0.66,17,0.638452,0.670414,3,false,false,never_worsened
high,combined,3627,압구정나들목,37.53075027,127.04160309,50,103,11.92,11.5,8,16,0,0.0,50,1.0,0,0.750916,0.865874,3,false,false,never_worsened
high,combined,3629,청담사거리(신한오피스텔빌딩 앞),37.52416229,127.0489502,50,16,0.0,0.0,0,0,0,0.0,0,0.0,50,1.0,1.0,0,false,false,never_worsened
high,combined,3630,개포우성6차아파트 정문 앞,37.47685623,127.05536652,50,59,7.56,6.0,5,11,0,0.0,50,1.0,0,0.528854,0.655803,12,false,false,never_worsened
high,combined,3634,국악고교 앞 교차로,37.47402191,127.04844666,50,82,1.94,1.0,0,6,0,0.0,29,0.58,21,0.891036,0.914585,4,false,false,never_worsened
high,combined,3636,삼성중앙역·플래티넘아파트 정류소,37.51264191,127.05156708,50,108,26.32,26.0,20,32,0,0.0,50,1.0,0,0.384069,0.626145,30,false,false,never_worsened
high,combined,3637,세곡데이케어센터,37.46072388,127.10287476,50,31,0.0,0.0,0,0,0,0.0,0,0.0,50,1.0,1.0,0,false,false,never_worsened
high,combined,3638,신청담나들목,37.52796173,127.05162811,50,34,0.0,0.0,0,0,0,0.0,0,0.0,50,1.0,1.0,0,false,false,never_worsened
high,combined,3640,일원1동주민센터앞 사거리,37.49087906,127.08795929,50,194,-10.46,-10.5,-14,-7,50,1.0,0,0.0,0,0.977526,0.923608,-1,true,false,persistent_worsened
high,combined,3641,대청역,37.49370575,127.0799942,50,172,1.88,2.0,-1,4,7,0.14,39,0.78,4,0.958903,0.969829,3,false,true,intermittent_worsened
high,combined,3642,LH강남힐스테이트아파트,37.47081375,127.08969879,50,160,10.28,11.0,7,14,0,0.0,50,1.0,0,0.237893,0.30197,16,false,false,never_worsened
high,combined,3643,더시그넘하우스 앞,37.47267914,127.10375977,50,103,0.32,0.0,0,1,2,0.04,12,0.24,36,0.840427,0.843512,0,false,true,intermittent_worsened
high,combined,3644,상록수아파트,37.48276138,127.08042145,50,91,13.74,13.0,8,19,0,0.0,50,1.0,0,0.226025,0.375765,29,false,false,never_worsened
high,combined,3646,선정릉역 4번 출구,37.5097847,127.04277039,50,89,22.96,23.0,17,28,0,0.0,50,1.0,0,0.459003,0.716188,23,false,false,never_worsened
high,combined,3647,구룡역 1번 출구,37.48642349,127.05931854,50,100,4.06,5.0,-1,9,5,0.1,39,0.78,6,0.858,0.8986,10,false,true,intermittent_worsened
high,combined,3648,구룡역 4번 출구,37.48670578,127.0605011,50,24,0.0,0.0,0,0,0,0.0,0,0.0,50,1.0,1.0,0,false,false,never_worsened
high,combined,3649,구룡역 5번 출구,37.48607635,127.05921936,50,86,1.84,2.0,-3,7,13,0.26,32,0.64,5,0.860447,0.881607,2,false,true,intermittent_worsened
high,combined,3651,개포동역 4번출구,37.48929596,127.06616974,50,149,0.0,0.0,0,0,0,0.0,0,0.0,50,1.0,1.0,0,false,false,never_worsened
high,combined,4902,구역삼세무서 교차로,37.49524307,127.03937531,50,168,-0.3,-1.0,-6,6,27,0.54,18,0.36,5,0.678054,0.676424,0,false,true,intermittent_worsened
high,combined,4903,신사스퀘어,37.51916885,127.0189743,50,39,0.0,0.0,0,0,0,0.0,0,0.0,50,1.0,1.0,0,false,false,never_worsened
high,combined,4905,강남경찰서,37.50971985,127.06679535,50,326,9.84,10.0,5,15,0,0.0,50,1.0,0,0.651081,0.681268,7,false,false,never_worsened
high,combined,4906,섬유센터 앞,37.50767136,127.06017303,50,225,22.68,23.0,19,26,0,0.0,50,1.0,0,0.863131,0.963714,20,false,false,never_worsened
high,combined,4907,극동스포츠 앞,37.5257225,127.02588654,50,82,3.68,2.0,0,8,0,0.0,41,0.82,9,0.827805,0.872683,6,false,false,never_worsened
high,combined,4908,SB타워 앞,37.52210999,127.03646088,50,39,0.0,0.0,0,0,0,0.0,0,0.0,50,1.0,1.0,0,false,false,never_worsened
high,combined,4909,노보텔 앰배서더 앞,37.50570297,127.02919769,50,54,1.56,1.0,0,6,2,0.04,30,0.6,18,0.355464,0.384138,10,false,true,intermittent_worsened
high,combined,4913,레베쌍트 빌딩 앞,37.51292038,127.056427,50,46,0.2,0.0,0,1,0,0.0,10,0.2,40,0.992174,0.996522,0,false,false,never_worsened
high,combined,4914,도심공항타워 앞,37.50999069,127.05847168,50,140,21.36,22.0,17,24,0,0.0,50,1.0,0,0.827143,0.979714,24,false,false,never_worsened
high,combined,4915,영동중앙교회 버스정류장,37.49775314,127.03857422,50,63,9.26,9.0,7,11,0,0.0,50,1.0,0,0.372932,0.520601,5,false,false,never_worsened
high,combined,4916,청담역 1번출구,37.51973724,127.05767822,50,47,6.16,6.0,5,8,0,0.0,50,1.0,0,0.13162,0.26406,1,false,false,never_worsened
high,combined,4917,일원에코파크 주차장,37.49404526,127.08678436,50,171,0.0,0.0,0,0,0,0.0,0,0.0,50,1.0,1.0,0,false,false,never_worsened
high,combined,4918,매봉역 1번출구,37.48661041,127.04550934,50,83,0.0,0.0,0,0,0,0.0,0,0.0,50,1.0,1.0,0,false,false,never_worsened
high,combined,4919,학여울역사거리(은마아파트),37.49665833,127.06938171,50,33,3.86,4.0,2,5,0,0.0,49,0.98,1,0.875581,0.989966,0,false,false,never_worsened
high,combined,4923,수협대치동지점,37.49861526,127.0683136,50,118,-0.14,0.0,0,0,4,0.08,0,0.0,46,1.0,0.998814,0,false,true,intermittent_worsened
high,combined,4924,논현동가구거리,37.51280975,127.02636719,50,50,2.74,2.0,2,4,0,0.0,50,1.0,0,0.826127,0.880988,1,false,false,never_worsened
high,combined,4925,청담백영빌딩 앞,37.52390289,127.04660797,50,42,0.0,0.0,0,0,0,0.0,0,0.0,50,1.0,1.0,0,false,false,never_worsened
high,combined,4926,대치우성아파트 사거리,37.50099564,127.06803894,50,217,1.08,1.0,-1,3,11,0.22,28,0.56,11,0.958164,0.963099,4,false,true,intermittent_worsened
high,combined,4928,교수마을 입구,37.4818573,127.10456085,50,33,0.0,0.0,0,0,0,0.0,0,0.0,50,1.0,1.0,0,false,false,never_worsened
high,combined,4929,파스쿠찌 청담사거리점 앞,37.52464676,127.04914856,50,73,-0.02,0.0,0,0,1,0.02,0,0.0,49,1.0,0.999726,0,false,true,intermittent_worsened
high,combined,4930,학여울역 1번 출구,37.49662018,127.07099915,50,53,0.34,0.0,0,1,0,0.0,13,0.26,37,0.870566,0.876981,5,false,false,never_worsened
high,combined,4931,디에이치퍼스티어아이파크 124동 앞,37.48131943,127.05435181,50,143,1.22,1.5,-2,5,15,0.3,28,0.56,7,0.764547,0.77309,6,false,true,intermittent_worsened
high,combined,4932,개포래미안포레스트 130동 맞은편,37.47748566,127.05743408,50,74,-0.64,-1.0,-4,2,26,0.52,13,0.26,11,0.698342,0.689569,0,false,true,intermittent_worsened
high,combined,4935,도곡삼성래미안,37.48920441,127.05106354,50,76,-5.7,-6.0,-7,-4,50,1.0,0,0.0,0,0.934021,0.859069,-3,true,false,persistent_worsened
high,combined,4936,SK텔레콤(T1) 인근,37.51263046,127.04283142,50,54,3.84,3.5,2,6,0,0.0,50,1.0,0,0.247205,0.319502,5,false,false,never_worsened
high,combined,4937,개포래미안포레스트126동 앞,37.47816467,127.05630493,50,90,1.48,2.0,0,3,2,0.04,40,0.8,8,0.536775,0.553278,2,false,true,intermittent_worsened
high,combined,4938,LH수서2단지 201동 앞,37.47955322,127.10666656,50,282,0.16,0.0,0,1,0,0.0,7,0.14,43,0.939225,0.939794,0,false,false,never_worsened
high,combined,4939,도산공원,37.5253067,127.03302765,50,29,3.22,3.0,2,4,0,0.0,50,1.0,0,0.882759,0.993793,4,false,false,never_worsened
high,combined,4940,한강버스 압구정 선착장,37.52643204,127.01720428,50,248,0.0,0.0,0,0,0,0.0,0,0.0,50,1.0,1.0,0,false,false,never_worsened
high,combined,4941,압구정로 11길,37.52594757,127.02082825,50,39,0.0,0.0,0,0,0,0.0,0,0.0,50,1.0,1.0,0,false,false,never_worsened
high,combined,4942,율현삼거리,37.46805573,127.12036133,50,24,0.0,0.0,0,0,0,0.0,0,0.0,50,1.0,1.0,0,false,false,never_worsened
