seed,scenario,policy_role,manifest_hash,district_fallback_rate,hard_capped_interval_rate,intensity_rate_capped_interval_rate,dropped_candidates_by_hard_cap,request_manifest_hash,observed_requests,observed_successful_rentals,observed_failed_rentals,observed_service_rate,synthetic_requests,synthetic_successful_rentals,synthetic_failed_rentals,synthetic_service_rate,combined_requests,combined_successful_rentals,combined_failed_rentals,combined_service_rate,observed_successful_internal_returns,synthetic_successful_internal_returns,observed_outbound_departures,synthetic_outbound_departures,observed_internal_in_transit_at_end,synthetic_internal_in_transit_at_end,observed_trip_flow_residual,synthetic_trip_flow_residual,combined_trip_flow_residual,total_conservation_residual,observed_p10_service_rate,synthetic_p10_service_rate,combined_p10_service_rate,empty_station_hours,bikes_moved,relocation_distance_km,relocation_vehicle_minutes
20251124,base,P0,18ea98a02cecd178e4a7e686781c1043d750ff48979c00d15c24ce8ee0ad1a44,0.0056022408963585435,0.006069094304388422,0.0,15,18ea98a02cecd178e4a7e686781c1043d750ff48979c00d15c24ce8ee0ad1a44,16205,14167,2038,0.874236,1673,193,1480,0.115362,17878,14360,3518,0.803222,9952,135,4210,58,5,0,0,0,0,0,0.519481,0.0,0.363636,4059.412,0,0.0,0.0
20251124,base,P2-R,18ea98a02cecd178e4a7e686781c1043d750ff48979c00d15c24ce8ee0ad1a44,0.0056022408963585435,0.006069094304388422,0.0,15,18ea98a02cecd178e4a7e686781c1043d750ff48979c00d15c24ce8ee0ad1a44,16205,15125,1080,0.933354,1673,831,842,0.496712,17878,15956,1922,0.892494,10708,618,4412,212,5,1,0,0,0,0,0.761905,0.135135,0.651163,2004.214,1327,404.968,2210.165
20251124,high,P0,d403dbf1f8fab9a8a32f3e8fe83a120f81fcac4042acbc641eda092864c55375,0.0056022408963585435,0.006069094304388422,0.0,15,d403dbf1f8fab9a8a32f3e8fe83a120f81fcac4042acbc641eda092864c55375,16205,14106,2099,0.870472,1964,278,1686,0.141548,18169,14384,3785,0.791678,9905,190,4196,88,5,0,0,0,0,0,0.5,0.0,0.352941,4135.965,0,0.0,0.0
20251124,high,P2-R,d403dbf1f8fab9a8a32f3e8fe83a120f81fcac4042acbc641eda092864c55375,0.0056022408963585435,0.006069094304388422,0.0,15,d403dbf1f8fab9a8a32f3e8fe83a120f81fcac4042acbc641eda092864c55375,16205,15018,1187,0.926751,1964,941,1023,0.479124,18169,15959,2210,0.878364,10625,707,4388,233,5,1,0,0,0,0,0.727273,0.171429,0.613445,2100.981,1272,395.214,2139.658
20251124,low,P0,c8564399c32d0c876608bd85eb9020d07b5530b6fd14e33bc5c491fe2951c5ad,0.0056022408963585435,0.006069094304388422,0.0,15,c8564399c32d0c876608bd85eb9020d07b5530b6fd14e33bc5c491fe2951c5ad,16205,14242,1963,0.878865,1382,115,1267,0.083213,17587,14357,3230,0.816342,10007,80,4230,35,5,0,0,0,0,0,0.534884,0.0,0.373913,4002.459,0,0.0,0.0
20251124,low,P2-R,c8564399c32d0c876608bd85eb9020d07b5530b6fd14e33bc5c491fe2951c5ad,0.0056022408963585435,0.006069094304388422,0.0,15,c8564399c32d0c876608bd85eb9020d07b5530b6fd14e33bc5c491fe2951c5ad,16205,15170,1035,0.936131,1382,693,689,0.501447,17587,15863,1724,0.901973,10728,536,4437,156,5,1,0,0,0,0,0.779661,0.107692,0.666667,1859.126,1270,395.165,2138.008
20251125,base,P0,f0e03e3b4ef8e33952d0f266ff8f09a77d3e79a45a1b1a083407d1832b01d4c5,0.0056022408963585435,0.002334267040149393,0.0,7,f0e03e3b4ef8e33952d0f266ff8f09a77d3e79a45a1b1a083407d1832b01d4c5,16205,14185,2020,0.875347,1633,194,1439,0.1188,17838,14379,3459,0.806088,9967,141,4213,53,5,0,0,0,0,0,0.52,0.0,0.363636,4058.596,0,0.0,0.0
20251125,base,P2-R,f0e03e3b4ef8e33952d0f266ff8f09a77d3e79a45a1b1a083407d1832b01d4c5,0.0056022408963585435,0.002334267040149393,0.0,7,f0e03e3b4ef8e33952d0f266ff8f09a77d3e79a45a1b1a083407d1832b01d4c5,16205,15096,1109,0.931564,1633,822,811,0.503368,17838,15918,1920,0.892365,10681,634,4410,188,5,0,0,0,0,0,0.78453,0.115385,0.666667,1996.411,1289,376.343,2095.79
20251125,high,P0,8b0faaa6027debd5827ac4ac6e50f16fa8c607eac1d4f9b6eba92f54c62f6daa,0.0056022408963585435,0.002334267040149393,0.0,7,8b0faaa6027debd5827ac4ac6e50f16fa8c607eac1d4f9b6eba92f54c62f6daa,16205,14137,2068,0.872385,1922,287,1635,0.149324,18127,14424,3703,0.795719,9931,211,4200,76,6,0,0,0,0,0,0.493333,0.0,0.363636,4127.054,0,0.0,0.0
20251125,high,P2-R,8b0faaa6027debd5827ac4ac6e50f16fa8c607eac1d4f9b6eba92f54c62f6daa,0.0056022408963585435,0.002334267040149393,0.0,7,8b0faaa6027debd5827ac4ac6e50f16fa8c607eac1d4f9b6eba92f54c62f6daa,16205,14918,1287,0.92058,1922,963,959,0.501041,18127,15881,2246,0.876096,10543,739,4369,224,6,0,0,0,0,0,0.714286,0.105263,0.641509,2223.241,1243,378.441,2067.585
20251125,low,P0,c03e83719394f24d344138da7c83c8e16f1a085ce377cf8fb5ec7153b1163ab2,0.0056022408963585435,0.002334267040149393,0.0,7,c03e83719394f24d344138da7c83c8e16f1a085ce377cf8fb5ec7153b1163ab2,16205,14254,1951,0.879605,1328,107,1221,0.080572,17533,14361,3172,0.819084,10019,74,4230,33,5,0,0,0,0,0,0.534483,0.0,0.370968,4033.844,0,0.0,0.0
20251125,low,P2-R,c03e83719394f24d344138da7c83c8e16f1a085ce377cf8fb5ec7153b1163ab2,0.0056022408963585435,0.002334267040149393,0.0,7,c03e83719394f24d344138da7c83c8e16f1a085ce377cf8fb5ec7153b1163ab2,16205,15209,996,0.938537,1328,691,637,0.520331,17533,15900,1633,0.906861,10763,524,4441,167,5,0,0,0,0,0,0.779661,0.125,0.706897,1877.703,1294,381.79,2115.877
20251126,base,P0,f5b99da173e3780adc797af69b0d6449d99f8af4dd26fdea542e018f08f7e3c7,0.0056022408963585435,0.0028011204481792717,0.0,7,f5b99da173e3780adc797af69b0d6449d99f8af4dd26fdea542e018f08f7e3c7,16205,14181,2024,0.8751,1654,186,1468,0.112455,17859,14367,3492,0.804468,9964,127,4211,58,6,1,0,0,0,0,0.517241,0.0,0.351852,4042.406,0,0.0,0.0
20251126,base,P2-R,f5b99da173e3780adc797af69b0d6449d99f8af4dd26fdea542e018f08f7e3c7,0.0056022408963585435,0.0028011204481792717,0.0,7,f5b99da173e3780adc797af69b0d6449d99f8af4dd26fdea542e018f08f7e3c7,16205,15030,1175,0.927492,1654,775,879,0.468561,17859,15805,2054,0.884988,10602,595,4422,179,6,1,0,0,0,0,0.75,0.155556,0.646154,2121.794,1239,403.468,2139.675
20251126,high,P0,5a014d857e8ae53fa1999542cbe38fffb0da95c4746496a8fa30ba7a65b5c3ea,0.0056022408963585435,0.0028011204481792717,0.0,7,5a014d857e8ae53fa1999542cbe38fffb0da95c4746496a8fa30ba7a65b5c3ea,16205,14114,2091,0.870966,1940,270,1670,0.139175,18145,14384,3761,0.792725,9918,183,4190,87,6,0,0,0,0,0,0.506494,0.028571,0.351852,4110.801,0,0.0,0.0
20251126,high,P2-R,5a014d857e8ae53fa1999542cbe38fffb0da95c4746496a8fa30ba7a65b5c3ea,0.0056022408963585435,0.0028011204481792717,0.0,7,5a014d857e8ae53fa1999542cbe38fffb0da95c4746496a8fa30ba7a65b5c3ea,16205,15045,1160,0.928417,1940,927,1013,0.477835,18145,15972,2173,0.880242,10626,701,4413,225,6,1,0,0,0,0,0.75,0.117647,0.626168,2117.898,1294,396.689,2160.583
20251126,low,P0,872ce3e3e54183e061ad7a769fd835827a28f41bf2ceda6fe242b0acebeb54e1,0.0056022408963585435,0.0028011204481792717,0.0,7,872ce3e3e54183e061ad7a769fd835827a28f41bf2ceda6fe242b0acebeb54e1,16205,14241,1964,0.878803,1393,111,1282,0.079684,17598,14352,3246,0.815547,10005,69,4230,41,6,1,0,0,0,0,0.532468,0.0,0.363636,4029.166,0,0.0,0.0
20251126,low,P2-R,872ce3e3e54183e061ad7a769fd835827a28f41bf2ceda6fe242b0acebeb54e1,0.0056022408963585435,0.0028011204481792717,0.0,7,872ce3e3e54183e061ad7a769fd835827a28f41bf2ceda6fe242b0acebeb54e1,16205,15165,1040,0.935822,1393,692,701,0.49677,17598,15857,1741,0.901068,10714,538,4445,153,6,1,0,0,0,0,0.790698,0.142857,0.705882,1877.412,1283,390.662,2134.249
20251127,base,P0,10963c4132ee0a60734193ab91f402ab5214e3e59b7376d506a4c229f5a33f77,0.0056022408963585435,0.004668534080298786,0.0,13,10963c4132ee0a60734193ab91f402ab5214e3e59b7376d506a4c229f5a33f77,16205,14178,2027,0.874915,1692,181,1511,0.106974,17897,14359,3538,0.802313,9964,125,4209,56,5,0,0,0,0,0,0.52,0.0,0.363636,4052.103,0,0.0,0.0
20251127,base,P2-R,10963c4132ee0a60734193ab91f402ab5214e3e59b7376d506a4c229f5a33f77,0.0056022408963585435,0.004668534080298786,0.0,13,10963c4132ee0a60734193ab91f402ab5214e3e59b7376d506a4c229f5a33f77,16205,15033,1172,0.927677,1692,839,853,0.495863,17897,15872,2025,0.886853,10630,658,4398,181,5,0,0,0,0,0,0.728395,0.162791,0.653846,2028.269,1266,390.983,2122.466
20251127,high,P0,900c0da5973e716da20cdb618d29235dd2765f51edb58d75ef187c6ccc224d45,0.0056022408963585435,0.004668534080298786,0.0,13,900c0da5973e716da20cdb618d29235dd2765f51edb58d75ef187c6ccc224d45,16205,14128,2077,0.87183,1940,247,1693,0.12732,18145,14375,3770,0.792229,9929,167,4194,80,5,0,0,0,0,0,0.52,0.0,0.363636,4074.912,0,0.0,0.0
20251127,high,P2-R,900c0da5973e716da20cdb618d29235dd2765f51edb58d75ef187c6ccc224d45,0.0056022408963585435,0.004668534080298786,0.0,13,900c0da5973e716da20cdb618d29235dd2765f51edb58d75ef187c6ccc224d45,16205,14967,1238,0.923604,1940,921,1019,0.474742,18145,15888,2257,0.875613,10587,721,4375,200,5,0,0,0,0,0,0.728814,0.181818,0.6375,2112.317,1272,377.991,2087.987
20251127,low,P0,79adf24265da6a4e1468399f73dbb2ded685b35d79a83e8edc11dfa38c6e71f1,0.0056022408963585435,0.004668534080298786,0.0,13,79adf24265da6a4e1468399f73dbb2ded685b35d79a83e8edc11dfa38c6e71f1,16205,14228,1977,0.878001,1405,128,1277,0.091103,17610,14356,3254,0.815219,10002,88,4221,40,5,0,0,0,0,0,0.534884,0.0,0.37037,3995.136,0,0.0,0.0
20251127,low,P2-R,79adf24265da6a4e1468399f73dbb2ded685b35d79a83e8edc11dfa38c6e71f1,0.0056022408963585435,0.004668534080298786,0.0,13,79adf24265da6a4e1468399f73dbb2ded685b35d79a83e8edc11dfa38c6e71f1,16205,15122,1083,0.933169,1405,715,690,0.508897,17610,15837,1773,0.899319,10700,566,4417,149,5,0,0,0,0,0,0.761905,0.148936,0.671053,1915.002,1258,374.56,2067.195
20251128,base,P0,fa0751d8abad15ee061440cec9a17e80585de0c7ec53c35646ccbc0dc4ac3d09,0.0056022408963585435,0.0028011204481792717,0.0,8,fa0751d8abad15ee061440cec9a17e80585de0c7ec53c35646ccbc0dc4ac3d09,16205,14176,2029,0.874792,1656,200,1456,0.120773,17861,14376,3485,0.804882,9956,144,4215,56,5,0,0,0,0,0,0.523256,0.0,0.365385,4090.576,0,0.0,0.0
20251128,base,P2-R,fa0751d8abad15ee061440cec9a17e80585de0c7ec53c35646ccbc0dc4ac3d09,0.0056022408963585435,0.0028011204481792717,0.0,8,fa0751d8abad15ee061440cec9a17e80585de0c7ec53c35646ccbc0dc4ac3d09,16205,15082,1123,0.9307,1656,810,846,0.48913,17861,15892,1969,0.88976,10664,631,4413,178,5,1,0,0,0,0,0.764286,0.111111,0.666667,1996.881,1263,383.431,2097.559
20251128,high,P0,5688e10c0298943583c5c5d371c5db70a2186666c079b8935ee4aff5e1dd6c2c,0.0056022408963585435,0.0028011204481792717,0.0,8,5688e10c0298943583c5c5d371c5db70a2186666c079b8935ee4aff5e1dd6c2c,16205,14121,2084,0.871398,1909,269,1640,0.140911,18114,14390,3724,0.794413,9924,193,4192,76,5,0,0,0,0,0,0.52,0.0,0.363636,4122.991,0,0.0,0.0
20251128,high,P2-R,5688e10c0298943583c5c5d371c5db70a2186666c079b8935ee4aff5e1dd6c2c,0.0056022408963585435,0.0028011204481792717,0.0,8,5688e10c0298943583c5c5d371c5db70a2186666c079b8935ee4aff5e1dd6c2c,16205,15045,1160,0.928417,1909,916,993,0.479832,18114,15961,2153,0.881142,10642,711,4398,204,5,1,0,0,0,0,0.772727,0.1,0.638889,2050.898,1286,380.221,2105.171
20251128,low,P0,056df0222623d7f3890045eebb70e9db2eb7df5243f95daafd6170407463f932,0.0056022408963585435,0.0028011204481792717,0.0,8,056df0222623d7f3890045eebb70e9db2eb7df5243f95daafd6170407463f932,16205,14231,1974,0.878186,1346,115,1231,0.085438,17551,14346,3205,0.817389,10004,81,4222,33,5,1,0,0,0,0,0.532468,0.0,0.372549,4040.455,0,0.0,0.0
20251128,low,P2-R,056df0222623d7f3890045eebb70e9db2eb7df5243f95daafd6170407463f932,0.0056022408963585435,0.0028011204481792717,0.0,8,056df0222623d7f3890045eebb70e9db2eb7df5243f95daafd6170407463f932,16205,15200,1005,0.937982,1346,673,673,0.5,17551,15873,1678,0.904393,10755,530,4440,142,5,1,0,0,0,0,0.8,0.109375,0.677903,1882.428,1284,379.652,2101.97
20251129,base,P0,7a5b78cc8e8b3d28ddc954a15cbbc81f48907f7644e10ba5ece559e05c298812,0.0056022408963585435,0.004201680672268907,0.0,10,7a5b78cc8e8b3d28ddc954a15cbbc81f48907f7644e10ba5ece559e05c298812,16205,14187,2018,0.875471,1668,191,1477,0.114508,17873,14378,3495,0.804454,9972,121,4210,70,5,0,0,0,0,0,0.532468,0.0,0.360656,4050.223,0,0.0,0.0
20251129,base,P2-R,7a5b78cc8e8b3d28ddc954a15cbbc81f48907f7644e10ba5ece559e05c298812,0.0056022408963585435,0.004201680672268907,0.0,10,7a5b78cc8e8b3d28ddc954a15cbbc81f48907f7644e10ba5ece559e05c298812,16205,15089,1116,0.931132,1668,794,874,0.476019,17873,15883,1990,0.888659,10673,581,4411,212,5,1,0,0,0,0,0.785714,0.1,0.647059,2032.175,1271,394.263,2136.047
20251129,high,P0,733696a78ea27408944912d8a9b5a3f63cde39c9a8b7f404be298edba2129713,0.0056022408963585435,0.004201680672268907,0.0,10,733696a78ea27408944912d8a9b5a3f63cde39c9a8b7f404be298edba2129713,16205,14114,2091,0.870966,1931,267,1664,0.13827,18136,14381,3755,0.792953,9919,177,4190,90,5,0,0,0,0,0,0.493333,0.0,0.353846,4150.443,0,0.0,0.0
20251129,high,P2-R,733696a78ea27408944912d8a9b5a3f63cde39c9a8b7f404be298edba2129713,0.0056022408963585435,0.004201680672268907,0.0,10,733696a78ea27408944912d8a9b5a3f63cde39c9a8b7f404be298edba2129713,16205,14996,1209,0.925393,1931,899,1032,0.465562,18136,15895,2241,0.876434,10594,669,4397,229,5,1,0,0,0,0,0.745763,0.112903,0.643836,2198.993,1256,395.393,2128.194
20251129,low,P0,1c356e58ad2f71e217c30d20810195ec7c437e50113c7bd1d8ae49dccc4ac2ee,0.0056022408963585435,0.004201680672268907,0.0,10,1c356e58ad2f71e217c30d20810195ec7c437e50113c7bd1d8ae49dccc4ac2ee,16205,14241,1964,0.878803,1373,122,1251,0.088857,17578,14363,3215,0.817101,10007,76,4229,45,5,1,0,0,0,0,0.534483,0.0,0.37037,4013.943,0,0.0,0.0
20251129,low,P2-R,1c356e58ad2f71e217c30d20810195ec7c437e50113c7bd1d8ae49dccc4ac2ee,0.0056022408963585435,0.004201680672268907,0.0,10,1c356e58ad2f71e217c30d20810195ec7c437e50113c7bd1d8ae49dccc4ac2ee,16205,15207,998,0.938414,1373,710,663,0.517116,17578,15917,1661,0.905507,10777,534,4425,175,5,1,0,0,0,0,0.8,0.116279,0.713043,1775.231,1296,384.234,2124.712
20251130,base,P0,9a1294a1034fd5e213eb63b01c77d2aa7342a2d966cfc81581533e1acb1ac643,0.0056022408963585435,0.004201680672268907,0.0,9,9a1294a1034fd5e213eb63b01c77d2aa7342a2d966cfc81581533e1acb1ac643,16205,14198,2007,0.876149,1677,185,1492,0.110316,17882,14383,3499,0.804328,9975,136,4218,48,5,1,0,0,0,0,0.532468,0.0,0.37037,4038.651,0,0.0,0.0
20251130,base,P2-R,9a1294a1034fd5e213eb63b01c77d2aa7342a2d966cfc81581533e1acb1ac643,0.0056022408963585435,0.004201680672268907,0.0,9,9a1294a1034fd5e213eb63b01c77d2aa7342a2d966cfc81581533e1acb1ac643,16205,15094,1111,0.931441,1677,787,890,0.46929,17882,15881,2001,0.8881,10668,618,4421,168,5,1,0,0,0,0,0.733333,0.076923,0.666667,2065.403,1271,389.52,2121.824
20251130,high,P0,5f7489c732b79c929027807740262433702744238d8db1ce91166772d9fcabdb,0.0056022408963585435,0.004201680672268907,0.0,9,5f7489c732b79c929027807740262433702744238d8db1ce91166772d9fcabdb,16205,14144,2061,0.872817,1962,258,1704,0.131498,18167,14402,3765,0.792756,9935,177,4204,80,5,1,0,0,0,0,0.5,0.0,0.37037,4103.835,0,0.0,0.0
20251130,high,P2-R,5f7489c732b79c929027807740262433702744238d8db1ce91166772d9fcabdb,0.0056022408963585435,0.004201680672268907,0.0,9,5f7489c732b79c929027807740262433702744238d8db1ce91166772d9fcabdb,16205,15043,1162,0.928294,1962,891,1071,0.454128,18167,15934,2233,0.877085,10631,672,4407,218,5,1,0,0,0,0,0.763636,0.105263,0.631579,2175.589,1289,401.926,2172.54
20251130,low,P0,80e3a790da29ec26c559d7d50be4a609d498ce437ee2565c90020069aca1e847,0.0056022408963585435,0.004201680672268907,0.0,9,80e3a790da29ec26c559d7d50be4a609d498ce437ee2565c90020069aca1e847,16205,14249,1956,0.879297,1412,119,1293,0.084278,17617,14368,3249,0.815576,10015,84,4229,34,5,1,0,0,0,0,0.534483,0.0,0.377143,3984.208,0,0.0,0.0
20251130,low,P2-R,80e3a790da29ec26c559d7d50be4a609d498ce437ee2565c90020069aca1e847,0.0056022408963585435,0.004201680672268907,0.0,9,80e3a790da29ec26c559d7d50be4a609d498ce437ee2565c90020069aca1e847,16205,15235,970,0.940142,1412,703,709,0.497875,17617,15938,1679,0.904694,10782,551,4448,151,5,1,0,0,0,0,0.818182,0.16,0.724638,1902.158,1295,370.881,2083.902
20251131,base,P0,2569db2ec4c7924a28e5288f746bd63b38e765514fa478da04b06502bafc48fb,0.0056022408963585435,0.004201680672268907,0.0,12,2569db2ec4c7924a28e5288f746bd63b38e765514fa478da04b06502bafc48fb,16205,14197,2008,0.876088,1587,177,1410,0.111531,17792,14374,3418,0.807891,9973,115,4219,62,5,0,0,0,0,0,0.52,0.0,0.363636,4016.096,0,0.0,0.0
20251131,base,P2-R,2569db2ec4c7924a28e5288f746bd63b38e765514fa478da04b06502bafc48fb,0.0056022408963585435,0.004201680672268907,0.0,12,2569db2ec4c7924a28e5288f746bd63b38e765514fa478da04b06502bafc48fb,16205,15085,1120,0.930886,1587,796,791,0.501575,17792,15881,1911,0.892592,10676,590,4404,206,5,0,0,0,0,0,0.731343,0.090909,0.66065,1934.241,1289,390.068,2136.963
20251131,high,P0,b3cb2b49548850e00b22c610bda2ccfe7bfe2705a8317ad69231b0393f9a55f4,0.0056022408963585435,0.004201680672268907,0.0,12,b3cb2b49548850e00b22c610bda2ccfe7bfe2705a8317ad69231b0393f9a55f4,16205,14137,2068,0.872385,1866,261,1605,0.139871,18071,14398,3673,0.796746,9930,187,4202,74,5,0,0,0,0,0,0.5,0.0,0.363636,4041.298,0,0.0,0.0
20251131,high,P2-R,b3cb2b49548850e00b22c610bda2ccfe7bfe2705a8317ad69231b0393f9a55f4,0.0056022408963585435,0.004201680672268907,0.0,12,b3cb2b49548850e00b22c610bda2ccfe7bfe2705a8317ad69231b0393f9a55f4,16205,15022,1183,0.926998,1866,911,955,0.48821,18071,15933,2138,0.881689,10625,702,4392,209,5,0,0,0,0,0,0.753247,0.144928,0.641975,2000.47,1302,369.195,2084.098
20251131,low,P0,31e6cd274a19340378289fa5374660af809856c203f056d9e271a8b7735e2f6d,0.0056022408963585435,0.004201680672268907,0.0,12,31e6cd274a19340378289fa5374660af809856c203f056d9e271a8b7735e2f6d,16205,14243,1962,0.878926,1305,105,1200,0.08046,17510,14348,3162,0.819417,10007,68,4231,37,5,0,0,0,0,0,0.532468,0.0,0.366667,4009.024,0,0.0,0.0
20251131,low,P2-R,31e6cd274a19340378289fa5374660af809856c203f056d9e271a8b7735e2f6d,0.0056022408963585435,0.004201680672268907,0.0,12,31e6cd274a19340378289fa5374660af809856c203f056d9e271a8b7735e2f6d,16205,15230,975,0.939833,1305,676,629,0.518008,17510,15906,1604,0.908395,10793,514,4432,162,5,0,0,0,0,0,0.796512,0.1,0.701299,1784.087,1312,366.672,2084.029
20251132,base,P0,3d2f55147c493e1a2f4b0891be0516f3af2848a7fa05a3de2470f37bc690ac03,0.0056022408963585435,0.0032679738562091504,0.0,8,3d2f55147c493e1a2f4b0891be0516f3af2848a7fa05a3de2470f37bc690ac03,16205,14190,2015,0.875656,1622,185,1437,0.114057,17827,14375,3452,0.806361,9969,132,4216,50,5,3,0,0,0,0,0.521739,0.0,0.365385,4070.86,0,0.0,0.0
20251132,base,P2-R,3d2f55147c493e1a2f4b0891be0516f3af2848a7fa05a3de2470f37bc690ac03,0.0056022408963585435,0.0032679738562091504,0.0,8,3d2f55147c493e1a2f4b0891be0516f3af2848a7fa05a3de2470f37bc690ac03,16205,15083,1122,0.930762,1622,800,822,0.493218,17827,15883,1944,0.890952,10674,619,4404,178,5,3,0,0,0,0,0.773256,0.106383,0.676923,2047.325,1259,384.786,2098.621
20251132,high,P0,4bb5dfc599b00a2cc52894c1d78057046a1c5b609f6bf4249d2ec9393ff87252,0.0056022408963585435,0.0032679738562091504,0.0,8,4bb5dfc599b00a2cc52894c1d78057046a1c5b609f6bf4249d2ec9393ff87252,16205,14137,2068,0.872385,1926,281,1645,0.145898,18131,14418,3713,0.795213,9932,201,4200,80,5,0,0,0,0,0,0.517241,0.0,0.365385,4111.725,0,0.0,0.0
20251132,high,P2-R,4bb5dfc599b00a2cc52894c1d78057046a1c5b609f6bf4249d2ec9393ff87252,0.0056022408963585435,0.0032679738562091504,0.0,8,4bb5dfc599b00a2cc52894c1d78057046a1c5b609f6bf4249d2ec9393ff87252,16205,15053,1152,0.928911,1926,938,988,0.48702,18131,15991,2140,0.88197,10654,720,4394,217,5,1,0,0,0,0,0.761905,0.125,0.666667,2072.128,1297,383.612,2123.604
20251132,low,P0,1cd1905f2345910538b59dab29e015a90373a7a65892a61cc710efc28d8bb491,0.0056022408963585435,0.0032679738562091504,0.0,8,1cd1905f2345910538b59dab29e015a90373a7a65892a61cc710efc28d8bb491,16205,14248,1957,0.879235,1354,123,1231,0.090842,17559,14371,3188,0.818441,10015,87,4228,33,5,3,0,0,0,0,0.521739,0.0,0.365385,4027.567,0,0.0,0.0
20251132,low,P2-R,1cd1905f2345910538b59dab29e015a90373a7a65892a61cc710efc28d8bb491,0.0056022408963585435,0.0032679738562091504,0.0,8,1cd1905f2345910538b59dab29e015a90373a7a65892a61cc710efc28d8bb491,16205,15197,1008,0.937797,1354,691,663,0.51034,17559,15888,1671,0.904835,10751,540,4441,148,5,3,0,0,0,0,0.772727,0.108696,0.714286,1821.25,1271,385.63,2110.16
20251133,base,P0,917f97ef4aab22b23743b1dda4ccfbef2c3f803cee055d35ed8f5fe4daec12b2,0.0056022408963585435,0.002334267040149393,0.0,6,917f97ef4aab22b23743b1dda4ccfbef2c3f803cee055d35ed8f5fe4daec12b2,16205,14178,2027,0.874915,1677,188,1489,0.112105,17882,14366,3516,0.803378,9963,124,4210,64,5,0,0,0,0,0,0.511628,0.0,0.366795,4030.343,0,0.0,0.0
20251133,base,P2-R,917f97ef4aab22b23743b1dda4ccfbef2c3f803cee055d35ed8f5fe4daec12b2,0.0056022408963585435,0.002334267040149393,0.0,6,917f97ef4aab22b23743b1dda4ccfbef2c3f803cee055d35ed8f5fe4daec12b2,16205,15129,1076,0.933601,1677,818,859,0.487776,17882,15947,1935,0.891791,10699,615,4425,201,5,2,0,0,0,0,0.757576,0.083333,0.685185,1926.739,1333,393.428,2180.043
20251133,high,P0,b2237304f179f619745e5c64540565cae375ecaa87ae261d4d07c898ccf50a58,0.0056022408963585435,0.002334267040149393,0.0,6,b2237304f179f619745e5c64540565cae375ecaa87ae261d4d07c898ccf50a58,16205,14128,2077,0.87183,1951,272,1679,0.139416,18156,14400,3756,0.793126,9926,189,4197,83,5,0,0,0,0,0,0.506494,0.0,0.358491,4073.977,0,0.0,0.0
20251133,high,P2-R,b2237304f179f619745e5c64540565cae375ecaa87ae261d4d07c898ccf50a58,0.0056022408963585435,0.002334267040149393,0.0,6,b2237304f179f619745e5c64540565cae375ecaa87ae261d4d07c898ccf50a58,16205,15024,1181,0.927121,1951,925,1026,0.474116,18156,15949,2207,0.878442,10625,703,4394,221,5,1,0,0,0,0,0.761628,0.064516,0.67148,2110.456,1275,391.519,2130.824
20251133,low,P0,b602e1604f285d9c0509dd3aabee37dd4ebbbcdf9347e3e81b6510ff85da3237,0.0056022408963585435,0.002334267040149393,0.0,6,b602e1604f285d9c0509dd3aabee37dd4ebbbcdf9347e3e81b6510ff85da3237,16205,14246,1959,0.879111,1383,114,1269,0.08243,17588,14360,3228,0.816466,10011,72,4230,42,5,0,0,0,0,0,0.534884,0.0,0.365385,3994.887,0,0.0,0.0
20251133,low,P2-R,b602e1604f285d9c0509dd3aabee37dd4ebbbcdf9347e3e81b6510ff85da3237,0.0056022408963585435,0.002334267040149393,0.0,6,b602e1604f285d9c0509dd3aabee37dd4ebbbcdf9347e3e81b6510ff85da3237,16205,15192,1013,0.937488,1383,683,700,0.493854,17588,15875,1713,0.902604,10753,518,4434,165,5,0,0,0,0,0,0.8,0.098361,0.714286,1904.34,1286,374.626,2088.382
20251134,base,P0,9eabeb4ca9449034d361fe378fef7c3f227d65a5aa9ebd79cbb37dceccf609bc,0.0056022408963585435,0.003734827264239029,0.0,10,9eabeb4ca9449034d361fe378fef7c3f227d65a5aa9ebd79cbb37dceccf609bc,16205,14199,2006,0.876211,1604,184,1420,0.114713,17809,14383,3426,0.807625,9976,125,4217,58,6,1,0,0,0,0,0.523256,0.0,0.37037,4030.846,0,0.0,0.0
20251134,base,P2-R,9eabeb4ca9449034d361fe378fef7c3f227d65a5aa9ebd79cbb37dceccf609bc,0.0056022408963585435,0.003734827264239029,0.0,10,9eabeb4ca9449034d361fe378fef7c3f227d65a5aa9ebd79cbb37dceccf609bc,16205,15103,1102,0.931996,1604,812,792,0.506234,17809,15915,1894,0.893649,10680,605,4417,206,6,1,0,0,0,0,0.745763,0.173913,0.638889,1967.937,1301,379.439,2114.077
20251134,high,P0,54f7d57cf410ad97c56a90bbf107295b933f438850f86bb8d03d6df727873871,0.0056022408963585435,0.003734827264239029,0.0,10,54f7d57cf410ad97c56a90bbf107295b933f438850f86bb8d03d6df727873871,16205,14141,2064,0.872632,1887,261,1626,0.138315,18092,14402,3690,0.796042,9936,172,4199,88,6,1,0,0,0,0,0.5,0.027027,0.355263,4076.989,0,0.0,0.0
20251134,high,P2-R,54f7d57cf410ad97c56a90bbf107295b933f438850f86bb8d03d6df727873871,0.0056022408963585435,0.003734827264239029,0.0,10,54f7d57cf410ad97c56a90bbf107295b933f438850f86bb8d03d6df727873871,16205,15016,1189,0.926628,1887,953,934,0.505034,18092,15969,2123,0.882655,10613,708,4397,244,6,1,0,0,0,0,0.727273,0.189189,0.649718,2022.717,1308,396.472,2170.431
20251134,low,P0,08c74b33ded3e5529faa13d13f146bb0785985b4de48c8fa28b7ae2a064b84e4,0.0056022408963585435,0.003734827264239029,0.0,10,08c74b33ded3e5529faa13d13f146bb0785985b4de48c8fa28b7ae2a064b84e4,16205,14260,1945,0.879975,1328,122,1206,0.091867,17533,14382,3151,0.820282,10028,81,4226,40,6,1,0,0,0,0,0.532468,0.0,0.37037,3992.927,0,0.0,0.0
20251134,low,P2-R,08c74b33ded3e5529faa13d13f146bb0785985b4de48c8fa28b7ae2a064b84e4,0.0056022408963585435,0.003734827264239029,0.0,10,08c74b33ded3e5529faa13d13f146bb0785985b4de48c8fa28b7ae2a064b84e4,16205,15142,1063,0.934403,1328,715,613,0.538404,17533,15857,1676,0.904409,10700,538,4436,176,6,1,0,0,0,0,0.773333,0.222222,0.696429,1802.136,1299,387.437,2136.575
20251135,base,P0,e10c472a4fb82563fa57fbd7bc53f3eb7968755c5c2655ecbcdf76e554ff172f,0.0056022408963585435,0.004201680672268907,0.0,9,e10c472a4fb82563fa57fbd7bc53f3eb7968755c5c2655ecbcdf76e554ff172f,16205,14213,1992,0.877075,1636,172,1464,0.105134,17841,14385,3456,0.806289,9989,120,4219,52,5,0,0,0,0,0,0.532468,0.0,0.37037,4036.169,0,0.0,0.0
20251135,base,P2-R,e10c472a4fb82563fa57fbd7bc53f3eb7968755c5c2655ecbcdf76e554ff172f,0.0056022408963585435,0.004201680672268907,0.0,9,e10c472a4fb82563fa57fbd7bc53f3eb7968755c5c2655ecbcdf76e554ff172f,16205,15137,1068,0.934094,1636,823,813,0.503056,17841,15960,1881,0.894569,10717,635,4415,188,5,0,0,0,0,0,0.785714,0.175,0.688645,1958.606,1318,392.001,2164.516
20251135,high,P0,0186e9aa066595c34f0ee7b06a559d61415c51eeead91c9dc24ed42cd08674e9,0.0056022408963585435,0.004201680672268907,0.0,9,0186e9aa066595c34f0ee7b06a559d61415c51eeead91c9dc24ed42cd08674e9,16205,14147,2058,0.873002,1908,263,1645,0.137841,18113,14410,3703,0.795561,9945,182,4197,81,5,0,0,0,0,0,0.517442,0.0,0.363636,4086.412,0,0.0,0.0
20251135,high,P2-R,0186e9aa066595c34f0ee7b06a559d61415c51eeead91c9dc24ed42cd08674e9,0.0056022408963585435,0.004201680672268907,0.0,9,0186e9aa066595c34f0ee7b06a559d61415c51eeead91c9dc24ed42cd08674e9,16205,15051,1154,0.928787,1908,940,968,0.492662,18113,15991,2122,0.882847,10644,722,4402,218,5,0,0,0,0,0,0.772727,0.208333,0.651376,2068.716,1302,396.281,2165.363
20251135,low,P0,8876afa9a16dad4be60dfec42eeae082b154d7a77f23cc2ec7a99e9b163d1644,0.0056022408963585435,0.004201680672268907,0.0,9,8876afa9a16dad4be60dfec42eeae082b154d7a77f23cc2ec7a99e9b163d1644,16205,14251,1954,0.87942,1373,111,1262,0.080845,17578,14362,3216,0.817044,10016,79,4230,32,5,0,0,0,0,0,0.534884,0.0,0.38,4001.759,0,0.0,0.0
20251135,low,P2-R,8876afa9a16dad4be60dfec42eeae082b154d7a77f23cc2ec7a99e9b163d1644,0.0056022408963585435,0.004201680672268907,0.0,9,8876afa9a16dad4be60dfec42eeae082b154d7a77f23cc2ec7a99e9b163d1644,16205,15201,1004,0.938044,1373,708,665,0.515659,17578,15909,1669,0.905052,10752,560,4444,148,5,0,0,0,0,0,0.80814,0.131579,0.728395,1867.494,1303,377.378,2109.392
20251136,base,P0,45880e8a855e8b8efbb3aa4cfa97c7e0459c37fa2b8f6923d29648011814e2ad,0.0056022408963585435,0.002334267040149393,0.0,6,45880e8a855e8b8efbb3aa4cfa97c7e0459c37fa2b8f6923d29648011814e2ad,16205,14190,2015,0.875656,1644,197,1447,0.11983,17849,14387,3462,0.80604,9981,133,4203,63,6,1,0,0,0,0,0.533333,0.0,0.37037,4029.908,0,0.0,0.0
20251136,base,P2-R,45880e8a855e8b8efbb3aa4cfa97c7e0459c37fa2b8f6923d29648011814e2ad,0.0056022408963585435,0.002334267040149393,0.0,6,45880e8a855e8b8efbb3aa4cfa97c7e0459c37fa2b8f6923d29648011814e2ad,16205,15173,1032,0.936316,1644,799,845,0.48601,17849,15972,1877,0.89484,10734,628,4433,170,6,1,0,0,0,0,0.815385,0.175,0.675768,1891.003,1287,370.188,2075.83
20251136,high,P0,1b8695ce3c860e14b2ae8421556928bd6e55fda22d971adbfb9c30fb4078c7bf,0.0056022408963585435,0.002334267040149393,0.0,6,1b8695ce3c860e14b2ae8421556928bd6e55fda22d971adbfb9c30fb4078c7bf,16205,14146,2059,0.87294,1901,265,1636,0.1394,18106,14411,3695,0.795924,9952,186,4189,79,5,0,0,0,0,0,0.52,0.0,0.37037,4056.765,0,0.0,0.0
20251136,high,P2-R,1b8695ce3c860e14b2ae8421556928bd6e55fda22d971adbfb9c30fb4078c7bf,0.0056022408963585435,0.002334267040149393,0.0,6,1b8695ce3c860e14b2ae8421556928bd6e55fda22d971adbfb9c30fb4078c7bf,16205,15049,1156,0.928664,1901,943,958,0.496055,18106,15992,2114,0.883243,10651,738,4392,205,6,0,0,0,0,0,0.762712,0.175,0.62987,2012.909,1300,390.232,2145.711
20251136,low,P0,7b8e3a4286b53f975a905e4c74fd6d7987ca6e77733c0bda952a007ff759320e,0.0056022408963585435,0.002334267040149393,0.0,6,7b8e3a4286b53f975a905e4c74fd6d7987ca6e77733c0bda952a007ff759320e,16205,14247,1958,0.879173,1353,116,1237,0.085735,17558,14363,3195,0.818032,10022,71,4219,44,6,1,0,0,0,0,0.54,0.0,0.37037,4005.359,0,0.0,0.0
20251136,low,P2-R,7b8e3a4286b53f975a905e4c74fd6d7987ca6e77733c0bda952a007ff759320e,0.0056022408963585435,0.002334267040149393,0.0,6,7b8e3a4286b53f975a905e4c74fd6d7987ca6e77733c0bda952a007ff759320e,16205,15236,969,0.940204,1353,662,691,0.489283,17558,15898,1660,0.905456,10783,518,4447,143,6,1,0,0,0,0,0.787879,0.166667,0.695364,1795.751,1280,384.016,2112.067
20251137,base,P0,b3e9f05d1f115190c24e1c6828af33a419282e861a0f99902e663f16ae4b8044,0.0056022408963585435,0.006535947712418301,0.0,14,b3e9f05d1f115190c24e1c6828af33a419282e861a0f99902e663f16ae4b8044,16205,14204,2001,0.87652,1683,178,1505,0.105764,17888,14382,3506,0.804003,9990,118,4208,60,6,0,0,0,0,0,0.534483,0.0,0.37037,4023.553,0,0.0,0.0
20251137,base,P2-R,b3e9f05d1f115190c24e1c6828af33a419282e861a0f99902e663f16ae4b8044,0.0056022408963585435,0.006535947712418301,0.0,14,b3e9f05d1f115190c24e1c6828af33a419282e861a0f99902e663f16ae4b8044,16205,15082,1123,0.9307,1683,814,869,0.48366,17888,15896,1992,0.88864,10666,632,4410,179,6,3,0,0,0,0,0.75,0.12766,0.666667,2059.006,1277,372.667,2075.756
20251137,high,P0,7c2d8e2d7a279ceac571394e40b04528491768bba0cd41af3b1734cdd748f5d8,0.0056022408963585435,0.006535947712418301,0.0,14,7c2d8e2d7a279ceac571394e40b04528491768bba0cd41af3b1734cdd748f5d8,16205,14146,2059,0.87294,1973,262,1711,0.132793,18178,14408,3770,0.792606,9947,183,4194,79,5,0,0,0,0,0,0.5,0.0,0.375,4097.838,0,0.0,0.0
20251137,high,P2-R,7c2d8e2d7a279ceac571394e40b04528491768bba0cd41af3b1734cdd748f5d8,0.0056022408963585435,0.006535947712418301,0.0,14,7c2d8e2d7a279ceac571394e40b04528491768bba0cd41af3b1734cdd748f5d8,16205,14951,1254,0.922616,1973,932,1041,0.472377,18178,15883,2295,0.873748,10579,727,4366,205,6,0,0,0,0,0,0.761905,0.117647,0.647059,2242.269,1269,383.6,2102.569
20251137,low,P0,a93e7aac83aa1b9e6662740ce7dc26bcb86427059894d7cc99dc102e267f0173,0.0056022408963585435,0.006535947712418301,0.0,14,a93e7aac83aa1b9e6662740ce7dc26bcb86427059894d7cc99dc102e267f0173,16205,14254,1951,0.879605,1393,114,1279,0.081838,17598,14368,3230,0.816456,10023,78,4225,36,6,0,0,0,0,0,0.534884,0.0,0.363636,4000.813,0,0.0,0.0
20251137,low,P2-R,a93e7aac83aa1b9e6662740ce7dc26bcb86427059894d7cc99dc102e267f0173,0.0056022408963585435,0.006535947712418301,0.0,14,a93e7aac83aa1b9e6662740ce7dc26bcb86427059894d7cc99dc102e267f0173,16205,15140,1065,0.93428,1393,697,696,0.500359,17598,15837,1761,0.899932,10704,540,4430,154,6,3,0,0,0,0,0.78,0.074627,0.685393,1892.382,1280,374.641,2083.935
20251138,base,P0,d66bdd79acc343669e21e6f080cec7b53fbd64852a5ea24210c2362d7f13e9cf,0.0056022408963585435,0.0028011204481792717,0.0,7,d66bdd79acc343669e21e6f080cec7b53fbd64852a5ea24210c2362d7f13e9cf,16205,14183,2022,0.875224,1614,177,1437,0.109665,17819,14360,3459,0.805881,9968,123,4210,54,5,0,0,0,0,0,0.511628,0.0,0.365385,4101.528,0,0.0,0.0
20251138,base,P2-R,d66bdd79acc343669e21e6f080cec7b53fbd64852a5ea24210c2362d7f13e9cf,0.0056022408963585435,0.0028011204481792717,0.0,7,d66bdd79acc343669e21e6f080cec7b53fbd64852a5ea24210c2362d7f13e9cf,16205,15071,1134,0.930022,1614,801,813,0.496283,17819,15872,1947,0.890735,10658,635,4408,166,5,0,0,0,0,0,0.728571,0.142857,0.666667,1968.492,1276,382.894,2105.688
20251138,high,P0,912413e3f9456619ebcbda484d70b557f8ab5c2b65758138b4fc1a4ce5f9d477,0.0056022408963585435,0.0028011204481792717,0.0,7,912413e3f9456619ebcbda484d70b557f8ab5c2b65758138b4fc1a4ce5f9d477,16205,14131,2074,0.872015,1902,280,1622,0.147213,18107,14411,3696,0.79588,9930,195,4196,85,5,0,0,0,0,0,0.517241,0.0,0.354839,4123.946,0,0.0,0.0
20251138,high,P2-R,912413e3f9456619ebcbda484d70b557f8ab5c2b65758138b4fc1a4ce5f9d477,0.0056022408963585435,0.0028011204481792717,0.0,7,912413e3f9456619ebcbda484d70b557f8ab5c2b65758138b4fc1a4ce5f9d477,16205,15010,1195,0.926257,1902,925,977,0.48633,18107,15935,2172,0.880046,10622,728,4382,197,6,0,0,0,0,0,0.738372,0.125,0.633452,2116.053,1288,383.153,2115.476
20251138,low,P0,42f3f0c0746d791074b18ad8bf61b43541ba9596c5730c784037f0978f12b643,0.0056022408963585435,0.0028011204481792717,0.0,7,42f3f0c0746d791074b18ad8bf61b43541ba9596c5730c784037f0978f12b643,16205,14226,1979,0.877877,1343,109,1234,0.081162,17548,14335,3213,0.816902,9993,68,4228,41,5,0,0,0,0,0,0.532468,0.0,0.366142,4053.539,0,0.0,0.0
20251138,low,P2-R,42f3f0c0746d791074b18ad8bf61b43541ba9596c5730c784037f0978f12b643,0.0056022408963585435,0.0028011204481792717,0.0,7,42f3f0c0746d791074b18ad8bf61b43541ba9596c5730c784037f0978f12b643,16205,15198,1007,0.937859,1343,682,661,0.507818,17548,15880,1668,0.904946,10753,528,4440,154,5,0,0,0,0,0,0.776119,0.185185,0.676923,1718.741,1286,369.56,2073.197
20251139,base,P0,87ac38eacbcd46556ad75d1b7bc25d268bb0c20a2441dd5f8986b997fcf30280,0.0056022408963585435,0.005135387488328665,0.0,15,87ac38eacbcd46556ad75d1b7bc25d268bb0c20a2441dd5f8986b997fcf30280,16205,14171,2034,0.874483,1636,178,1458,0.108802,17841,14349,3492,0.804271,9952,130,4214,48,5,0,0,0,0,0,0.511628,0.0,0.375,4045.824,0,0.0,0.0
20251139,base,P2-R,87ac38eacbcd46556ad75d1b7bc25d268bb0c20a2441dd5f8986b997fcf30280,0.0056022408963585435,0.005135387488328665,0.0,15,87ac38eacbcd46556ad75d1b7bc25d268bb0c20a2441dd5f8986b997fcf30280,16205,15054,1151,0.928973,1636,783,853,0.478606,17841,15837,2004,0.887674,10649,597,4400,186,5,0,0,0,0,0,0.76087,0.071429,0.635135,2004.294,1275,391.116,2129.608
20251139,high,P0,9c1cdb68185d95afec49ff85fa63a06de6cddce4c39ec0dec4d5b939a3036046,0.0056022408963585435,0.005135387488328665,0.0,15,9c1cdb68185d95afec49ff85fa63a06de6cddce4c39ec0dec4d5b939a3036046,16205,14105,2100,0.87041,1930,271,1659,0.140415,18135,14376,3759,0.792721,9902,198,4198,73,5,0,0,0,0,0,0.5,0.0,0.363636,4117.182,0,0.0,0.0
20251139,high,P2-R,9c1cdb68185d95afec49ff85fa63a06de6cddce4c39ec0dec4d5b939a3036046,0.0056022408963585435,0.005135387488328665,0.0,15,9c1cdb68185d95afec49ff85fa63a06de6cddce4c39ec0dec4d5b939a3036046,16205,14971,1234,0.923851,1930,918,1012,0.475648,18135,15889,2246,0.876151,10574,688,4392,230,5,0,0,0,0,0,0.727273,0.095238,0.626316,2156.192,1260,390.718,2117.168
20251139,low,P0,7490fbae897e7cb7c089f61fff136d54424ce15ed06d7487e79eb74087556e07,0.0056022408963585435,0.005135387488328665,0.0,15,7490fbae897e7cb7c089f61fff136d54424ce15ed06d7487e79eb74087556e07,16205,14229,1976,0.878062,1352,115,1237,0.085059,17557,14344,3213,0.816996,9997,81,4227,34,5,0,0,0,0,0,0.521739,0.0,0.375,4010.238,0,0.0,0.0
20251139,low,P2-R,7490fbae897e7cb7c089f61fff136d54424ce15ed06d7487e79eb74087556e07,0.0056022408963585435,0.005135387488328665,0.0,15,7490fbae897e7cb7c089f61fff136d54424ce15ed06d7487e79eb74087556e07,16205,15116,1089,0.932799,1352,694,658,0.513314,17557,15810,1747,0.900496,10689,525,4422,169,5,0,0,0,0,0,0.767442,0.037037,0.689655,1872.228,1277,384.308,2110.7
20251140,base,P0,3b8aea58c2797c752f2dd17f75606f4c0173cf86fd181138f8bff5d1b5548b50,0.0056022408963585435,0.004201680672268907,0.0,12,3b8aea58c2797c752f2dd17f75606f4c0173cf86fd181138f8bff5d1b5548b50,16205,14171,2034,0.874483,1602,188,1414,0.117353,17807,14359,3448,0.806368,9959,127,4206,61,6,0,0,0,0,0,0.5,0.0,0.365385,4050.643,0,0.0,0.0
20251140,base,P2-R,3b8aea58c2797c752f2dd17f75606f4c0173cf86fd181138f8bff5d1b5548b50,0.0056022408963585435,0.004201680672268907,0.0,12,3b8aea58c2797c752f2dd17f75606f4c0173cf86fd181138f8bff5d1b5548b50,16205,15074,1131,0.930207,1602,780,822,0.486891,17807,15854,1953,0.890324,10664,590,4404,190,6,0,0,0,0,0,0.772727,0.130435,0.666667,1967.134,1264,388.094,2112.299
20251140,high,P0,43b0b3779b19b3cc1b3fc4c6ab1d6ff6d4ba66c35aecd9401262516516682586,0.0056022408963585435,0.004201680672268907,0.0,12,43b0b3779b19b3cc1b3fc4c6ab1d6ff6d4ba66c35aecd9401262516516682586,16205,14087,2118,0.8693,1879,284,1595,0.151144,18084,14371,3713,0.79468,9897,196,4184,88,6,0,0,0,0,0,0.493333,0.0,0.365385,4107.48,0,0.0,0.0
20251140,high,P2-R,43b0b3779b19b3cc1b3fc4c6ab1d6ff6d4ba66c35aecd9401262516516682586,0.0056022408963585435,0.004201680672268907,0.0,12,43b0b3779b19b3cc1b3fc4c6ab1d6ff6d4ba66c35aecd9401262516516682586,16205,14990,1215,0.925023,1879,909,970,0.483768,18084,15899,2185,0.879175,10604,686,4380,223,6,0,0,0,0,0,0.727273,0.127273,0.639175,2134.159,1275,376.649,2086.21
20251140,low,P0,6f7ddbe9accfa8d550736570805a1698b2c36b5db015094a5ecfabb455922481,0.0056022408963585435,0.004201680672268907,0.0,12,6f7ddbe9accfa8d550736570805a1698b2c36b5db015094a5ecfabb455922481,16205,14226,1979,0.877877,1350,118,1232,0.087407,17555,14344,3211,0.817089,9996,77,4224,41,6,0,0,0,0,0,0.521739,0.0,0.37037,4017.947,0,0.0,0.0
20251140,low,P2-R,6f7ddbe9accfa8d550736570805a1698b2c36b5db015094a5ecfabb455922481,0.0056022408963585435,0.004201680672268907,0.0,12,6f7ddbe9accfa8d550736570805a1698b2c36b5db015094a5ecfabb455922481,16205,15176,1029,0.936501,1350,667,683,0.494074,17555,15843,1712,0.902478,10751,514,4419,153,6,0,0,0,0,0,0.809524,0.125,0.711864,1869.317,1250,386.18,2096.057
20251141,base,P0,7ecc137b0becd7880a31f963cb122fa247798e7dab01201d84ad6c0fca479542,0.0056022408963585435,0.0028011204481792717,0.0,7,7ecc137b0becd7880a31f963cb122fa247798e7dab01201d84ad6c0fca479542,16205,14192,2013,0.875779,1652,181,1471,0.109564,17857,14373,3484,0.804894,9965,123,4222,58,5,0,0,0,0,0,0.523256,0.0,0.363636,4038.056,0,0.0,0.0
20251141,base,P2-R,7ecc137b0becd7880a31f963cb122fa247798e7dab01201d84ad6c0fca479542,0.0056022408963585435,0.0028011204481792717,0.0,7,7ecc137b0becd7880a31f963cb122fa247798e7dab01201d84ad6c0fca479542,16205,15064,1141,0.92959,1652,810,842,0.490315,17857,15874,1983,0.888951,10661,634,4398,174,5,2,0,0,0,0,0.757576,0.2,0.655172,1972.621,1292,385.636,2125.918
20251141,high,P0,3ef2bb781536026a783b2fdd04b7d4d735817a6d5367c04755d85a622c439f28,0.0056022408963585435,0.0028011204481792717,0.0,7,3ef2bb781536026a783b2fdd04b7d4d735817a6d5367c04755d85a622c439f28,16205,14123,2082,0.871521,1917,264,1653,0.137715,18122,14387,3735,0.793897,9920,184,4198,80,5,0,0,0,0,0,0.519481,0.0,0.363636,4101.684,0,0.0,0.0
20251141,high,P2-R,3ef2bb781536026a783b2fdd04b7d4d735817a6d5367c04755d85a622c439f28,0.0056022408963585435,0.0028011204481792717,0.0,7,3ef2bb781536026a783b2fdd04b7d4d735817a6d5367c04755d85a622c439f28,16205,15011,1194,0.926319,1917,939,978,0.489828,18122,15950,2172,0.880146,10617,734,4389,203,5,2,0,0,0,0,0.763636,0.172414,0.646259,2051.492,1309,398.005,2175.774
20251141,low,P0,81ca52481f1cf804b95786477231e15a12e7156ee21fe1f374ec9d82f5a4e1b1,0.0056022408963585435,0.0028011204481792717,0.0,7,81ca52481f1cf804b95786477231e15a12e7156ee21fe1f374ec9d82f5a4e1b1,16205,14232,1973,0.878247,1362,120,1242,0.088106,17567,14352,3215,0.816986,9993,81,4234,39,5,0,0,0,0,0,0.534483,0.0,0.370079,4021.071,0,0.0,0.0
20251141,low,P2-R,81ca52481f1cf804b95786477231e15a12e7156ee21fe1f374ec9d82f5a4e1b1,0.0056022408963585435,0.0028011204481792717,0.0,7,81ca52481f1cf804b95786477231e15a12e7156ee21fe1f374ec9d82f5a4e1b1,16205,15203,1002,0.938167,1362,677,685,0.497063,17567,15880,1687,0.903968,10761,538,4437,137,5,2,0,0,0,0,0.813333,0.140625,0.723077,1807.651,1315,376.495,2115.748
20251142,base,P0,261622b5d9f6b68d96e5ec6d97341c4478556ac08c383a08724ae68bbc40d755,0.0056022408963585435,0.006069094304388422,0.0,16,261622b5d9f6b68d96e5ec6d97341c4478556ac08c383a08724ae68bbc40d755,16205,14212,1993,0.877013,1568,180,1388,0.114796,17773,14392,3381,0.809768,9989,126,4218,54,5,0,0,0,0,0,0.525,0.0,0.379032,4038.5,0,0.0,0.0
20251142,base,P2-R,261622b5d9f6b68d96e5ec6d97341c4478556ac08c383a08724ae68bbc40d755,0.0056022408963585435,0.006069094304388422,0.0,16,261622b5d9f6b68d96e5ec6d97341c4478556ac08c383a08724ae68bbc40d755,16205,15160,1045,0.935514,1568,750,818,0.478316,17773,15910,1863,0.895178,10737,574,4418,176,5,0,0,0,0,0,0.772727,0.114754,0.672727,1950.466,1262,394.688,2130.584
20251142,high,P0,cd6a64db91cbbc9f7f7472cfe55367e35ebe2f480ed5d184b66185b86b2c3c71,0.0056022408963585435,0.006069094304388422,0.0,16,cd6a64db91cbbc9f7f7472cfe55367e35ebe2f480ed5d184b66185b86b2c3c71,16205,14147,2058,0.873002,1846,255,1591,0.138137,18051,14402,3649,0.797851,9944,181,4198,74,5,0,0,0,0,0,0.506667,0.0,0.369231,4066.87,0,0.0,0.0
20251142,high,P2-R,cd6a64db91cbbc9f7f7472cfe55367e35ebe2f480ed5d184b66185b86b2c3c71,0.0056022408963585435,0.006069094304388422,0.0,16,cd6a64db91cbbc9f7f7472cfe55367e35ebe2f480ed5d184b66185b86b2c3c71,16205,15052,1153,0.928849,1846,881,965,0.477248,18051,15933,2118,0.882666,10650,677,4397,204,5,0,0,0,0,0,0.76,0.153846,0.65445,2091.352,1283,374.83,2086.76
20251142,low,P0,2c96ef820e544747e5ded0893d5374c79ddf03568a96f288331e6e1cfa2574cb,0.0056022408963585435,0.006069094304388422,0.0,16,2c96ef820e544747e5ded0893d5374c79ddf03568a96f288331e6e1cfa2574cb,16205,14247,1958,0.879173,1305,110,1195,0.084291,17510,14357,3153,0.819931,10009,71,4233,39,5,0,0,0,0,0,0.534483,0.0,0.384615,3994.084,0,0.0,0.0
20251142,low,P2-R,2c96ef820e544747e5ded0893d5374c79ddf03568a96f288331e6e1cfa2574cb,0.0056022408963585435,0.006069094304388422,0.0,16,2c96ef820e544747e5ded0893d5374c79ddf03568a96f288331e6e1cfa2574cb,16205,15172,1033,0.936254,1305,662,643,0.50728,17510,15834,1676,0.904283,10744,502,4423,160,5,0,0,0,0,0,0.781818,0.147059,0.685185,1837.512,1246,389.685,2103.564
20251143,base,P0,72588c00e7e5c2fa64ea547729db2f59e235082061afb58a176fd2d234635d37,0.0056022408963585435,0.0028011204481792717,0.0,8,72588c00e7e5c2fa64ea547729db2f59e235082061afb58a176fd2d234635d37,16205,14188,2017,0.875532,1665,179,1486,0.107508,17870,14367,3503,0.803973,9971,125,4212,54,5,0,0,0,0,0,0.517442,0.0,0.37037,4074.669,0,0.0,0.0
20251143,base,P2-R,72588c00e7e5c2fa64ea547729db2f59e235082061afb58a176fd2d234635d37,0.0056022408963585435,0.0028011204481792717,0.0,8,72588c00e7e5c2fa64ea547729db2f59e235082061afb58a176fd2d234635d37,16205,15029,1176,0.92743,1665,816,849,0.49009,17870,15845,2025,0.886682,10619,632,4405,184,5,0,0,0,0,0,0.744186,0.140625,0.623596,1990.039,1286,381.585,2109.266
20251143,high,P0,2226be609198f4d2a8d3ccd26445bb54061c55d8c13894ed29b1da3f7d6231a9,0.0056022408963585435,0.0028011204481792717,0.0,8,2226be609198f4d2a8d3ccd26445bb54061c55d8c13894ed29b1da3f7d6231a9,16205,14123,2082,0.871521,1949,251,1698,0.128784,18154,14374,3780,0.791781,9930,173,4188,78,5,0,0,0,0,0,0.506667,0.0,0.33935,4136.663,0,0.0,0.0
20251143,high,P2-R,2226be609198f4d2a8d3ccd26445bb54061c55d8c13894ed29b1da3f7d6231a9,0.0056022408963585435,0.0028011204481792717,0.0,8,2226be609198f4d2a8d3ccd26445bb54061c55d8c13894ed29b1da3f7d6231a9,16205,14980,1225,0.924406,1949,903,1046,0.463315,18154,15883,2271,0.874904,10608,687,4367,216,5,0,0,0,0,0,0.731343,0.151515,0.617284,2100.617,1257,384.213,2095.396
20251143,low,P0,52b83acf5c458d13108dc8b4b5b481b3d0e337b3aebd1c6a22ad4441ff081df4,0.0056022408963585435,0.0028011204481792717,0.0,8,52b83acf5c458d13108dc8b4b5b481b3d0e337b3aebd1c6a22ad4441ff081df4,16205,14238,1967,0.878618,1374,114,1260,0.082969,17579,14352,3227,0.816429,10007,78,4226,36,5,0,0,0,0,0,0.534483,0.0,0.376518,4044.421,0,0.0,0.0
20251143,low,P2-R,52b83acf5c458d13108dc8b4b5b481b3d0e337b3aebd1c6a22ad4441ff081df4,0.0056022408963585435,0.0028011204481792717,0.0,8,52b83acf5c458d13108dc8b4b5b481b3d0e337b3aebd1c6a22ad4441ff081df4,16205,15172,1033,0.936254,1374,703,671,0.511645,17579,15875,1704,0.903066,10743,553,4424,150,5,0,0,0,0,0,0.808989,0.166667,0.697248,1758.894,1324,371.093,2106.288
20251144,base,P0,df61d0172dd5a0a3dc0a23b19770ec33d58351f127d54bfbde8bddcedc1aa38b,0.0056022408963585435,0.004668534080298786,0.0,11,df61d0172dd5a0a3dc0a23b19770ec33d58351f127d54bfbde8bddcedc1aa38b,16205,14197,2008,0.876088,1693,172,1521,0.101595,17898,14369,3529,0.802827,9976,115,4216,56,5,1,0,0,0,0,0.511628,0.0,0.348485,4085.101,0,0.0,0.0
20251144,base,P2-R,df61d0172dd5a0a3dc0a23b19770ec33d58351f127d54bfbde8bddcedc1aa38b,0.0056022408963585435,0.004668534080298786,0.0,11,df61d0172dd5a0a3dc0a23b19770ec33d58351f127d54bfbde8bddcedc1aa38b,16205,15062,1143,0.929466,1693,826,867,0.487891,17898,15888,2010,0.887697,10672,606,4385,218,5,2,0,0,0,0,0.781818,0.170732,0.671756,1908.555,1324,383.984,2144.976
20251144,high,P0,a3f2fb00aae9f06aec52115019f069348510625c1783f1294042e460334d0750,0.0056022408963585435,0.004668534080298786,0.0,11,a3f2fb00aae9f06aec52115019f069348510625c1783f1294042e460334d0750,16205,14112,2093,0.870842,1975,261,1714,0.132152,18180,14373,3807,0.790594,9912,177,4195,83,5,1,0,0,0,0,0.511628,0.0,0.345455,4157.348,0,0.0,0.0
20251144,high,P2-R,a3f2fb00aae9f06aec52115019f069348510625c1783f1294042e460334d0750,0.0056022408963585435,0.004668534080298786,0.0,11,a3f2fb00aae9f06aec52115019f069348510625c1783f1294042e460334d0750,16205,15037,1168,0.927923,1975,896,1079,0.453671,18180,15933,2247,0.876403,10646,655,4386,239,5,2,0,0,0,0,0.779221,0.144928,0.633094,2009.105,1320,385.478,2146.45
20251144,low,P0,54329a33f922b18ed20f9e16c349bdde2157e21fb9c32e9d33e91582abbbe0ac,0.0056022408963585435,0.004668534080298786,0.0,11,54329a33f922b18ed20f9e16c349bdde2157e21fb9c32e9d33e91582abbbe0ac,16205,14240,1965,0.878741,1413,113,1300,0.079972,17618,14353,3265,0.814678,10008,75,4227,37,5,1,0,0,0,0,0.534884,0.0,0.365079,4026.132,0,0.0,0.0
20251144,low,P2-R,54329a33f922b18ed20f9e16c349bdde2157e21fb9c32e9d33e91582abbbe0ac,0.0056022408963585435,0.004668534080298786,0.0,11,54329a33f922b18ed20f9e16c349bdde2157e21fb9c32e9d33e91582abbbe0ac,16205,15094,1111,0.931441,1413,708,705,0.501062,17618,15802,1816,0.896924,10683,531,4406,175,5,2,0,0,0,0,0.786667,0.175,0.681102,1871.022,1289,372.746,2085.003
20251145,base,P0,76e9f985f41303738cf4233d8b3cffd34be78bc2951e6fc4aa10004ae3769ea0,0.0056022408963585435,0.0028011204481792717,0.0,7,76e9f985f41303738cf4233d8b3cffd34be78bc2951e6fc4aa10004ae3769ea0,16205,14203,2002,0.876458,1677,182,1495,0.108527,17882,14385,3497,0.80444,9988,128,4210,54,5,0,0,0,0,0,0.517241,0.0,0.369231,4003.787,0,0.0,0.0
20251145,base,P2-R,76e9f985f41303738cf4233d8b3cffd34be78bc2951e6fc4aa10004ae3769ea0,0.0056022408963585435,0.0028011204481792717,0.0,7,76e9f985f41303738cf4233d8b3cffd34be78bc2951e6fc4aa10004ae3769ea0,16205,15116,1089,0.932799,1677,826,851,0.492546,17882,15942,1940,0.891511,10698,643,4413,183,5,0,0,0,0,0,0.763636,0.158416,0.692308,1886.202,1269,397.438,2144.081
20251145,high,P0,62a6e49c5ddd189456a9df1606bce2b1ffa4309586bad5e9eab522e3a4b3a51e,0.0056022408963585435,0.0028011204481792717,0.0,7,62a6e49c5ddd189456a9df1606bce2b1ffa4309586bad5e9eab522e3a4b3a51e,16205,14136,2069,0.872323,1973,278,1695,0.140902,18178,14414,3764,0.792937,9938,193,4193,85,5,0,0,0,0,0,0.506494,0.0,0.37037,4060.428,0,0.0,0.0
20251145,high,P2-R,62a6e49c5ddd189456a9df1606bce2b1ffa4309586bad5e9eab522e3a4b3a51e,0.0056022408963585435,0.0028011204481792717,0.0,7,62a6e49c5ddd189456a9df1606bce2b1ffa4309586bad5e9eab522e3a4b3a51e,16205,14969,1236,0.923727,1973,939,1034,0.475925,18178,15908,2270,0.875124,10580,723,4384,216,5,0,0,0,0,0,0.76087,0.173554,0.629032,2073.412,1258,402.899,2152.211
20251145,low,P0,90fd752a25a126b2c646dd2cedd3aafcc9ec6852bf141f3b0825e8f366ae8cd9,0.0056022408963585435,0.0028011204481792717,0.0,7,90fd752a25a126b2c646dd2cedd3aafcc9ec6852bf141f3b0825e8f366ae8cd9,16205,14238,1967,0.878618,1401,115,1286,0.082084,17606,14353,3253,0.815233,10008,78,4225,37,5,0,0,0,0,0,0.52907,0.0,0.363636,4023.92,0,0.0,0.0
20251145,low,P2-R,90fd752a25a126b2c646dd2cedd3aafcc9ec6852bf141f3b0825e8f366ae8cd9,0.0056022408963585435,0.0028011204481792717,0.0,7,90fd752a25a126b2c646dd2cedd3aafcc9ec6852bf141f3b0825e8f366ae8cd9,16205,15161,1044,0.935575,1401,727,674,0.518915,17606,15888,1718,0.90242,10730,576,4426,151,5,0,0,0,0,0,0.779661,0.2,0.682692,1803.222,1266,386.719,2109.669
20251146,base,P0,4cb84ee1bd8255f3b91006999cd3a20feab23cac0101e642f533af450ad0aaea,0.0056022408963585435,0.003734827264239029,0.0,9,4cb84ee1bd8255f3b91006999cd3a20feab23cac0101e642f533af450ad0aaea,16205,14186,2019,0.875409,1603,167,1436,0.10418,17808,14353,3455,0.805986,9973,120,4208,47,5,0,0,0,0,0,0.5,0.0,0.365385,4046.43,0,0.0,0.0
20251146,base,P2-R,4cb84ee1bd8255f3b91006999cd3a20feab23cac0101e642f533af450ad0aaea,0.0056022408963585435,0.003734827264239029,0.0,9,4cb84ee1bd8255f3b91006999cd3a20feab23cac0101e642f533af450ad0aaea,16205,15054,1151,0.928973,1603,787,816,0.490954,17808,15841,1967,0.889544,10653,613,4396,173,5,1,0,0,0,0,0.784884,0.1375,0.68595,2056.787,1275,385.14,2111.682
20251146,high,P0,a57ba6ce4f770e4b5f462ea2b1e2963ecf3150c8d1425e13a7dc56b8433e2d13,0.0056022408963585435,0.003734827264239029,0.0,9,a57ba6ce4f770e4b5f462ea2b1e2963ecf3150c8d1425e13a7dc56b8433e2d13,16205,14123,2082,0.871521,1872,253,1619,0.13515,18077,14376,3701,0.795265,9935,174,4183,79,5,0,0,0,0,0,0.482558,0.0,0.37037,4121.202,0,0.0,0.0
20251146,high,P2-R,a57ba6ce4f770e4b5f462ea2b1e2963ecf3150c8d1425e13a7dc56b8433e2d13,0.0056022408963585435,0.003734827264239029,0.0,9,a57ba6ce4f770e4b5f462ea2b1e2963ecf3150c8d1425e13a7dc56b8433e2d13,16205,14970,1235,0.923789,1872,900,972,0.480769,18077,15870,2207,0.877911,10593,694,4372,205,5,1,0,0,0,0,0.745763,0.1,0.647727,2161.973,1280,379.99,2099.98
20251146,low,P0,68e9882b43e8e798aefcbc990c4f1042ff354b81d48b2a0aeecc9fe2fa7894a3,0.0056022408963585435,0.003734827264239029,0.0,9,68e9882b43e8e798aefcbc990c4f1042ff354b81d48b2a0aeecc9fe2fa7894a3,16205,14246,1959,0.879111,1350,102,1248,0.075556,17555,14348,3207,0.817317,10014,69,4227,33,5,0,0,0,0,0,0.534483,0.0,0.37037,4008.848,0,0.0,0.0
20251146,low,P2-R,68e9882b43e8e798aefcbc990c4f1042ff354b81d48b2a0aeecc9fe2fa7894a3,0.0056022408963585435,0.003734827264239029,0.0,9,68e9882b43e8e798aefcbc990c4f1042ff354b81d48b2a0aeecc9fe2fa7894a3,16205,15172,1033,0.936254,1350,707,643,0.523704,17555,15879,1676,0.904529,10743,563,4424,143,5,1,0,0,0,0,0.816514,0.171429,0.726027,1868.253,1302,379.864,2116.105
20251147,base,P0,e0bc4f2a27a5336f392461e0a3a95115bc599fc51b4aa026749228c40503fdda,0.0056022408963585435,0.0032679738562091504,0.0,9,e0bc4f2a27a5336f392461e0a3a95115bc599fc51b4aa026749228c40503fdda,16205,14179,2026,0.874977,1680,195,1485,0.116071,17885,14374,3511,0.80369,9969,127,4205,67,5,1,0,0,0,0,0.511628,0.0,0.357143,4038.707,0,0.0,0.0
20251147,base,P2-R,e0bc4f2a27a5336f392461e0a3a95115bc599fc51b4aa026749228c40503fdda,0.0056022408963585435,0.0032679738562091504,0.0,9,e0bc4f2a27a5336f392461e0a3a95115bc599fc51b4aa026749228c40503fdda,16205,15079,1126,0.930515,1680,822,858,0.489286,17885,15901,1984,0.889069,10659,627,4415,193,5,2,0,0,0,0,0.762712,0.147727,0.659341,2016.48,1259,384.285,2097.116
20251147,high,P0,db4f80b55d1f2bb445606e21dc28de94986843199fb0cc1e53808c0e30344de6,0.0056022408963585435,0.0032679738562091504,0.0,9,db4f80b55d1f2bb445606e21dc28de94986843199fb0cc1e53808c0e30344de6,16205,14115,2090,0.871027,1950,278,1672,0.142564,18155,14393,3762,0.792784,9923,183,4187,95,5,0,0,0,0,0,0.511628,0.0,0.353846,4090.766,0,0.0,0.0
20251147,high,P2-R,db4f80b55d1f2bb445606e21dc28de94986843199fb0cc1e53808c0e30344de6,0.0056022408963585435,0.0032679738562091504,0.0,9,db4f80b55d1f2bb445606e21dc28de94986843199fb0cc1e53808c0e30344de6,16205,14982,1223,0.924529,1950,927,1023,0.475385,18155,15909,2246,0.876288,10601,695,4376,232,5,0,0,0,0,0,0.733333,0.151899,0.641791,2090.185,1285,387.511,2126.285
20251147,low,P0,6fbb31df2f15b480cd82179dd28b9ebadcd9931022ad259ab9b897fdd7f3e6df,0.0056022408963585435,0.0032679738562091504,0.0,9,6fbb31df2f15b480cd82179dd28b9ebadcd9931022ad259ab9b897fdd7f3e6df,16205,14232,1973,0.878247,1407,123,1284,0.08742,17612,14355,3257,0.815069,10006,78,4221,44,5,1,0,0,0,0,0.532468,0.0,0.37037,3990.55,0,0.0,0.0
20251147,low,P2-R,6fbb31df2f15b480cd82179dd28b9ebadcd9931022ad259ab9b897fdd7f3e6df,0.0056022408963585435,0.0032679738562091504,0.0,9,6fbb31df2f15b480cd82179dd28b9ebadcd9931022ad259ab9b897fdd7f3e6df,16205,15126,1079,0.933416,1407,697,710,0.49538,17612,15823,1789,0.898422,10702,540,4419,155,5,2,0,0,0,0,0.785714,0.1,0.67658,1899.685,1277,375.621,2084.622
20251148,base,P0,bd044e1eabb0275e3ae705a6bd4dce9b1a012c137b1bc1044c4e2a2cb861b816,0.0056022408963585435,0.0028011204481792717,0.0,7,bd044e1eabb0275e3ae705a6bd4dce9b1a012c137b1bc1044c4e2a2cb861b816,16205,14163,2042,0.87399,1619,170,1449,0.105003,17824,14333,3491,0.80414,9951,119,4207,51,5,0,0,0,0,0,0.517241,0.0,0.351852,4095.269,0,0.0,0.0
20251148,base,P2-R,bd044e1eabb0275e3ae705a6bd4dce9b1a012c137b1bc1044c4e2a2cb861b816,0.0056022408963585435,0.0028011204481792717,0.0,7,bd044e1eabb0275e3ae705a6bd4dce9b1a012c137b1bc1044c4e2a2cb861b816,16205,15058,1147,0.929219,1619,791,828,0.488573,17824,15849,1975,0.889194,10656,606,4397,185,5,0,0,0,0,0,0.74026,0.074074,0.648649,2030.182,1278,376.628,2088.407
20251148,high,P0,df03acece01c68221f03270592c82d4cdf82b666c2d904cda2b386282e37f557,0.0056022408963585435,0.0028011204481792717,0.0,7,df03acece01c68221f03270592c82d4cdf82b666c2d904cda2b386282e37f557,16205,14119,2086,0.871274,1873,241,1632,0.128671,18078,14360,3718,0.794336,9916,173,4198,68,5,0,0,0,0,0,0.517241,0.0,0.345455,4104.197,0,0.0,0.0
20251148,high,P2-R,df03acece01c68221f03270592c82d4cdf82b666c2d904cda2b386282e37f557,0.0056022408963585435,0.0028011204481792717,0.0,7,df03acece01c68221f03270592c82d4cdf82b666c2d904cda2b386282e37f557,16205,15024,1181,0.927121,1873,895,978,0.477843,18078,15919,2159,0.880573,10622,676,4397,219,5,0,0,0,0,0,0.727273,0.12963,0.631206,2035.204,1303,397.185,2168.815
20251148,low,P0,1dcb1031ee0d991a2bf903df98eb1cd96f15203e247dd1387e82be4cce12023d,0.0056022408963585435,0.0028011204481792717,0.0,7,1dcb1031ee0d991a2bf903df98eb1cd96f15203e247dd1387e82be4cce12023d,16205,14225,1980,0.877815,1345,110,1235,0.081784,17550,14335,3215,0.816809,10001,75,4219,35,5,0,0,0,0,0,0.532468,0.0,0.37037,4057.016,0,0.0,0.0
20251148,low,P2-R,1dcb1031ee0d991a2bf903df98eb1cd96f15203e247dd1387e82be4cce12023d,0.0056022408963585435,0.0028011204481792717,0.0,7,1dcb1031ee0d991a2bf903df98eb1cd96f15203e247dd1387e82be4cce12023d,16205,15153,1052,0.935082,1345,672,673,0.499628,17550,15825,1725,0.901709,10725,514,4423,158,5,0,0,0,0,0,0.786667,0.185185,0.702479,1782.21,1268,389.939,2120.832
20251149,base,P0,a2988597e0f2ed0275d93a2bb275d361e26e42b55033576dfffe1759fd76cbc3,0.0056022408963585435,0.004668534080298786,0.0,10,a2988597e0f2ed0275d93a2bb275d361e26e42b55033576dfffe1759fd76cbc3,16205,14180,2025,0.875039,1640,204,1436,0.12439,17845,14384,3461,0.806052,9967,148,4208,56,5,0,0,0,0,0,0.5,0.0,0.358491,4068.119,0,0.0,0.0
20251149,base,P2-R,a2988597e0f2ed0275d93a2bb275d361e26e42b55033576dfffe1759fd76cbc3,0.0056022408963585435,0.004668534080298786,0.0,10,a2988597e0f2ed0275d93a2bb275d361e26e42b55033576dfffe1759fd76cbc3,16205,15106,1099,0.932181,1640,799,841,0.487195,17845,15905,1940,0.891286,10681,629,4420,170,5,0,0,0,0,0,0.769231,0.166667,0.674242,2024.958,1262,389.043,2113.648
20251149,high,P0,0249e7d864f936596c3cd800cf4740ea7f7c2a13fe53f578f39228437159e605,0.0056022408963585435,0.004668534080298786,0.0,10,0249e7d864f936596c3cd800cf4740ea7f7c2a13fe53f578f39228437159e605,16205,14118,2087,0.871213,1909,283,1626,0.148245,18114,14401,3713,0.79502,9925,201,4188,82,5,0,0,0,0,0,0.5,0.0,0.358491,4100.393,0,0.0,0.0
20251149,high,P2-R,0249e7d864f936596c3cd800cf4740ea7f7c2a13fe53f578f39228437159e605,0.0056022408963585435,0.004668534080298786,0.0,10,0249e7d864f936596c3cd800cf4740ea7f7c2a13fe53f578f39228437159e605,16205,15052,1153,0.928849,1909,926,983,0.485071,18114,15978,2136,0.88208,10653,722,4394,204,5,0,0,0,0,0,0.740741,0.16129,0.654412,2052.476,1293,390.777,2142.099
20251149,low,P0,77148eee4cc3fa1140de4af5167500549c14537d82c61c163eb49f18b17e8328,0.0056022408963585435,0.004668534080298786,0.0,10,77148eee4cc3fa1140de4af5167500549c14537d82c61c163eb49f18b17e8328,16205,14239,1966,0.878679,1390,122,1268,0.08777,17595,14361,3234,0.816198,10013,81,4221,41,5,0,0,0,0,0,0.534483,0.0,0.366142,4043.967,0,0.0,0.0
20251149,low,P2-R,77148eee4cc3fa1140de4af5167500549c14537d82c61c163eb49f18b17e8328,0.0056022408963585435,0.004668534080298786,0.0,10,77148eee4cc3fa1140de4af5167500549c14537d82c61c163eb49f18b17e8328,16205,15207,998,0.938414,1390,703,687,0.505755,17595,15910,1685,0.904234,10765,546,4437,157,5,0,0,0,0,0,0.8,0.185714,0.716049,1817.65,1301,390.633,2147.664
20251150,base,P0,5886871a7aef7d7810d3d17cd10e84f6c96f4ea0d9c2378df6c7338e84c385d6,0.0056022408963585435,0.002334267040149393,0.0,5,5886871a7aef7d7810d3d17cd10e84f6c96f4ea0d9c2378df6c7338e84c385d6,16205,14177,2028,0.874853,1732,212,1520,0.122402,17937,14389,3548,0.802197,9961,147,4211,65,5,0,0,0,0,0,0.517241,0.014493,0.37037,4029.375,0,0.0,0.0
20251150,base,P2-R,5886871a7aef7d7810d3d17cd10e84f6c96f4ea0d9c2378df6c7338e84c385d6,0.0056022408963585435,0.002334267040149393,0.0,5,5886871a7aef7d7810d3d17cd10e84f6c96f4ea0d9c2378df6c7338e84c385d6,16205,15078,1127,0.930454,1732,824,908,0.475751,17937,15902,2035,0.886547,10666,627,4407,195,5,2,0,0,0,0,0.767442,0.126761,0.655172,1959.51,1295,378.798,2107.652
20251150,high,P0,fd0ba8968d62a47d6c9bda7204fac08d874d5b46990e75744c6d3db3eae9ab40,0.0056022408963585435,0.002334267040149393,0.0,5,fd0ba8968d62a47d6c9bda7204fac08d874d5b46990e75744c6d3db3eae9ab40,16205,14101,2104,0.870164,2039,298,1741,0.14615,18244,14399,3845,0.789246,9898,201,4198,97,5,0,0,0,0,0,0.52,0.027027,0.348485,4097.003,0,0.0,0.0
20251150,high,P2-R,fd0ba8968d62a47d6c9bda7204fac08d874d5b46990e75744c6d3db3eae9ab40,0.0056022408963585435,0.002334267040149393,0.0,5,fd0ba8968d62a47d6c9bda7204fac08d874d5b46990e75744c6d3db3eae9ab40,16205,14956,1249,0.922925,2039,960,1079,0.470819,18244,15916,2328,0.872396,10576,713,4375,245,5,2,0,0,0,0,0.727273,0.108108,0.627273,2130.925,1261,381.602,2090.571
20251150,low,P0,2f73552a8093893a9f146852b28f234c411755d3a343db5025c57b68614f5e6c,0.0056022408963585435,0.002334267040149393,0.0,5,2f73552a8093893a9f146852b28f234c411755d3a343db5025c57b68614f5e6c,16205,14222,1983,0.87763,1451,138,1313,0.095107,17656,14360,3296,0.813321,9991,89,4226,49,5,0,0,0,0,0,0.532468,0.0,0.370079,4027.402,0,0.0,0.0
20251150,low,P2-R,2f73552a8093893a9f146852b28f234c411755d3a343db5025c57b68614f5e6c,0.0056022408963585435,0.002334267040149393,0.0,5,2f73552a8093893a9f146852b28f234c411755d3a343db5025c57b68614f5e6c,16205,15149,1056,0.934835,1451,708,743,0.487939,17656,15857,1799,0.898108,10704,534,4440,172,5,2,0,0,0,0,0.79661,0.166667,0.685393,1858.836,1270,389.677,2121.544
20251151,base,P0,25e09f02f3b5e150fb0ebd4f05f5f6c762cd4340191f98f3d69cbb1fa4064dd9,0.0056022408963585435,0.004201680672268907,0.0,11,25e09f02f3b5e150fb0ebd4f05f5f6c762cd4340191f98f3d69cbb1fa4064dd9,16205,14198,2007,0.876149,1646,174,1472,0.105711,17851,14372,3479,0.805109,9987,112,4206,62,5,0,0,0,0,0,0.5,0.0,0.37037,4072.767,0,0.0,0.0
20251151,base,P2-R,25e09f02f3b5e150fb0ebd4f05f5f6c762cd4340191f98f3d69cbb1fa4064dd9,0.0056022408963585435,0.004201680672268907,0.0,11,25e09f02f3b5e150fb0ebd4f05f5f6c762cd4340191f98f3d69cbb1fa4064dd9,16205,15153,1052,0.935082,1646,801,845,0.486634,17851,15954,1897,0.893731,10729,601,4419,200,5,0,0,0,0,0,0.785714,0.111111,0.666667,1969.297,1304,397.176,2169.547
20251151,high,P0,f1cfb37bc2f8090836710484110e889f5b7abac2d0610afcb5d18bffec03916c,0.0056022408963585435,0.004201680672268907,0.0,11,f1cfb37bc2f8090836710484110e889f5b7abac2d0610afcb5d18bffec03916c,16205,14143,2062,0.872755,1935,251,1684,0.129716,18140,14394,3746,0.793495,9948,168,4190,83,5,0,0,0,0,0,0.5,0.027027,0.37037,4131.247,0,0.0,0.0
20251151,high,P2-R,f1cfb37bc2f8090836710484110e889f5b7abac2d0610afcb5d18bffec03916c,0.0056022408963585435,0.004201680672268907,0.0,11,f1cfb37bc2f8090836710484110e889f5b7abac2d0610afcb5d18bffec03916c,16205,14999,1206,0.925579,1935,889,1046,0.459432,18140,15888,2252,0.875854,10618,652,4376,237,5,0,0,0,0,0,0.732558,0.106383,0.622951,2187.499,1263,388.169,2111.769
20251151,low,P0,f260775d322683ad4e075d102cc1e28da55c3aee941ed4d4c530367a2af26e79,0.0056022408963585435,0.004201680672268907,0.0,11,f260775d322683ad4e075d102cc1e28da55c3aee941ed4d4c530367a2af26e79,16205,14237,1968,0.878556,1396,112,1284,0.080229,17601,14349,3252,0.815238,10010,68,4222,44,5,0,0,0,0,0,0.532468,0.0,0.365385,4014.834,0,0.0,0.0
20251151,low,P2-R,f260775d322683ad4e075d102cc1e28da55c3aee941ed4d4c530367a2af26e79,0.0056022408963585435,0.004201680672268907,0.0,11,f260775d322683ad4e075d102cc1e28da55c3aee941ed4d4c530367a2af26e79,16205,15182,1023,0.936871,1396,704,692,0.504298,17601,15886,1715,0.902562,10752,522,4425,182,5,0,0,0,0,0,0.796512,0.121951,0.7,1872.537,1300,377.503,2107.528
20251152,base,P0,b90b5c18dbf6f8bde591838c3747c36e241a232557c034b715638569ecabfd4f,0.0056022408963585435,0.004668534080298786,0.0,10,b90b5c18dbf6f8bde591838c3747c36e241a232557c034b715638569ecabfd4f,16205,14183,2022,0.875224,1656,182,1474,0.109903,17861,14365,3496,0.804266,9970,122,4208,60,5,0,0,0,0,0,0.532468,0.0,0.37037,4047.929,0,0.0,0.0
20251152,base,P2-R,b90b5c18dbf6f8bde591838c3747c36e241a232557c034b715638569ecabfd4f,0.0056022408963585435,0.004668534080298786,0.0,10,b90b5c18dbf6f8bde591838c3747c36e241a232557c034b715638569ecabfd4f,16205,15090,1115,0.931194,1656,823,833,0.496981,17861,15913,1948,0.890936,10678,641,4407,181,5,1,0,0,0,0,0.75,0.153846,0.677083,2001.002,1319,368.218,2093.913
20251152,high,P0,1661f06e699bd8873e09ceffff026d27748f742f1edd850e47d8d83634988503,0.0056022408963585435,0.004668534080298786,0.0,10,1661f06e699bd8873e09ceffff026d27748f742f1edd850e47d8d83634988503,16205,14117,2088,0.871151,1943,278,1665,0.143078,18148,14395,3753,0.7932,9926,192,4185,86,6,0,0,0,0,0,0.517241,0.016667,0.37037,4071.379,0,0.0,0.0
20251152,high,P2-R,1661f06e699bd8873e09ceffff026d27748f742f1edd850e47d8d83634988503,0.0056022408963585435,0.004668534080298786,0.0,10,1661f06e699bd8873e09ceffff026d27748f742f1edd850e47d8d83634988503,16205,14984,1221,0.924653,1943,933,1010,0.480185,18148,15917,2231,0.877066,10596,709,4382,222,6,2,0,0,0,0,0.75,0.166667,0.618182,2146.706,1283,372.106,2078.578
20251152,low,P0,d9a5100228b2041d9a905d8b5080bcc6fb7e3554599fde1a04b63fd03036b7e5,0.0056022408963585435,0.004668534080298786,0.0,10,d9a5100228b2041d9a905d8b5080bcc6fb7e3554599fde1a04b63fd03036b7e5,16205,14248,1957,0.879235,1367,111,1256,0.0812,17572,14359,3213,0.817152,10013,64,4230,47,5,0,0,0,0,0,0.534884,0.0,0.37037,3988.804,0,0.0,0.0
20251152,low,P2-R,d9a5100228b2041d9a905d8b5080bcc6fb7e3554599fde1a04b63fd03036b7e5,0.0056022408963585435,0.004668534080298786,0.0,10,d9a5100228b2041d9a905d8b5080bcc6fb7e3554599fde1a04b63fd03036b7e5,16205,15193,1012,0.93755,1367,699,668,0.511339,17572,15892,1680,0.904393,10748,531,4440,166,5,2,0,0,0,0,0.79661,0.153846,0.69863,1808.256,1283,391.423,2136.536
20251153,base,P0,b37e342756ac196caea5cdf7149eceb04945cdf229ba9db88d1251744749f9b0,0.0056022408963585435,0.004201680672268907,0.0,9,b37e342756ac196caea5cdf7149eceb04945cdf229ba9db88d1251744749f9b0,16205,14182,2023,0.875162,1620,190,1430,0.117284,17825,14372,3453,0.806283,9964,132,4213,57,5,1,0,0,0,0,0.5,0.016393,0.363636,4040.402,0,0.0,0.0
20251153,base,P2-R,b37e342756ac196caea5cdf7149eceb04945cdf229ba9db88d1251744749f9b0,0.0056022408963585435,0.004201680672268907,0.0,9,b37e342756ac196caea5cdf7149eceb04945cdf229ba9db88d1251744749f9b0,16205,15073,1132,0.930145,1620,759,861,0.468519,17825,15832,1993,0.888191,10674,565,4394,193,5,1,0,0,0,0,0.755814,0.068966,0.662791,2024.224,1278,383.014,2107.561
20251153,high,P0,cc43b430f102350885088794b5c89c5de3abac17f8da68f4dd953f4d01bc90be,0.0056022408963585435,0.004201680672268907,0.0,9,cc43b430f102350885088794b5c89c5de3abac17f8da68f4dd953f4d01bc90be,16205,14110,2095,0.870719,1867,269,1598,0.144081,18072,14379,3693,0.795651,9907,190,4198,79,5,0,0,0,0,0,0.5,0.03125,0.363636,4139.382,0,0.0,0.0
20251153,high,P2-R,cc43b430f102350885088794b5c89c5de3abac17f8da68f4dd953f4d01bc90be,0.0056022408963585435,0.004201680672268907,0.0,9,cc43b430f102350885088794b5c89c5de3abac17f8da68f4dd953f4d01bc90be,16205,15070,1135,0.92996,1867,887,980,0.475094,18072,15957,2115,0.882968,10658,669,4407,216,5,2,0,0,0,0,0.755814,0.174603,0.666667,1994.125,1305,385.603,2135.574
20251153,low,P0,889aa726f2c777e202a8fb20966ecdab05e95ae1be19ad49f97c630a7749b149,0.0056022408963585435,0.004201680672268907,0.0,9,889aa726f2c777e202a8fb20966ecdab05e95ae1be19ad49f97c630a7749b149,16205,14234,1971,0.878371,1343,110,1233,0.081906,17548,14344,3204,0.817415,10000,76,4229,32,5,2,0,0,0,0,0.543478,0.0,0.37037,3983.69,0,0.0,0.0
20251153,low,P2-R,889aa726f2c777e202a8fb20966ecdab05e95ae1be19ad49f97c630a7749b149,0.0056022408963585435,0.004201680672268907,0.0,9,889aa726f2c777e202a8fb20966ecdab05e95ae1be19ad49f97c630a7749b149,16205,15207,998,0.938414,1343,634,709,0.472077,17548,15841,1707,0.902724,10768,477,4434,155,5,2,0,0,0,0,0.80597,0.125,0.663462,1843.708,1273,397.83,2148.256
20251154,base,P0,910bc9b3a15dedf23192fa4cc62f071c17e53cd105c301fc91459b8325c3cb70,0.0056022408963585435,0.003734827264239029,0.0,12,910bc9b3a15dedf23192fa4cc62f071c17e53cd105c301fc91459b8325c3cb70,16205,14176,2029,0.874792,1639,183,1456,0.111653,17844,14359,3485,0.804696,9961,132,4210,51,5,0,0,0,0,0,0.511628,0.0,0.37037,4093.45,0,0.0,0.0
20251154,base,P2-R,910bc9b3a15dedf23192fa4cc62f071c17e53cd105c301fc91459b8325c3cb70,0.0056022408963585435,0.003734827264239029,0.0,12,910bc9b3a15dedf23192fa4cc62f071c17e53cd105c301fc91459b8325c3cb70,16205,15085,1120,0.930886,1639,781,858,0.47651,17844,15866,1978,0.88915,10681,591,4399,189,5,1,0,0,0,0,0.755814,0.142857,0.659091,2029.021,1257,388.0,2106.759
20251154,high,P0,a2b3f68bcaf935729c23a1745181437961da208fdcb2689c0ff5417b341bc8c8,0.0056022408963585435,0.003734827264239029,0.0,12,a2b3f68bcaf935729c23a1745181437961da208fdcb2689c0ff5417b341bc8c8,16205,14095,2110,0.869793,1920,265,1655,0.138021,18125,14360,3765,0.792276,9895,196,4195,69,5,0,0,0,0,0,0.5,0.0,0.37037,4178.843,0,0.0,0.0
20251154,high,P2-R,a2b3f68bcaf935729c23a1745181437961da208fdcb2689c0ff5417b341bc8c8,0.0056022408963585435,0.003734827264239029,0.0,12,a2b3f68bcaf935729c23a1745181437961da208fdcb2689c0ff5417b341bc8c8,16205,14954,1251,0.922802,1920,880,1040,0.458333,18125,15834,2291,0.8736,10573,671,4376,209,5,0,0,0,0,0,0.723077,0.159091,0.636364,2156.82,1237,371.04,2040.878
20251154,low,P0,e05d6762a19529176d45a6f927ec54648ed3a027523960e3a671c7101f328e73,0.0056022408963585435,0.003734827264239029,0.0,12,e05d6762a19529176d45a6f927ec54648ed3a027523960e3a671c7101f328e73,16205,14223,1982,0.877692,1372,116,1256,0.084548,17577,14339,3238,0.815782,9992,83,4226,31,5,2,0,0,0,0,0.52907,0.0,0.37037,4066.019,0,0.0,0.0
20251154,low,P2-R,e05d6762a19529176d45a6f927ec54648ed3a027523960e3a671c7101f328e73,0.0056022408963585435,0.003734827264239029,0.0,12,e05d6762a19529176d45a6f927ec54648ed3a027523960e3a671c7101f328e73,16205,15142,1063,0.934403,1372,683,689,0.497813,17577,15825,1752,0.900324,10720,525,4417,156,5,2,0,0,0,0,0.772727,0.12069,0.691489,1910.121,1257,382.107,2089.078
20251155,base,P0,a78bc61d4ac1db9080838c6c6fef6f13cb2f33152b8ddd875be3038e4c7383d5,0.0056022408963585435,0.0028011204481792717,0.0,6,a78bc61d4ac1db9080838c6c6fef6f13cb2f33152b8ddd875be3038e4c7383d5,16205,14201,2004,0.876334,1643,197,1446,0.119903,17848,14398,3450,0.806701,9987,131,4209,65,5,1,0,0,0,0,0.517241,0.0,0.363636,4008.619,0,0.0,0.0
20251155,base,P2-R,a78bc61d4ac1db9080838c6c6fef6f13cb2f33152b8ddd875be3038e4c7383d5,0.0056022408963585435,0.0028011204481792717,0.0,6,a78bc61d4ac1db9080838c6c6fef6f13cb2f33152b8ddd875be3038e4c7383d5,16205,15125,1080,0.933354,1643,844,799,0.513694,17848,15969,1879,0.894722,10700,615,4420,228,5,1,0,0,0,0,0.75,0.147059,0.679012,1855.174,1320,378.246,2124.748
20251155,high,P0,ff4011ae51b811242d270930c3f3d519281cecde92c5b1d9cce0c86ca540bc70,0.0056022408963585435,0.0028011204481792717,0.0,6,ff4011ae51b811242d270930c3f3d519281cecde92c5b1d9cce0c86ca540bc70,16205,14131,2074,0.872015,1897,264,1633,0.139167,18102,14395,3707,0.795216,9938,177,4188,87,5,0,0,0,0,0,0.488372,0.025,0.358209,4074.88,0,0.0,0.0
20251155,high,P2-R,ff4011ae51b811242d270930c3f3d519281cecde92c5b1d9cce0c86ca540bc70,0.0056022408963585435,0.0028011204481792717,0.0,6,ff4011ae51b811242d270930c3f3d519281cecde92c5b1d9cce0c86ca540bc70,16205,15049,1156,0.928664,1897,933,964,0.491829,18102,15982,2120,0.882886,10649,693,4395,240,5,0,0,0,0,0,0.763636,0.125,0.634503,2081.764,1312,394.862,2168.606
20251155,low,P0,72c4782f6e82faa3832dd8dde837bad4d8340fa8bf774be0456f4c77420f19ca,0.0056022408963585435,0.0028011204481792717,0.0,6,72c4782f6e82faa3832dd8dde837bad4d8340fa8bf774be0456f4c77420f19ca,16205,14241,1964,0.878803,1388,129,1259,0.092939,17593,14370,3223,0.816802,10011,88,4225,40,5,1,0,0,0,0,0.521739,0.0,0.383333,3964.987,0,0.0,0.0
20251155,low,P2-R,72c4782f6e82faa3832dd8dde837bad4d8340fa8bf774be0456f4c77420f19ca,0.0056022408963585435,0.0028011204481792717,0.0,6,72c4782f6e82faa3832dd8dde837bad4d8340fa8bf774be0456f4c77420f19ca,16205,15149,1056,0.934835,1388,708,680,0.510086,17593,15857,1736,0.901324,10729,543,4415,164,5,1,0,0,0,0,0.781818,0.151899,0.703704,1827.623,1267,387.628,2113.143
20251156,base,P0,51a47ded4bb956be0672d88befc52bdb34332c41af466649d1c1981776d4e7d5,0.0056022408963585435,0.004668534080298786,0.0,13,51a47ded4bb956be0672d88befc52bdb34332c41af466649d1c1981776d4e7d5,16205,14199,2006,0.876211,1678,202,1476,0.120381,17883,14401,3482,0.80529,9980,134,4214,68,5,0,0,0,0,0,0.54,0.0,0.363636,4037.303,0,0.0,0.0
20251156,base,P2-R,51a47ded4bb956be0672d88befc52bdb34332c41af466649d1c1981776d4e7d5,0.0056022408963585435,0.004668534080298786,0.0,13,51a47ded4bb956be0672d88befc52bdb34332c41af466649d1c1981776d4e7d5,16205,15063,1142,0.929528,1678,809,869,0.482122,17883,15872,2011,0.887547,10659,621,4399,188,5,0,0,0,0,0,0.772727,0.153846,0.685185,1988.475,1264,391.153,2121.467
20251156,high,P0,d1075e0e90292fbdc11915de86c99a73bf0b91cf9012c69b3e79e8f40f9d45a0,0.0056022408963585435,0.004668534080298786,0.0,13,d1075e0e90292fbdc11915de86c99a73bf0b91cf9012c69b3e79e8f40f9d45a0,16205,14149,2056,0.873126,1958,287,1671,0.146578,18163,14436,3727,0.794803,9947,193,4197,94,5,0,0,0,0,0,0.5,0.026316,0.345455,4058.593,0,0.0,0.0
20251156,high,P2-R,d1075e0e90292fbdc11915de86c99a73bf0b91cf9012c69b3e79e8f40f9d45a0,0.0056022408963585435,0.004668534080298786,0.0,13,d1075e0e90292fbdc11915de86c99a73bf0b91cf9012c69b3e79e8f40f9d45a0,16205,15020,1185,0.926874,1958,934,1024,0.477017,18163,15954,2209,0.878379,10614,707,4401,227,5,0,0,0,0,0,0.762712,0.168224,0.632768,2113.112,1285,385.585,2120.516
20251156,low,P0,47bc50e709335f5fae50416613e15d034ad182137e4a3f71c7feb07623e58f88,0.0056022408963585435,0.004668534080298786,0.0,13,47bc50e709335f5fae50416613e15d034ad182137e4a3f71c7feb07623e58f88,16205,14234,1971,0.878371,1401,126,1275,0.089936,17606,14360,3246,0.815631,10001,82,4228,44,5,0,0,0,0,0,0.532468,0.0,0.37037,3998.429,0,0.0,0.0
20251156,low,P2-R,47bc50e709335f5fae50416613e15d034ad182137e4a3f71c7feb07623e58f88,0.0056022408963585435,0.004668534080298786,0.0,13,47bc50e709335f5fae50416613e15d034ad182137e4a3f71c7feb07623e58f88,16205,15151,1054,0.934958,1401,711,690,0.507495,17606,15862,1744,0.900943,10720,533,4426,178,5,0,0,0,0,0,0.786667,0.176471,0.70122,1793.73,1278,396.954,2149.372
20251157,base,P0,240d2752cb6d46f3bc572e3873701640ba6beeb2e6aac075893db4987f4d0aa4,0.0056022408963585435,0.004201680672268907,0.0,14,240d2752cb6d46f3bc572e3873701640ba6beeb2e6aac075893db4987f4d0aa4,16205,14190,2015,0.875656,1666,199,1467,0.119448,17871,14389,3482,0.805159,9979,142,4206,57,5,0,0,0,0,0,0.521739,0.0,0.363128,4040.494,0,0.0,0.0
20251157,base,P2-R,240d2752cb6d46f3bc572e3873701640ba6beeb2e6aac075893db4987f4d0aa4,0.0056022408963585435,0.004201680672268907,0.0,14,240d2752cb6d46f3bc572e3873701640ba6beeb2e6aac075893db4987f4d0aa4,16205,15083,1122,0.930762,1666,801,865,0.480792,17871,15884,1987,0.888814,10668,619,4410,182,5,0,0,0,0,0,0.738095,0.109091,0.64881,2026.289,1279,387.224,2120.934
20251157,high,P0,56ad6037ec12f034031538ebdcacba18ab4c6f44aadff535757e8b8ccef3331c,0.0056022408963585435,0.004201680672268907,0.0,14,56ad6037ec12f034031538ebdcacba18ab4c6f44aadff535757e8b8ccef3331c,16205,14127,2078,0.871768,1944,277,1667,0.14249,18149,14404,3745,0.793653,9936,199,4186,78,5,0,0,0,0,0,0.517241,0.033333,0.354839,4108.447,0,0.0,0.0
20251157,high,P2-R,56ad6037ec12f034031538ebdcacba18ab4c6f44aadff535757e8b8ccef3331c,0.0056022408963585435,0.004201680672268907,0.0,14,56ad6037ec12f034031538ebdcacba18ab4c6f44aadff535757e8b8ccef3331c,16205,14986,1219,0.924776,1944,897,1047,0.46142,18149,15883,2266,0.875145,10594,692,4387,205,5,0,0,0,0,0,0.755814,0.122807,0.623596,2154.245,1261,383.55,2096.415
20251157,low,P0,c202c4292c741d509ec2c49ce0f98f034847ab3e3a45f7ef20b282f1da05029c,0.0056022408963585435,0.004201680672268907,0.0,14,c202c4292c741d509ec2c49ce0f98f034847ab3e3a45f7ef20b282f1da05029c,16205,14244,1961,0.878988,1365,120,1245,0.087912,17570,14364,3206,0.81753,10012,83,4227,37,5,0,0,0,0,0,0.523256,0.0,0.37037,4010.092,0,0.0,0.0
20251157,low,P2-R,c202c4292c741d509ec2c49ce0f98f034847ab3e3a45f7ef20b282f1da05029c,0.0056022408963585435,0.004201680672268907,0.0,14,c202c4292c741d509ec2c49ce0f98f034847ab3e3a45f7ef20b282f1da05029c,16205,15119,1086,0.932984,1365,670,695,0.490842,17570,15789,1781,0.898634,10700,519,4414,151,5,0,0,0,0,0,0.773333,0.1,0.693333,1981.617,1259,377.282,2076.113
20251158,base,P0,92af5d2fab35af36a54da96af19f7bde0ec0666606a0a563f991bca77cf926a2,0.0056022408963585435,0.0018674136321195146,0.0,4,92af5d2fab35af36a54da96af19f7bde0ec0666606a0a563f991bca77cf926a2,16205,14186,2019,0.875409,1633,187,1446,0.114513,17838,14373,3465,0.805752,9964,118,4217,69,5,0,0,0,0,0,0.517241,0.0,0.365385,4034.888,0,0.0,0.0
20251158,base,P2-R,92af5d2fab35af36a54da96af19f7bde0ec0666606a0a563f991bca77cf926a2,0.0056022408963585435,0.0018674136321195146,0.0,4,92af5d2fab35af36a54da96af19f7bde0ec0666606a0a563f991bca77cf926a2,16205,15094,1111,0.931441,1633,801,832,0.490508,17838,15895,1943,0.891075,10660,582,4429,219,5,0,0,0,0,0,0.784615,0.131579,0.660714,2000.305,1292,395.361,2155.091
20251158,high,P0,cccbf976f18466c2619a242be02545ca04c2c8d7131fc006ed8e9e9d4a3e2ce5,0.0056022408963585435,0.0018674136321195146,0.0,4,cccbf976f18466c2619a242be02545ca04c2c8d7131fc006ed8e9e9d4a3e2ce5,16205,14122,2083,0.871459,1941,272,1669,0.140134,18146,14394,3752,0.793233,9929,179,4188,93,5,0,0,0,0,0,0.494186,0.0,0.36036,4096.426,0,0.0,0.0
20251158,high,P2-R,cccbf976f18466c2619a242be02545ca04c2c8d7131fc006ed8e9e9d4a3e2ce5,0.0056022408963585435,0.0018674136321195146,0.0,4,cccbf976f18466c2619a242be02545ca04c2c8d7131fc006ed8e9e9d4a3e2ce5,16205,14976,1229,0.924159,1941,912,1029,0.469861,18146,15888,2258,0.875565,10582,670,4389,242,5,0,0,0,0,0,0.727273,0.119403,0.62987,2166.001,1287,391.9,2140.963
20251158,low,P0,9a361f307a58ae2c746d2ccb102f1e28e1cf1af64b7ba228c95029e45e0beb4d,0.0056022408963585435,0.0018674136321195146,0.0,4,9a361f307a58ae2c746d2ccb102f1e28e1cf1af64b7ba228c95029e45e0beb4d,16205,14236,1969,0.878494,1360,124,1236,0.091176,17565,14360,3205,0.817535,10006,73,4225,51,5,0,0,0,0,0,0.521739,0.0,0.365385,3999.662,0,0.0,0.0
20251158,low,P2-R,9a361f307a58ae2c746d2ccb102f1e28e1cf1af64b7ba228c95029e45e0beb4d,0.0056022408963585435,0.0018674136321195146,0.0,4,9a361f307a58ae2c746d2ccb102f1e28e1cf1af64b7ba228c95029e45e0beb4d,16205,15193,1012,0.93755,1360,691,669,0.508088,17565,15884,1681,0.904298,10752,514,4436,177,5,0,0,0,0,0,0.772727,0.176471,0.682927,1786.754,1296,390.539,2143.637
20251159,base,P0,674a9e40abc5ba2a380b7b498ba79384654026a3f89df7eee29688944e6422e8,0.0056022408963585435,0.0032679738562091504,0.0,7,674a9e40abc5ba2a380b7b498ba79384654026a3f89df7eee29688944e6422e8,16205,14195,2010,0.875964,1564,161,1403,0.102941,17769,14356,3413,0.807924,9979,109,4211,52,5,0,0,0,0,0,0.534483,0.0,0.363636,4037.237,0,0.0,0.0
20251159,base,P2-R,674a9e40abc5ba2a380b7b498ba79384654026a3f89df7eee29688944e6422e8,0.0056022408963585435,0.0032679738562091504,0.0,7,674a9e40abc5ba2a380b7b498ba79384654026a3f89df7eee29688944e6422e8,16205,15069,1136,0.929898,1564,754,810,0.482097,17769,15823,1946,0.890483,10658,565,4406,189,5,0,0,0,0,0,0.77907,0.137931,0.680451,2012.321,1257,388.568,2108.473
20251159,high,P0,73ef5e6e1e94177ed24b99d9c9b7ad5ca9a775af7973868a531403915ff7ec23,0.0056022408963585435,0.0032679738562091504,0.0,7,73ef5e6e1e94177ed24b99d9c9b7ad5ca9a775af7973868a531403915ff7ec23,16205,14124,2081,0.871583,1839,256,1583,0.139206,18044,14380,3664,0.796941,9934,165,4185,91,5,0,0,0,0,0,0.493333,0.027778,0.363636,4097.778,0,0.0,0.0
20251159,high,P2-R,73ef5e6e1e94177ed24b99d9c9b7ad5ca9a775af7973868a531403915ff7ec23,0.0056022408963585435,0.0032679738562091504,0.0,7,73ef5e6e1e94177ed24b99d9c9b7ad5ca9a775af7973868a531403915ff7ec23,16205,15022,1183,0.926998,1839,890,949,0.483959,18044,15912,2132,0.881844,10631,658,4386,232,5,0,0,0,0,0,0.73913,0.2,0.644068,2089.545,1271,379.314,2091.208
20251159,low,P0,35c1b009baf58dad7f4ce6c0b135665f2e5c788944a278d6886fbfb0ec35c868,0.0056022408963585435,0.0032679738562091504,0.0,7,35c1b009baf58dad7f4ce6c0b135665f2e5c788944a278d6886fbfb0ec35c868,16205,14238,1967,0.878618,1291,96,1195,0.074361,17496,14334,3162,0.819273,10004,62,4229,34,5,0,0,0,0,0,0.523256,0.0,0.37037,3993.96,0,0.0,0.0
20251159,low,P2-R,35c1b009baf58dad7f4ce6c0b135665f2e5c788944a278d6886fbfb0ec35c868,0.0056022408963585435,0.0032679738562091504,0.0,7,35c1b009baf58dad7f4ce6c0b135665f2e5c788944a278d6886fbfb0ec35c868,16205,15210,995,0.938599,1291,668,623,0.517428,17496,15878,1618,0.907522,10761,505,4444,162,5,1,0,0,0,0,0.809524,0.153846,0.717647,1787.619,1306,381.547,2124.162
20251160,base,P0,9dcaa7880b5d07397b06edfb3c9f66f51e2f893036f47b10d1db76c3f11b5f87,0.0056022408963585435,0.0032679738562091504,0.0,11,9dcaa7880b5d07397b06edfb3c9f66f51e2f893036f47b10d1db76c3f11b5f87,16205,14171,2034,0.874483,1700,187,1513,0.11,17905,14358,3547,0.801899,9962,130,4204,57,5,0,0,0,0,0,0.52,0.0,0.363636,4008.592,0,0.0,0.0
20251160,base,P2-R,9dcaa7880b5d07397b06edfb3c9f66f51e2f893036f47b10d1db76c3f11b5f87,0.0056022408963585435,0.0032679738562091504,0.0,11,9dcaa7880b5d07397b06edfb3c9f66f51e2f893036f47b10d1db76c3f11b5f87,16205,15110,1095,0.932428,1700,839,861,0.493529,17905,15949,1956,0.890757,10711,639,4394,200,5,0,0,0,0,0,0.772727,0.071429,0.684982,1990.534,1289,383.55,2117.415
20251160,high,P0,2028e0b1178715a7ed9dac4143da583d64d45ab8b3173e16aba92cff69647dcc,0.0056022408963585435,0.0032679738562091504,0.0,11,2028e0b1178715a7ed9dac4143da583d64d45ab8b3173e16aba92cff69647dcc,16205,14124,2081,0.871583,2002,286,1716,0.142857,18207,14410,3797,0.791454,9927,207,4192,79,5,0,0,0,0,0,0.5,0.0,0.354545,4087.817,0,0.0,0.0
20251160,high,P2-R,2028e0b1178715a7ed9dac4143da583d64d45ab8b3173e16aba92cff69647dcc,0.0056022408963585435,0.0032679738562091504,0.0,11,2028e0b1178715a7ed9dac4143da583d64d45ab8b3173e16aba92cff69647dcc,16205,15010,1195,0.926257,2002,937,1065,0.468032,18207,15947,2260,0.875872,10619,712,4386,225,5,0,0,0,0,0,0.709302,0.112903,0.638298,2166.926,1300,382.129,2121.396
20251160,low,P0,f33e184c1a2b73ccbdc5547c49ee825d62b2d96d06b54fdbc4d63a0135d5168a,0.0056022408963585435,0.0032679738562091504,0.0,11,f33e184c1a2b73ccbdc5547c49ee825d62b2d96d06b54fdbc4d63a0135d5168a,16205,14234,1971,0.878371,1409,120,1289,0.085167,17614,14354,3260,0.81492,10004,87,4225,33,5,0,0,0,0,0,0.532468,0.0,0.37037,3955.948,0,0.0,0.0
20251160,low,P2-R,f33e184c1a2b73ccbdc5547c49ee825d62b2d96d06b54fdbc4d63a0135d5168a,0.0056022408963585435,0.0032679738562091504,0.0,11,f33e184c1a2b73ccbdc5547c49ee825d62b2d96d06b54fdbc4d63a0135d5168a,16205,15211,994,0.938661,1409,712,697,0.505323,17614,15923,1691,0.903997,10774,539,4432,173,5,0,0,0,0,0,0.802326,0.190476,0.711111,1746.759,1287,380.918,2108.015
20251161,base,P0,85c6ddd52ed8c1a3d90e54bcd792bb9b3c93f70114ba304b9ea28a801e32ce7a,0.0056022408963585435,0.002334267040149393,0.0,7,85c6ddd52ed8c1a3d90e54bcd792bb9b3c93f70114ba304b9ea28a801e32ce7a,16205,14193,2012,0.875841,1626,177,1449,0.108856,17831,14370,3461,0.8059,9977,123,4211,54,5,0,0,0,0,0,0.532468,0.0,0.37037,4070.648,0,0.0,0.0
20251161,base,P2-R,85c6ddd52ed8c1a3d90e54bcd792bb9b3c93f70114ba304b9ea28a801e32ce7a,0.0056022408963585435,0.002334267040149393,0.0,7,85c6ddd52ed8c1a3d90e54bcd792bb9b3c93f70114ba304b9ea28a801e32ce7a,16205,15086,1119,0.930947,1626,785,841,0.48278,17831,15871,1960,0.890079,10677,589,4404,194,5,2,0,0,0,0,0.746667,0.136364,0.668571,2015.733,1280,387.109,2121.346
20251161,high,P0,240681db74dd2c170c7045fc408bdcb58c334f76d057319fb5f6b98562aa13a6,0.0056022408963585435,0.002334267040149393,0.0,7,240681db74dd2c170c7045fc408bdcb58c334f76d057319fb5f6b98562aa13a6,16205,14132,2073,0.872077,1887,262,1625,0.138845,18092,14394,3698,0.7956,9936,187,4191,75,5,0,0,0,0,0,0.511628,0.0,0.363636,4123.287,0,0.0,0.0
20251161,high,P2-R,240681db74dd2c170c7045fc408bdcb58c334f76d057319fb5f6b98562aa13a6,0.0056022408963585435,0.002334267040149393,0.0,7,240681db74dd2c170c7045fc408bdcb58c334f76d057319fb5f6b98562aa13a6,16205,15032,1173,0.927615,1887,887,1000,0.470058,18092,15919,2173,0.879892,10621,655,4406,230,5,2,0,0,0,0,0.733333,0.133333,0.647482,2159.336,1287,387.8,2128.667
20251161,low,P0,9a008cb353ace010265492bcee717d34eb04817ef6dbe15d2d10cacc59286c48,0.0056022408963585435,0.002334267040149393,0.0,7,9a008cb353ace010265492bcee717d34eb04817ef6dbe15d2d10cacc59286c48,16205,14241,1964,0.878803,1364,111,1253,0.081378,17569,14352,3217,0.816893,10011,78,4225,33,5,0,0,0,0,0,0.532468,0.0,0.385965,4035.225,0,0.0,0.0
20251161,low,P2-R,9a008cb353ace010265492bcee717d34eb04817ef6dbe15d2d10cacc59286c48,0.0056022408963585435,0.002334267040149393,0.0,7,9a008cb353ace010265492bcee717d34eb04817ef6dbe15d2d10cacc59286c48,16205,15146,1059,0.93465,1364,672,692,0.492669,17569,15818,1751,0.900336,10729,495,4412,175,5,2,0,0,0,0,0.785714,0.12069,0.68595,1989.031,1258,389.776,2112.842
20251162,base,P0,fbcd709f08cbfa6833f5612039083ac10a9616561bb93887b76971ba83038b15,0.0056022408963585435,0.002334267040149393,0.0,5,fbcd709f08cbfa6833f5612039083ac10a9616561bb93887b76971ba83038b15,16205,14202,2003,0.876396,1669,175,1494,0.104853,17874,14377,3497,0.804353,9983,118,4214,57,5,0,0,0,0,0,0.522388,0.0,0.363636,4065.383,0,0.0,0.0
20251162,base,P2-R,fbcd709f08cbfa6833f5612039083ac10a9616561bb93887b76971ba83038b15,0.0056022408963585435,0.002334267040149393,0.0,5,fbcd709f08cbfa6833f5612039083ac10a9616561bb93887b76971ba83038b15,16205,15085,1120,0.930886,1669,755,914,0.452367,17874,15840,2034,0.886203,10667,578,4413,176,5,1,0,0,0,0,0.746269,0.076923,0.661538,2017.996,1256,399.346,2140.05
20251162,high,P0,6ca6ec32376f3a1fa2f66693a63b8b2cabf296fbbe4ea41817aca7c569262e5b,0.0056022408963585435,0.002334267040149393,0.0,5,6ca6ec32376f3a1fa2f66693a63b8b2cabf296fbbe4ea41817aca7c569262e5b,16205,14142,2063,0.872694,1957,267,1690,0.136433,18162,14409,3753,0.79336,9934,197,4203,70,5,0,0,0,0,0,0.522388,0.025641,0.353846,4145.99,0,0.0,0.0
20251162,high,P2-R,6ca6ec32376f3a1fa2f66693a63b8b2cabf296fbbe4ea41817aca7c569262e5b,0.0056022408963585435,0.002334267040149393,0.0,5,6ca6ec32376f3a1fa2f66693a63b8b2cabf296fbbe4ea41817aca7c569262e5b,16205,14999,1206,0.925579,1957,924,1033,0.472151,18162,15923,2239,0.876721,10591,708,4403,215,5,1,0,0,0,0,0.738372,0.141593,0.633333,2116.61,1296,399.652,2170.969
20251162,low,P0,1418cd5b6a02f6f2d48a458a60f4240d23a417df0ab5da65d92d6c3303495f2c,0.0056022408963585435,0.002334267040149393,0.0,5,1418cd5b6a02f6f2d48a458a60f4240d23a417df0ab5da65d92d6c3303495f2c,16205,14258,1947,0.879852,1393,111,1282,0.079684,17598,14369,3229,0.816513,10024,77,4229,33,5,1,0,0,0,0,0.532468,0.0,0.37037,4005.424,0,0.0,0.0
20251162,low,P2-R,1418cd5b6a02f6f2d48a458a60f4240d23a417df0ab5da65d92d6c3303495f2c,0.0056022408963585435,0.002334267040149393,0.0,5,1418cd5b6a02f6f2d48a458a60f4240d23a417df0ab5da65d92d6c3303495f2c,16205,15144,1061,0.934526,1393,677,716,0.486001,17598,15821,1777,0.899023,10711,514,4428,162,5,1,0,0,0,0,0.76,0.096386,0.688679,1953.305,1253,406.592,2159.54
20251163,base,P0,b6155d8acbb5007d7b9591234d3029a9f04fb5ce36e9cdfda826ade52cf90f82,0.0056022408963585435,0.003734827264239029,0.0,9,b6155d8acbb5007d7b9591234d3029a9f04fb5ce36e9cdfda826ade52cf90f82,16205,14216,1989,0.87726,1646,190,1456,0.115431,17851,14406,3445,0.807014,9997,131,4214,59,5,0,0,0,0,0,0.517241,0.0,0.363636,3998.977,0,0.0,0.0
20251163,base,P2-R,b6155d8acbb5007d7b9591234d3029a9f04fb5ce36e9cdfda826ade52cf90f82,0.0056022408963585435,0.003734827264239029,0.0,9,b6155d8acbb5007d7b9591234d3029a9f04fb5ce36e9cdfda826ade52cf90f82,16205,15111,1094,0.93249,1646,835,811,0.50729,17851,15946,1905,0.893283,10680,646,4426,189,5,0,0,0,0,0,0.776119,0.192308,0.687861,1920.55,1320,380.076,2130.242
20251163,high,P0,26d50ccc6bc0826bf4101724c329b1b56bf896c8eb4537b42fa7f38febe6efdb,0.0056022408963585435,0.003734827264239029,0.0,9,26d50ccc6bc0826bf4101724c329b1b56bf896c8eb4537b42fa7f38febe6efdb,16205,14155,2050,0.873496,1947,273,1674,0.140216,18152,14428,3724,0.794844,9954,207,4196,66,5,0,0,0,0,0,0.506494,0.0,0.366972,4085.851,0,0.0,0.0
20251163,high,P2-R,26d50ccc6bc0826bf4101724c329b1b56bf896c8eb4537b42fa7f38febe6efdb,0.0056022408963585435,0.003734827264239029,0.0,9,26d50ccc6bc0826bf4101724c329b1b56bf896c8eb4537b42fa7f38febe6efdb,16205,14973,1232,0.923974,1947,905,1042,0.464818,18152,15878,2274,0.874725,10574,693,4394,212,5,0,0,0,0,0,0.714286,0.089286,0.609375,2172.614,1248,388.854,2102.575
20251163,low,P0,b3d00848b93bbd2e35d605728231099e38c9088ee4d1e3f9c8d75b11bbcd42cb,0.0056022408963585435,0.003734827264239029,0.0,9,b3d00848b93bbd2e35d605728231099e38c9088ee4d1e3f9c8d75b11bbcd42cb,16205,14249,1956,0.879297,1370,131,1239,0.09562,17575,14380,3195,0.818208,10013,89,4231,42,5,0,0,0,0,0,0.517241,0.0,0.369318,3984.949,0,0.0,0.0
20251163,low,P2-R,b3d00848b93bbd2e35d605728231099e38c9088ee4d1e3f9c8d75b11bbcd42cb,0.0056022408963585435,0.003734827264239029,0.0,9,b3d00848b93bbd2e35d605728231099e38c9088ee4d1e3f9c8d75b11bbcd42cb,16205,15182,1023,0.936871,1370,720,650,0.525547,17575,15902,1673,0.904808,10741,554,4436,166,5,0,0,0,0,0,0.761905,0.25,0.659341,1766.644,1282,382.866,2110.115
20251164,base,P0,7b2d88753ac7935ba875b56ffa1d629d7b5a8a42428f0c1780ff5b6609615579,0.0056022408963585435,0.0032679738562091504,0.0,9,7b2d88753ac7935ba875b56ffa1d629d7b5a8a42428f0c1780ff5b6609615579,16205,14165,2040,0.874113,1659,202,1457,0.12176,17864,14367,3497,0.804243,9952,145,4208,56,5,1,0,0,0,0,0.5,0.0,0.365385,4062.008,0,0.0,0.0
20251164,base,P2-R,7b2d88753ac7935ba875b56ffa1d629d7b5a8a42428f0c1780ff5b6609615579,0.0056022408963585435,0.0032679738562091504,0.0,9,7b2d88753ac7935ba875b56ffa1d629d7b5a8a42428f0c1780ff5b6609615579,16205,15043,1162,0.928294,1659,825,834,0.497288,17864,15868,1996,0.888267,10640,645,4398,179,5,1,0,0,0,0,0.76,0.114754,0.659091,2042.15,1247,390.78,2107.607
20251164,high,P0,2460839208a864271d6b438d8a932ffd3a1683e5e1b1d5d11e661fc1f3341370,0.0056022408963585435,0.0032679738562091504,0.0,9,2460839208a864271d6b438d8a932ffd3a1683e5e1b1d5d11e661fc1f3341370,16205,14107,2098,0.870534,1948,290,1658,0.148871,18153,14397,3756,0.793092,9912,213,4190,77,5,0,0,0,0,0,0.477273,0.0,0.363636,4082.608,0,0.0,0.0
20251164,high,P2-R,2460839208a864271d6b438d8a932ffd3a1683e5e1b1d5d11e661fc1f3341370,0.0056022408963585435,0.0032679738562091504,0.0,9,2460839208a864271d6b438d8a932ffd3a1683e5e1b1d5d11e661fc1f3341370,16205,14983,1222,0.924591,1948,942,1006,0.483573,18153,15925,2228,0.877265,10598,736,4380,204,5,2,0,0,0,0,0.727273,0.125,0.644444,2223.556,1239,386.877,2089.888
20251164,low,P0,59b350b52e5e4a85e2f351f1fc8e7e07169d3a6a7d202f490b07484028852104,0.0056022408963585435,0.0032679738562091504,0.0,9,59b350b52e5e4a85e2f351f1fc8e7e07169d3a6a7d202f490b07484028852104,16205,14216,1989,0.87726,1391,135,1256,0.097052,17596,14351,3245,0.815583,9991,102,4220,32,5,1,0,0,0,0,0.521739,0.0,0.37037,4038.467,0,0.0,0.0
20251164,low,P2-R,59b350b52e5e4a85e2f351f1fc8e7e07169d3a6a7d202f490b07484028852104,0.0056022408963585435,0.0032679738562091504,0.0,9,59b350b52e5e4a85e2f351f1fc8e7e07169d3a6a7d202f490b07484028852104,16205,15196,1009,0.937735,1391,726,665,0.521927,17596,15922,1674,0.904865,10751,577,4440,147,5,2,0,0,0,0,0.786667,0.15493,0.715415,1845.284,1271,398.024,2147.337
20251165,base,P0,9b1baac0cc77475e7bc4cb9da7cd083a50a42250fdf1a2f8a7c0526a26c93033,0.0056022408963585435,0.004201680672268907,0.0,10,9b1baac0cc77475e7bc4cb9da7cd083a50a42250fdf1a2f8a7c0526a26c93033,16205,14203,2002,0.876458,1650,182,1468,0.110303,17855,14385,3470,0.805657,9991,123,4207,58,5,1,0,0,0,0,0.532468,0.0,0.363636,4043.187,0,0.0,0.0
20251165,base,P2-R,9b1baac0cc77475e7bc4cb9da7cd083a50a42250fdf1a2f8a7c0526a26c93033,0.0056022408963585435,0.004201680672268907,0.0,10,9b1baac0cc77475e7bc4cb9da7cd083a50a42250fdf1a2f8a7c0526a26c93033,16205,15062,1143,0.929466,1650,800,850,0.484848,17855,15862,1993,0.888379,10652,614,4405,185,5,1,0,0,0,0,0.781818,0.106061,0.661538,1963.621,1275,392.244,2132.996
20251165,high,P0,2b0eb3402e5a8f8e2a763881d0c7abeb7c2b9bd53c3940c859e5bcec0dde9c29,0.0056022408963585435,0.004201680672268907,0.0,10,2b0eb3402e5a8f8e2a763881d0c7abeb7c2b9bd53c3940c859e5bcec0dde9c29,16205,14143,2062,0.872755,1900,260,1640,0.136842,18105,14403,3702,0.795526,9949,175,4189,84,5,1,0,0,0,0,0.532468,0.015385,0.363636,4084.796,0,0.0,0.0
20251165,high,P2-R,2b0eb3402e5a8f8e2a763881d0c7abeb7c2b9bd53c3940c859e5bcec0dde9c29,0.0056022408963585435,0.004201680672268907,0.0,10,2b0eb3402e5a8f8e2a763881d0c7abeb7c2b9bd53c3940c859e5bcec0dde9c29,16205,15020,1185,0.926874,1900,913,987,0.480526,18105,15933,2172,0.880033,10622,700,4393,212,5,1,0,0,0,0,0.763636,0.130435,0.648352,2064.173,1286,401.841,2170.041
20251165,low,P0,d1f46835be2c47a70f32a4f9ef50dc5cd839eaf098b6d4c28e72fd01df99606c,0.0056022408963585435,0.004201680672268907,0.0,10,d1f46835be2c47a70f32a4f9ef50dc5cd839eaf098b6d4c28e72fd01df99606c,16205,14253,1952,0.879543,1383,110,1273,0.079537,17588,14363,3225,0.816636,10023,75,4225,34,5,1,0,0,0,0,0.532468,0.0,0.37037,4015.724,0,0.0,0.0
20251165,low,P2-R,d1f46835be2c47a70f32a4f9ef50dc5cd839eaf098b6d4c28e72fd01df99606c,0.0056022408963585435,0.004201680672268907,0.0,10,d1f46835be2c47a70f32a4f9ef50dc5cd839eaf098b6d4c28e72fd01df99606c,16205,15120,1085,0.933045,1383,683,700,0.493854,17588,15803,1785,0.89851,10699,525,4416,157,5,1,0,0,0,0,0.772727,0.098361,0.690909,1860.551,1271,383.544,2103.9
20251166,base,P0,40346cd6c02b69b8eec3e40b4e8ceaccfec00be17d4864470136da4942b2a2f8,0.0056022408963585435,0.0032679738562091504,0.0,11,40346cd6c02b69b8eec3e40b4e8ceaccfec00be17d4864470136da4942b2a2f8,16205,14202,2003,0.876396,1656,192,1464,0.115942,17861,14394,3467,0.80589,9987,132,4210,60,5,0,0,0,0,0,0.52907,0.0,0.363636,4031.96,0,0.0,0.0
20251166,base,P2-R,40346cd6c02b69b8eec3e40b4e8ceaccfec00be17d4864470136da4942b2a2f8,0.0056022408963585435,0.0032679738562091504,0.0,11,40346cd6c02b69b8eec3e40b4e8ceaccfec00be17d4864470136da4942b2a2f8,16205,15094,1111,0.931441,1656,805,851,0.486111,17861,15899,1962,0.890152,10682,608,4406,197,6,0,0,0,0,0,0.769231,0.126761,0.692308,1962.526,1270,399.035,2149.62
20251166,high,P0,05985d33e740b7e878a17518d49be8daa2cf1b04bfd7128c86a0f17a24916e63,0.0056022408963585435,0.0032679738562091504,0.0,11,05985d33e740b7e878a17518d49be8daa2cf1b04bfd7128c86a0f17a24916e63,16205,14112,2093,0.870842,1948,278,1670,0.14271,18153,14390,3763,0.792706,9919,197,4188,81,5,0,0,0,0,0,0.505814,0.0,0.369231,4146.38,0,0.0,0.0
20251166,high,P2-R,05985d33e740b7e878a17518d49be8daa2cf1b04bfd7128c86a0f17a24916e63,0.0056022408963585435,0.0032679738562091504,0.0,11,05985d33e740b7e878a17518d49be8daa2cf1b04bfd7128c86a0f17a24916e63,16205,15015,1190,0.926566,1948,923,1025,0.473819,18153,15938,2215,0.877982,10614,698,4396,225,5,0,0,0,0,0,0.732558,0.142857,0.637363,2129.413,1297,396.624,2162.63
20251166,low,P0,441adee03f3e97d43df2086fe8be43bf23601f9acc9d616fb34f2c4f523bdf74,0.0056022408963585435,0.0032679738562091504,0.0,11,441adee03f3e97d43df2086fe8be43bf23601f9acc9d616fb34f2c4f523bdf74,16205,14248,1957,0.879235,1353,115,1238,0.084996,17558,14363,3195,0.818032,10018,79,4225,36,5,0,0,0,0,0,0.534483,0.0,0.37037,4029.624,0,0.0,0.0
20251166,low,P2-R,441adee03f3e97d43df2086fe8be43bf23601f9acc9d616fb34f2c4f523bdf74,0.0056022408963585435,0.0032679738562091504,0.0,11,441adee03f3e97d43df2086fe8be43bf23601f9acc9d616fb34f2c4f523bdf74,16205,15173,1032,0.936316,1353,695,658,0.513673,17558,15868,1690,0.903748,10735,544,4432,151,6,0,0,0,0,0,0.790698,0.111111,0.704918,1851.424,1258,408.695,2169.608
20251167,base,P0,2d99a87e387039225621521c6e30ef38454c0b21e0602c305eba338002e707f4,0.0056022408963585435,0.003734827264239029,0.0,8,2d99a87e387039225621521c6e30ef38454c0b21e0602c305eba338002e707f4,16205,14182,2023,0.875162,1634,178,1456,0.108935,17839,14360,3479,0.804978,9968,122,4209,56,5,0,0,0,0,0,0.532468,0.0,0.365169,4070.082,0,0.0,0.0
20251167,base,P2-R,2d99a87e387039225621521c6e30ef38454c0b21e0602c305eba338002e707f4,0.0056022408963585435,0.003734827264239029,0.0,8,2d99a87e387039225621521c6e30ef38454c0b21e0602c305eba338002e707f4,16205,15128,1077,0.933539,1634,790,844,0.483476,17839,15918,1921,0.892315,10703,616,4420,173,5,1,0,0,0,0,0.784946,0.166667,0.674419,1934.238,1293,395.442,2156.098
20251167,high,P0,ce55b89d4ff4d438b46ad9121e7bb6894721f98fc2e37ae9ac7242d9cc36ee3f,0.0056022408963585435,0.003734827264239029,0.0,8,ce55b89d4ff4d438b46ad9121e7bb6894721f98fc2e37ae9ac7242d9cc36ee3f,16205,14127,2078,0.871768,1890,257,1633,0.135979,18095,14384,3711,0.794916,9926,173,4196,84,5,0,0,0,0,0,0.519481,0.0,0.369231,4115.196,0,0.0,0.0
20251167,high,P2-R,ce55b89d4ff4d438b46ad9121e7bb6894721f98fc2e37ae9ac7242d9cc36ee3f,0.0056022408963585435,0.003734827264239029,0.0,8,ce55b89d4ff4d438b46ad9121e7bb6894721f98fc2e37ae9ac7242d9cc36ee3f,16205,14999,1206,0.925579,1890,905,985,0.478836,18095,15904,2191,0.878917,10608,692,4386,213,5,0,0,0,0,0,0.76,0.166667,0.643617,2113.671,1303,377.448,2109.608
20251167,low,P0,18e42201b3c69aa9f25d82acba0da2cf0506f4eb319c9515e235a4d684fb09d2,0.0056022408963585435,0.003734827264239029,0.0,8,18e42201b3c69aa9f25d82acba0da2cf0506f4eb319c9515e235a4d684fb09d2,16205,14244,1961,0.878988,1358,110,1248,0.081001,17563,14354,3209,0.817286,10007,73,4232,37,5,0,0,0,0,0,0.521739,0.0,0.37037,4014.688,0,0.0,0.0
20251167,low,P2-R,18e42201b3c69aa9f25d82acba0da2cf0506f4eb319c9515e235a4d684fb09d2,0.0056022408963585435,0.003734827264239029,0.0,8,18e42201b3c69aa9f25d82acba0da2cf0506f4eb319c9515e235a4d684fb09d2,16205,15199,1006,0.93792,1358,682,676,0.502209,17563,15881,1682,0.90423,10749,535,4445,147,5,0,0,0,0,0,0.809524,0.212121,0.704918,1820.785,1299,391.537,2148.88
20251168,base,P0,415e82379f09ff877ec2e60b1a37a0cbb58c2c0b7ac0f3df8a9d33176f420a77,0.0056022408963585435,0.004668534080298786,0.0,10,415e82379f09ff877ec2e60b1a37a0cbb58c2c0b7ac0f3df8a9d33176f420a77,16205,14196,2009,0.876026,1602,176,1426,0.109863,17807,14372,3435,0.807098,9977,121,4213,55,6,0,0,0,0,0,0.532468,0.0,0.363636,4044.03,0,0.0,0.0
20251168,base,P2-R,415e82379f09ff877ec2e60b1a37a0cbb58c2c0b7ac0f3df8a9d33176f420a77,0.0056022408963585435,0.004668534080298786,0.0,10,415e82379f09ff877ec2e60b1a37a0cbb58c2c0b7ac0f3df8a9d33176f420a77,16205,15089,1116,0.931132,1602,816,786,0.509363,17807,15905,1902,0.893188,10675,634,4408,182,6,0,0,0,0,0,0.762712,0.069767,0.65,2006.885,1271,398.93,2150.054
20251168,high,P0,c29c27ad742ebfc4ae28e99c85dc2ae1e73f96c55e36cbce7a2fb149f720538b,0.0056022408963585435,0.004668534080298786,0.0,10,c29c27ad742ebfc4ae28e99c85dc2ae1e73f96c55e36cbce7a2fb149f720538b,16205,14103,2102,0.870287,1902,277,1625,0.145636,18107,14380,3727,0.794168,9904,199,4193,78,6,0,0,0,0,0,0.5,0.030303,0.37037,4123.895,0,0.0,0.0
20251168,high,P2-R,c29c27ad742ebfc4ae28e99c85dc2ae1e73f96c55e36cbce7a2fb149f720538b,0.0056022408963585435,0.004668534080298786,0.0,10,c29c27ad742ebfc4ae28e99c85dc2ae1e73f96c55e36cbce7a2fb149f720538b,16205,15028,1177,0.927368,1902,940,962,0.494217,18107,15968,2139,0.881869,10632,710,4390,230,6,0,0,0,0,0,0.744186,0.166667,0.636364,2126.758,1303,403.59,2188.036
20251168,low,P0,63a28ba1547d27939c019dd6f69a8820b2383b87e39066776724f0dd789b121e,0.0056022408963585435,0.004668534080298786,0.0,10,63a28ba1547d27939c019dd6f69a8820b2383b87e39066776724f0dd789b121e,16205,14223,1982,0.877692,1357,121,1236,0.089167,17562,14344,3218,0.816763,9993,86,4225,35,5,0,0,0,0,0,0.543478,0.0,0.364641,4019.723,0,0.0,0.0
20251168,low,P2-R,63a28ba1547d27939c019dd6f69a8820b2383b87e39066776724f0dd789b121e,0.0056022408963585435,0.004668534080298786,0.0,10,63a28ba1547d27939c019dd6f69a8820b2383b87e39066776724f0dd789b121e,16205,15201,1004,0.938044,1357,683,674,0.503316,17562,15884,1678,0.904453,10754,543,4442,140,5,0,0,0,0,0,0.77907,0.157143,0.696498,1854.697,1274,376.723,2085.683
20251169,base,P0,7df4552567619e4772b8265ba654f812ea57e70a7be4212c40dbd2ad1b9d6385,0.0056022408963585435,0.003734827264239029,0.0,8,7df4552567619e4772b8265ba654f812ea57e70a7be4212c40dbd2ad1b9d6385,16205,14202,2003,0.876396,1613,179,1434,0.110973,17818,14381,3437,0.807105,9979,132,4218,47,5,0,0,0,0,0,0.532468,0.0,0.363636,4063.543,0,0.0,0.0
20251169,base,P2-R,7df4552567619e4772b8265ba654f812ea57e70a7be4212c40dbd2ad1b9d6385,0.0056022408963585435,0.003734827264239029,0.0,8,7df4552567619e4772b8265ba654f812ea57e70a7be4212c40dbd2ad1b9d6385,16205,15094,1111,0.931441,1613,800,813,0.49597,17818,15894,1924,0.892019,10679,623,4410,177,5,0,0,0,0,0,0.773333,0.066667,0.6875,1960.183,1313,381.295,2128.649
20251169,high,P0,44eec1cdf5aff2024d2583da30f2cf22d7750815576f457bd2bb8883750326a0,0.0056022408963585435,0.003734827264239029,0.0,8,44eec1cdf5aff2024d2583da30f2cf22d7750815576f457bd2bb8883750326a0,16205,14133,2072,0.872138,1876,257,1619,0.136994,18081,14390,3691,0.795863,9931,186,4197,71,5,0,0,0,0,0,0.506494,0.0,0.363636,4109.021,0,0.0,0.0
20251169,high,P2-R,44eec1cdf5aff2024d2583da30f2cf22d7750815576f457bd2bb8883750326a0,0.0056022408963585435,0.003734827264239029,0.0,8,44eec1cdf5aff2024d2583da30f2cf22d7750815576f457bd2bb8883750326a0,16205,14990,1215,0.925023,1876,896,980,0.477612,18081,15886,2195,0.878602,10594,690,4391,206,5,0,0,0,0,0,0.761628,0.08642,0.635838,2111.747,1284,382.643,2110.944
20251169,low,P0,4c33b0f77ec05f59cabbbf4d3fcff5e757c14c5953263977c115ca1897f632af,0.0056022408963585435,0.003734827264239029,0.0,8,4c33b0f77ec05f59cabbbf4d3fcff5e757c14c5953263977c115ca1897f632af,16205,14247,1958,0.879173,1344,108,1236,0.080357,17549,14355,3194,0.817995,10010,74,4232,34,5,0,0,0,0,0,0.521739,0.0,0.395062,4039.272,0,0.0,0.0
20251169,low,P2-R,4c33b0f77ec05f59cabbbf4d3fcff5e757c14c5953263977c115ca1897f632af,0.0056022408963585435,0.003734827264239029,0.0,8,4c33b0f77ec05f59cabbbf4d3fcff5e757c14c5953263977c115ca1897f632af,16205,15148,1057,0.934773,1344,679,665,0.505208,17549,15827,1722,0.901875,10708,512,4435,167,5,0,0,0,0,0,0.772727,0.166667,0.697674,1773.565,1281,386.671,2120.777
20251170,base,P0,207ad6e3178270e4ccda4506facd14ecb28c1969ffdec250bac9e1807515ead0,0.0056022408963585435,0.0028011204481792717,0.0,7,207ad6e3178270e4ccda4506facd14ecb28c1969ffdec250bac9e1807515ead0,16205,14188,2017,0.875532,1652,174,1478,0.105327,17857,14362,3495,0.804278,9965,122,4218,52,5,0,0,0,0,0,0.534483,0.0,0.372549,4064.839,0,0.0,0.0
20251170,base,P2-R,207ad6e3178270e4ccda4506facd14ecb28c1969ffdec250bac9e1807515ead0,0.0056022408963585435,0.0028011204481792717,0.0,7,207ad6e3178270e4ccda4506facd14ecb28c1969ffdec250bac9e1807515ead0,16205,15092,1113,0.931317,1652,813,839,0.492131,17857,15905,1952,0.890687,10668,631,4419,182,5,0,0,0,0,0,0.772727,0.142857,0.661538,2027.754,1299,381.844,2119.799
20251170,high,P0,3b7df19e7d1c1a02f4450e8461d82b9035ef5694c76654be82c9b5b693b2d212,0.0056022408963585435,0.0028011204481792717,0.0,7,3b7df19e7d1c1a02f4450e8461d82b9035ef5694c76654be82c9b5b693b2d212,16205,14109,2096,0.870657,1942,257,1685,0.132338,18147,14366,3781,0.791646,9915,177,4189,80,5,0,0,0,0,0,0.5,0.027027,0.369231,4142.947,0,0.0,0.0
20251170,high,P2-R,3b7df19e7d1c1a02f4450e8461d82b9035ef5694c76654be82c9b5b693b2d212,0.0056022408963585435,0.0028011204481792717,0.0,7,3b7df19e7d1c1a02f4450e8461d82b9035ef5694c76654be82c9b5b693b2d212,16205,15025,1180,0.927183,1942,916,1026,0.471679,18147,15941,2206,0.878437,10633,705,4387,211,5,0,0,0,0,0,0.727273,0.125,0.636364,2085.035,1286,381.535,2109.12
20251170,low,P0,2bd72e08a268b577ccefced660c069d5077028545b85ec5ddd7924e123e7a0e6,0.0056022408963585435,0.0028011204481792717,0.0,7,2bd72e08a268b577ccefced660c069d5077028545b85ec5ddd7924e123e7a0e6,16205,14239,1966,0.878679,1387,111,1276,0.080029,17592,14350,3242,0.815712,10007,77,4227,34,5,0,0,0,0,0,0.540698,0.0,0.37931,4013.052,0,0.0,0.0
20251170,low,P2-R,2bd72e08a268b577ccefced660c069d5077028545b85ec5ddd7924e123e7a0e6,0.0056022408963585435,0.0028011204481792717,0.0,7,2bd72e08a268b577ccefced660c069d5077028545b85ec5ddd7924e123e7a0e6,16205,15122,1083,0.933169,1387,698,689,0.503244,17592,15820,1772,0.899272,10683,546,4434,152,5,0,0,0,0,0,0.745763,0.083333,0.682171,1916.719,1292,378.74,2105.237
20251171,base,P0,e57f642e31e63f86e000a3465af8457089ddb5f343067762302b0c8167ab6b10,0.0056022408963585435,0.005135387488328665,0.0,11,e57f642e31e63f86e000a3465af8457089ddb5f343067762302b0c8167ab6b10,16205,14192,2013,0.875779,1645,207,1438,0.125836,17850,14399,3451,0.806667,9976,149,4211,58,5,0,0,0,0,0,0.517241,0.0,0.37037,4052.179,0,0.0,0.0
20251171,base,P2-R,e57f642e31e63f86e000a3465af8457089ddb5f343067762302b0c8167ab6b10,0.0056022408963585435,0.005135387488328665,0.0,11,e57f642e31e63f86e000a3465af8457089ddb5f343067762302b0c8167ab6b10,16205,15055,1150,0.929034,1645,815,830,0.495441,17850,15870,1980,0.889076,10654,618,4396,196,5,1,0,0,0,0,0.78453,0.1,0.674419,2024.697,1261,388.065,2109.952
20251171,high,P0,62f6c8379c958e8cfe185246d11d4740fff527ac9029b33911808a0946fa4c35,0.0056022408963585435,0.005135387488328665,0.0,11,62f6c8379c958e8cfe185246d11d4740fff527ac9029b33911808a0946fa4c35,16205,14118,2087,0.871213,1889,284,1605,0.150344,18094,14402,3692,0.795954,9930,208,4183,76,5,0,0,0,0,0,0.517241,0.023256,0.358974,4134.692,0,0.0,0.0
20251171,high,P2-R,62f6c8379c958e8cfe185246d11d4740fff527ac9029b33911808a0946fa4c35,0.0056022408963585435,0.005135387488328665,0.0,11,62f6c8379c958e8cfe185246d11d4740fff527ac9029b33911808a0946fa4c35,16205,14950,1255,0.922555,1889,911,978,0.482266,18094,15861,2233,0.876589,10573,692,4372,219,5,0,0,0,0,0,0.738372,0.138889,0.640625,2160.715,1255,382.021,2087.328
20251171,low,P0,8ac6b0c2cf8fc60d2f5c052ad4cfd13b395d6deb362baee766337d5ef3c6b62e,0.0056022408963585435,0.005135387488328665,0.0,11,8ac6b0c2cf8fc60d2f5c052ad4cfd13b395d6deb362baee766337d5ef3c6b62e,16205,14241,1964,0.878803,1351,117,1234,0.086603,17556,14358,3198,0.81784,10011,81,4225,36,5,0,0,0,0,0,0.534884,0.0,0.382114,4022.28,0,0.0,0.0
20251171,low,P2-R,8ac6b0c2cf8fc60d2f5c052ad4cfd13b395d6deb362baee766337d5ef3c6b62e,0.0056022408963585435,0.005135387488328665,0.0,11,8ac6b0c2cf8fc60d2f5c052ad4cfd13b395d6deb362baee766337d5ef3c6b62e,16205,15190,1015,0.937365,1351,679,672,0.502591,17556,15869,1687,0.903907,10744,519,4441,159,5,1,0,0,0,0,0.773256,0.074074,0.682353,1876.702,1258,381.204,2087.122
20251172,base,P0,3db612b2c2b271f8e55fe6d1b16c01aa1e752c7e4cbc233d8dcc956fa6d6bf2b,0.0056022408963585435,0.002334267040149393,0.0,6,3db612b2c2b271f8e55fe6d1b16c01aa1e752c7e4cbc233d8dcc956fa6d6bf2b,16205,14160,2045,0.873804,1626,192,1434,0.118081,17831,14352,3479,0.80489,9950,133,4205,59,5,0,0,0,0,0,0.511628,0.0,0.372549,4091.786,0,0.0,0.0
20251172,base,P2-R,3db612b2c2b271f8e55fe6d1b16c01aa1e752c7e4cbc233d8dcc956fa6d6bf2b,0.0056022408963585435,0.002334267040149393,0.0,6,3db612b2c2b271f8e55fe6d1b16c01aa1e752c7e4cbc233d8dcc956fa6d6bf2b,16205,15057,1148,0.929158,1626,802,824,0.493235,17831,15859,1972,0.889406,10652,614,4400,188,5,0,0,0,0,0,0.786667,0.153846,0.666667,2066.372,1248,392.029,2112.099
20251172,high,P0,7aca11a2afbae537fe495a7f8760b3c45b0acb11606cfb5ab43c1dad5f1edc25,0.0056022408963585435,0.002334267040149393,0.0,6,7aca11a2afbae537fe495a7f8760b3c45b0acb11606cfb5ab43c1dad5f1edc25,16205,14119,2086,0.871274,1885,272,1613,0.144297,18090,14391,3699,0.795522,9921,190,4193,82,5,0,0,0,0,0,0.517241,0.0,0.363636,4135.521,0,0.0,0.0
20251172,high,P2-R,7aca11a2afbae537fe495a7f8760b3c45b0acb11606cfb5ab43c1dad5f1edc25,0.0056022408963585435,0.002334267040149393,0.0,6,7aca11a2afbae537fe495a7f8760b3c45b0acb11606cfb5ab43c1dad5f1edc25,16205,14994,1211,0.92527,1885,932,953,0.49443,18090,15926,2164,0.880376,10613,718,4376,214,5,0,0,0,0,0,0.744186,0.166667,0.630435,2158.592,1282,381.524,2106.082
20251172,low,P0,fb5b9b305716cad990dec156392224155d3016c9e7581da27c9c58e10588f060,0.0056022408963585435,0.002334267040149393,0.0,6,fb5b9b305716cad990dec156392224155d3016c9e7581da27c9c58e10588f060,16205,14246,1959,0.879111,1338,110,1228,0.082212,17543,14356,3187,0.818332,10009,76,4232,34,5,0,0,0,0,0,0.52907,0.0,0.382716,4035.86,0,0.0,0.0
20251172,low,P2-R,fb5b9b305716cad990dec156392224155d3016c9e7581da27c9c58e10588f060,0.0056022408963585435,0.002334267040149393,0.0,6,fb5b9b305716cad990dec156392224155d3016c9e7581da27c9c58e10588f060,16205,15164,1041,0.935761,1338,669,669,0.5,17543,15833,1710,0.902525,10737,520,4422,149,5,0,0,0,0,0,0.779661,0.155172,0.697674,1872.86,1261,376.113,2074.091
20251173,base,P0,f1f6f4debd54fb47d4d9a6fe5138b5242a29052795aa63aa0ee2014afce33e58,0.0056022408963585435,0.002334267040149393,0.0,7,f1f6f4debd54fb47d4d9a6fe5138b5242a29052795aa63aa0ee2014afce33e58,16205,14203,2002,0.876458,1621,187,1434,0.115361,17826,14390,3436,0.807248,9986,134,4211,53,6,0,0,0,0,0,0.517241,0.0,0.365385,4038.794,0,0.0,0.0
20251173,base,P2-R,f1f6f4debd54fb47d4d9a6fe5138b5242a29052795aa63aa0ee2014afce33e58,0.0056022408963585435,0.002334267040149393,0.0,7,f1f6f4debd54fb47d4d9a6fe5138b5242a29052795aa63aa0ee2014afce33e58,16205,15117,1088,0.93286,1621,786,835,0.484886,17826,15903,1923,0.892124,10690,622,4421,163,6,1,0,0,0,0,0.761905,0.121212,0.65896,1963.588,1275,376.17,2084.776
20251173,high,P0,a1ef47e98af5cf11e5db740b6d525e34b9d3be2fdc8b7ba269e780cb6a939590,0.0056022408963585435,0.002334267040149393,0.0,7,a1ef47e98af5cf11e5db740b6d525e34b9d3be2fdc8b7ba269e780cb6a939590,16205,14145,2060,0.872879,1911,285,1626,0.149137,18116,14430,3686,0.796533,9941,212,4198,73,6,0,0,0,0,0,0.5,0.027778,0.382716,4043.38,0,0.0,0.0
20251173,high,P2-R,a1ef47e98af5cf11e5db740b6d525e34b9d3be2fdc8b7ba269e780cb6a939590,0.0056022408963585435,0.002334267040149393,0.0,7,a1ef47e98af5cf11e5db740b6d525e34b9d3be2fdc8b7ba269e780cb6a939590,16205,15103,1102,0.931996,1911,938,973,0.490842,18116,16041,2075,0.88546,10686,728,4411,209,6,1,0,0,0,0,0.782609,0.1875,0.666667,2015.839,1323,381.875,2137.889
20251173,low,P0,a25fcdbc3f9304f734431c1ef2c818417e709fecfc4eacc56f836a0c3f5c16e9,0.0056022408963585435,0.002334267040149393,0.0,7,a25fcdbc3f9304f734431c1ef2c818417e709fecfc4eacc56f836a0c3f5c16e9,16205,14251,1954,0.87942,1357,119,1238,0.087693,17562,14370,3192,0.818244,10016,85,4230,34,5,0,0,0,0,0,0.523256,0.0,0.37037,4021.153,0,0.0,0.0
20251173,low,P2-R,a25fcdbc3f9304f734431c1ef2c818417e709fecfc4eacc56f836a0c3f5c16e9,0.0056022408963585435,0.002334267040149393,0.0,7,a25fcdbc3f9304f734431c1ef2c818417e709fecfc4eacc56f836a0c3f5c16e9,16205,15207,998,0.938414,1357,699,658,0.515107,17562,15906,1656,0.905706,10753,560,4449,138,5,1,0,0,0,0,0.818182,0.181818,0.695652,1804.024,1281,395.663,2147.755
